[2025-05-01 15:30:31] local.ERROR: Route [home] not defined. (View: C:\Users\USER\Desktop\Ostad Classes\PHP_BATCH6\M22_C3\blog-project\resources\views\layouts\app.blade.php) (View: C:\Users\USER\Desktop\Ostad Classes\PHP_BATCH6\M22_C3\blog-project\resources\views\layouts\app.blade.php) {"exception":"[object] (Illuminate\\View\\ViewException(code: 0): Route [home] not defined. (View: C:\\Users\\USER\\Desktop\\Ostad Classes\\PHP_BATCH6\\M22_C3\\blog-project\\resources\\views\\layouts\\app.blade.php) (View: C:\\Users\\USER\\Desktop\\Ostad Classes\\PHP_BATCH6\\M22_C3\\blog-project\\resources\\views\\layouts\\app.blade.php) at C:\\Users\\USER\\Desktop\\Ostad Classes\\PHP_BATCH6\\M22_C3\\blog-project\\vendor\\laravel\\framework\\src\\Illuminate\\Routing\\UrlGenerator.php:526)
[stacktrace]
#0 C:\\Users\\USER\\Desktop\\Ostad Classes\\PHP_BATCH6\\M22_C3\\blog-project\\vendor\\laravel\\framework\\src\\Illuminate\\View\\Engines\\PhpEngine.php(59): Illuminate\\View\\Engines\\CompilerEngine->handleViewException(Object(Illuminate\\View\\ViewException), 1)
#1 C:\\Users\\USER\\Desktop\\Ostad Classes\\PHP_BATCH6\\M22_C3\\blog-project\\vendor\\laravel\\framework\\src\\Illuminate\\View\\Engines\\CompilerEngine.php(74): Illuminate\\View\\Engines\\PhpEngine->evaluatePath('C:\\\\Users\\\\USER\\\\D...', Array)
#2 C:\\Users\\USER\\Desktop\\Ostad Classes\\PHP_BATCH6\\M22_C3\\blog-project\\vendor\\laravel\\framework\\src\\Illuminate\\View\\View.php(208): Illuminate\\View\\Engines\\CompilerEngine->get('C:\\\\Users\\\\USER\\\\D...', Array)
#3 C:\\Users\\USER\\Desktop\\Ostad Classes\\PHP_BATCH6\\M22_C3\\blog-project\\vendor\\laravel\\framework\\src\\Illuminate\\View\\View.php(191): Illuminate\\View\\View->getContents()
#4 C:\\Users\\USER\\Desktop\\Ostad Classes\\PHP_BATCH6\\M22_C3\\blog-project\\vendor\\laravel\\framework\\src\\Illuminate\\View\\View.php(160): Illuminate\\View\\View->renderContents()
#5 C:\\Users\\USER\\Desktop\\Ostad Classes\\PHP_BATCH6\\M22_C3\\blog-project\\vendor\\laravel\\framework\\src\\Illuminate\\Http\\Response.php(78): Illuminate\\View\\View->render()
#6 C:\\Users\\USER\\Desktop\\Ostad Classes\\PHP_BATCH6\\M22_C3\\blog-project\\vendor\\laravel\\framework\\src\\Illuminate\\Http\\Response.php(34): Illuminate\\Http\\Response->setContent(Object(Illuminate\\View\\View))
#7 C:\\Users\\USER\\Desktop\\Ostad Classes\\PHP_BATCH6\\M22_C3\\blog-project\\vendor\\laravel\\framework\\src\\Illuminate\\Routing\\Router.php(924): Illuminate\\Http\\Response->__construct(Object(Illuminate\\View\\View), 200, Array)
#8 C:\\Users\\USER\\Desktop\\Ostad Classes\\PHP_BATCH6\\M22_C3\\blog-project\\vendor\\laravel\\framework\\src\\Illuminate\\Routing\\Router.php(891): Illuminate\\Routing\\Router::toResponse(Object(Illuminate\\Http\\Request), Object(Illuminate\\View\\View))
#9 C:\\Users\\USER\\Desktop\\Ostad Classes\\PHP_BATCH6\\M22_C3\\blog-project\\vendor\\laravel\\framework\\src\\Illuminate\\Routing\\Router.php(807): Illuminate\\Routing\\Router->prepareResponse(Object(Illuminate\\Http\\Request), Object(Illuminate\\View\\View))
#10 C:\\Users\\USER\\Desktop\\Ostad Classes\\PHP_BATCH6\\M22_C3\\blog-project\\vendor\\laravel\\framework\\src\\Illuminate\\Pipeline\\Pipeline.php(169): Illuminate\\Routing\\Router->Illuminate\\Routing\\{closure}(Object(Illuminate\\Http\\Request))
#11 C:\\Users\\USER\\Desktop\\Ostad Classes\\PHP_BATCH6\\M22_C3\\blog-project\\vendor\\laravel\\framework\\src\\Illuminate\\Routing\\Middleware\\SubstituteBindings.php(50): Illuminate\\Pipeline\\Pipeline->Illuminate\\Pipeline\\{closure}(Object(Illuminate\\Http\\Request))
#12 C:\\Users\\USER\\Desktop\\Ostad Classes\\PHP_BATCH6\\M22_C3\\blog-project\\vendor\\laravel\\framework\\src\\Illuminate\\Pipeline\\Pipeline.php(208): Illuminate\\Routing\\Middleware\\SubstituteBindings->handle(Object(Illuminate\\Http\\Request), Object(Closure))
#13 C:\\Users\\USER\\Desktop\\Ostad Classes\\PHP_BATCH6\\M22_C3\\blog-project\\vendor\\laravel\\framework\\src\\Illuminate\\Foundation\\Http\\Middleware\\VerifyCsrfToken.php(87): Illuminate\\Pipeline\\Pipeline->Illuminate\\Pipeline\\{closure}(Object(Illuminate\\Http\\Request))
#14 C:\\Users\\USER\\Desktop\\Ostad Classes\\PHP_BATCH6\\M22_C3\\blog-project\\vendor\\laravel\\framework\\src\\Illuminate\\Pipeline\\Pipeline.php(208): Illuminate\\Foundation\\Http\\Middleware\\VerifyCsrfToken->handle(Object(Illuminate\\Http\\Request), Object(Closure))
#15 C:\\Users\\USER\\Desktop\\Ostad Classes\\PHP_BATCH6\\M22_C3\\blog-project\\vendor\\laravel\\framework\\src\\Illuminate\\View\\Middleware\\ShareErrorsFromSession.php(48): Illuminate\\Pipeline\\Pipeline->Illuminate\\Pipeline\\{closure}(Object(Illuminate\\Http\\Request))
#16 C:\\Users\\USER\\Desktop\\Ostad Classes\\PHP_BATCH6\\M22_C3\\blog-project\\vendor\\laravel\\framework\\src\\Illuminate\\Pipeline\\Pipeline.php(208): Illuminate\\View\\Middleware\\ShareErrorsFromSession->handle(Object(Illuminate\\Http\\Request), Object(Closure))
#17 C:\\Users\\USER\\Desktop\\Ostad Classes\\PHP_BATCH6\\M22_C3\\blog-project\\vendor\\laravel\\framework\\src\\Illuminate\\Session\\Middleware\\StartSession.php(120): Illuminate\\Pipeline\\Pipeline->Illuminate\\Pipeline\\{closure}(Object(Illuminate\\Http\\Request))
#18 C:\\Users\\USER\\Desktop\\Ostad Classes\\PHP_BATCH6\\M22_C3\\blog-project\\vendor\\laravel\\framework\\src\\Illuminate\\Session\\Middleware\\StartSession.php(63): Illuminate\\Session\\Middleware\\StartSession->handleStatefulRequest(Object(Illuminate\\Http\\Request), Object(Illuminate\\Session\\Store), Object(Closure))
#19 C:\\Users\\USER\\Desktop\\Ostad Classes\\PHP_BATCH6\\M22_C3\\blog-project\\vendor\\laravel\\framework\\src\\Illuminate\\Pipeline\\Pipeline.php(208): Illuminate\\Session\\Middleware\\StartSession->handle(Object(Illuminate\\Http\\Request), Object(Closure))
#20 C:\\Users\\USER\\Desktop\\Ostad Classes\\PHP_BATCH6\\M22_C3\\blog-project\\vendor\\laravel\\framework\\src\\Illuminate\\Cookie\\Middleware\\AddQueuedCookiesToResponse.php(36): Illuminate\\Pipeline\\Pipeline->Illuminate\\Pipeline\\{closure}(Object(Illuminate\\Http\\Request))
#21 C:\\Users\\USER\\Desktop\\Ostad Classes\\PHP_BATCH6\\M22_C3\\blog-project\\vendor\\laravel\\framework\\src\\Illuminate\\Pipeline\\Pipeline.php(208): Illuminate\\Cookie\\Middleware\\AddQueuedCookiesToResponse->handle(Object(Illuminate\\Http\\Request), Object(Closure))
#22 C:\\Users\\USER\\Desktop\\Ostad Classes\\PHP_BATCH6\\M22_C3\\blog-project\\vendor\\laravel\\framework\\src\\Illuminate\\Cookie\\Middleware\\EncryptCookies.php(74): Illuminate\\Pipeline\\Pipeline->Illuminate\\Pipeline\\{closure}(Object(Illuminate\\Http\\Request))
#23 C:\\Users\\USER\\Desktop\\Ostad Classes\\PHP_BATCH6\\M22_C3\\blog-project\\vendor\\laravel\\framework\\src\\Illuminate\\Pipeline\\Pipeline.php(208): Illuminate\\Cookie\\Middleware\\EncryptCookies->handle(Object(Illuminate\\Http\\Request), Object(Closure))
#24 C:\\Users\\USER\\Desktop\\Ostad Classes\\PHP_BATCH6\\M22_C3\\blog-project\\vendor\\laravel\\framework\\src\\Illuminate\\Pipeline\\Pipeline.php(126): Illuminate\\Pipeline\\Pipeline->Illuminate\\Pipeline\\{closure}(Object(Illuminate\\Http\\Request))
#25 C:\\Users\\USER\\Desktop\\Ostad Classes\\PHP_BATCH6\\M22_C3\\blog-project\\vendor\\laravel\\framework\\src\\Illuminate\\Routing\\Router.php(807): Illuminate\\Pipeline\\Pipeline->then(Object(Closure))
#26 C:\\Users\\USER\\Desktop\\Ostad Classes\\PHP_BATCH6\\M22_C3\\blog-project\\vendor\\laravel\\framework\\src\\Illuminate\\Routing\\Router.php(786): Illuminate\\Routing\\Router->runRouteWithinStack(Object(Illuminate\\Routing\\Route), Object(Illuminate\\Http\\Request))
#27 C:\\Users\\USER\\Desktop\\Ostad Classes\\PHP_BATCH6\\M22_C3\\blog-project\\vendor\\laravel\\framework\\src\\Illuminate\\Routing\\Router.php(750): Illuminate\\Routing\\Router->runRoute(Object(Illuminate\\Http\\Request), Object(Illuminate\\Routing\\Route))
#28 C:\\Users\\USER\\Desktop\\Ostad Classes\\PHP_BATCH6\\M22_C3\\blog-project\\vendor\\laravel\\framework\\src\\Illuminate\\Routing\\Router.php(739): Illuminate\\Routing\\Router->dispatchToRoute(Object(Illuminate\\Http\\Request))
#29 C:\\Users\\USER\\Desktop\\Ostad Classes\\PHP_BATCH6\\M22_C3\\blog-project\\vendor\\laravel\\framework\\src\\Illuminate\\Foundation\\Http\\Kernel.php(200): Illuminate\\Routing\\Router->dispatch(Object(Illuminate\\Http\\Request))
#30 C:\\Users\\USER\\Desktop\\Ostad Classes\\PHP_BATCH6\\M22_C3\\blog-project\\vendor\\laravel\\framework\\src\\Illuminate\\Pipeline\\Pipeline.php(169): Illuminate\\Foundation\\Http\\Kernel->Illuminate\\Foundation\\Http\\{closure}(Object(Illuminate\\Http\\Request))
#31 C:\\Users\\USER\\Desktop\\Ostad Classes\\PHP_BATCH6\\M22_C3\\blog-project\\vendor\\laravel\\framework\\src\\Illuminate\\Foundation\\Http\\Middleware\\TransformsRequest.php(21): Illuminate\\Pipeline\\Pipeline->Illuminate\\Pipeline\\{closure}(Object(Illuminate\\Http\\Request))
#32 C:\\Users\\USER\\Desktop\\Ostad Classes\\PHP_BATCH6\\M22_C3\\blog-project\\vendor\\laravel\\framework\\src\\Illuminate\\Foundation\\Http\\Middleware\\ConvertEmptyStringsToNull.php(31): Illuminate\\Foundation\\Http\\Middleware\\TransformsRequest->handle(Object(Illuminate\\Http\\Request), Object(Closure))
#33 C:\\Users\\USER\\Desktop\\Ostad Classes\\PHP_BATCH6\\M22_C3\\blog-project\\vendor\\laravel\\framework\\src\\Illuminate\\Pipeline\\Pipeline.php(208): Illuminate\\Foundation\\Http\\Middleware\\ConvertEmptyStringsToNull->handle(Object(Illuminate\\Http\\Request), Object(Closure))
#34 C:\\Users\\USER\\Desktop\\Ostad Classes\\PHP_BATCH6\\M22_C3\\blog-project\\vendor\\laravel\\framework\\src\\Illuminate\\Foundation\\Http\\Middleware\\TransformsRequest.php(21): Illuminate\\Pipeline\\Pipeline->Illuminate\\Pipeline\\{closure}(Object(Illuminate\\Http\\Request))
#35 C:\\Users\\USER\\Desktop\\Ostad Classes\\PHP_BATCH6\\M22_C3\\blog-project\\vendor\\laravel\\framework\\src\\Illuminate\\Foundation\\Http\\Middleware\\TrimStrings.php(51): Illuminate\\Foundation\\Http\\Middleware\\TransformsRequest->handle(Object(Illuminate\\Http\\Request), Object(Closure))
#36 C:\\Users\\USER\\Desktop\\Ostad Classes\\PHP_BATCH6\\M22_C3\\blog-project\\vendor\\laravel\\framework\\src\\Illuminate\\Pipeline\\Pipeline.php(208): Illuminate\\Foundation\\Http\\Middleware\\TrimStrings->handle(Object(Illuminate\\Http\\Request), Object(Closure))
#37 C:\\Users\\USER\\Desktop\\Ostad Classes\\PHP_BATCH6\\M22_C3\\blog-project\\vendor\\laravel\\framework\\src\\Illuminate\\Http\\Middleware\\ValidatePostSize.php(27): Illuminate\\Pipeline\\Pipeline->Illuminate\\Pipeline\\{closure}(Object(Illuminate\\Http\\Request))
#38 C:\\Users\\USER\\Desktop\\Ostad Classes\\PHP_BATCH6\\M22_C3\\blog-project\\vendor\\laravel\\framework\\src\\Illuminate\\Pipeline\\Pipeline.php(208): Illuminate\\Http\\Middleware\\ValidatePostSize->handle(Object(Illuminate\\Http\\Request), Object(Closure))
#39 C:\\Users\\USER\\Desktop\\Ostad Classes\\PHP_BATCH6\\M22_C3\\blog-project\\vendor\\laravel\\framework\\src\\Illuminate\\Foundation\\Http\\Middleware\\PreventRequestsDuringMaintenance.php(109): Illuminate\\Pipeline\\Pipeline->Illuminate\\Pipeline\\{closure}(Object(Illuminate\\Http\\Request))
#40 C:\\Users\\USER\\Desktop\\Ostad Classes\\PHP_BATCH6\\M22_C3\\blog-project\\vendor\\laravel\\framework\\src\\Illuminate\\Pipeline\\Pipeline.php(208): Illuminate\\Foundation\\Http\\Middleware\\PreventRequestsDuringMaintenance->handle(Object(Illuminate\\Http\\Request), Object(Closure))
#41 C:\\Users\\USER\\Desktop\\Ostad Classes\\PHP_BATCH6\\M22_C3\\blog-project\\vendor\\laravel\\framework\\src\\Illuminate\\Http\\Middleware\\HandleCors.php(48): Illuminate\\Pipeline\\Pipeline->Illuminate\\Pipeline\\{closure}(Object(Illuminate\\Http\\Request))
#42 C:\\Users\\USER\\Desktop\\Ostad Classes\\PHP_BATCH6\\M22_C3\\blog-project\\vendor\\laravel\\framework\\src\\Illuminate\\Pipeline\\Pipeline.php(208): Illuminate\\Http\\Middleware\\HandleCors->handle(Object(Illuminate\\Http\\Request), Object(Closure))
#43 C:\\Users\\USER\\Desktop\\Ostad Classes\\PHP_BATCH6\\M22_C3\\blog-project\\vendor\\laravel\\framework\\src\\Illuminate\\Http\\Middleware\\TrustProxies.php(58): Illuminate\\Pipeline\\Pipeline->Illuminate\\Pipeline\\{closure}(Object(Illuminate\\Http\\Request))
#44 C:\\Users\\USER\\Desktop\\Ostad Classes\\PHP_BATCH6\\M22_C3\\blog-project\\vendor\\laravel\\framework\\src\\Illuminate\\Pipeline\\Pipeline.php(208): Illuminate\\Http\\Middleware\\TrustProxies->handle(Object(Illuminate\\Http\\Request), Object(Closure))
#45 C:\\Users\\USER\\Desktop\\Ostad Classes\\PHP_BATCH6\\M22_C3\\blog-project\\vendor\\laravel\\framework\\src\\Illuminate\\Foundation\\Http\\Middleware\\InvokeDeferredCallbacks.php(22): Illuminate\\Pipeline\\Pipeline->Illuminate\\Pipeline\\{closure}(Object(Illuminate\\Http\\Request))
#46 C:\\Users\\USER\\Desktop\\Ostad Classes\\PHP_BATCH6\\M22_C3\\blog-project\\vendor\\laravel\\framework\\src\\Illuminate\\Pipeline\\Pipeline.php(208): Illuminate\\Foundation\\Http\\Middleware\\InvokeDeferredCallbacks->handle(Object(Illuminate\\Http\\Request), Object(Closure))
#47 C:\\Users\\USER\\Desktop\\Ostad Classes\\PHP_BATCH6\\M22_C3\\blog-project\\vendor\\laravel\\framework\\src\\Illuminate\\Http\\Middleware\\ValidatePathEncoding.php(26): Illuminate\\Pipeline\\Pipeline->Illuminate\\Pipeline\\{closure}(Object(Illuminate\\Http\\Request))
#48 C:\\Users\\USER\\Desktop\\Ostad Classes\\PHP_BATCH6\\M22_C3\\blog-project\\vendor\\laravel\\framework\\src\\Illuminate\\Pipeline\\Pipeline.php(208): Illuminate\\Http\\Middleware\\ValidatePathEncoding->handle(Object(Illuminate\\Http\\Request), Object(Closure))
#49 C:\\Users\\USER\\Desktop\\Ostad Classes\\PHP_BATCH6\\M22_C3\\blog-project\\vendor\\laravel\\framework\\src\\Illuminate\\Pipeline\\Pipeline.php(126): Illuminate\\Pipeline\\Pipeline->Illuminate\\Pipeline\\{closure}(Object(Illuminate\\Http\\Request))
#50 C:\\Users\\USER\\Desktop\\Ostad Classes\\PHP_BATCH6\\M22_C3\\blog-project\\vendor\\laravel\\framework\\src\\Illuminate\\Foundation\\Http\\Kernel.php(175): Illuminate\\Pipeline\\Pipeline->then(Object(Closure))
#51 C:\\Users\\USER\\Desktop\\Ostad Classes\\PHP_BATCH6\\M22_C3\\blog-project\\vendor\\laravel\\framework\\src\\Illuminate\\Foundation\\Http\\Kernel.php(144): Illuminate\\Foundation\\Http\\Kernel->sendRequestThroughRouter(Object(Illuminate\\Http\\Request))
#52 C:\\Users\\USER\\Desktop\\Ostad Classes\\PHP_BATCH6\\M22_C3\\blog-project\\vendor\\laravel\\framework\\src\\Illuminate\\Foundation\\Application.php(1219): Illuminate\\Foundation\\Http\\Kernel->handle(Object(Illuminate\\Http\\Request))
#53 C:\\Users\\USER\\Desktop\\Ostad Classes\\PHP_BATCH6\\M22_C3\\blog-project\\public\\index.php(20): Illuminate\\Foundation\\Application->handleRequest(Object(Illuminate\\Http\\Request))
#54 C:\\Users\\USER\\Desktop\\Ostad Classes\\PHP_BATCH6\\M22_C3\\blog-project\\vendor\\laravel\\framework\\src\\Illuminate\\Foundation\\resources\\server.php(23): require_once('C:\\\\Users\\\\USER\\\\D...')
#55 {main}

[previous exception] [object] (Illuminate\\View\\ViewException(code: 0): Route [home] not defined. (View: C:\\Users\\USER\\Desktop\\Ostad Classes\\PHP_BATCH6\\M22_C3\\blog-project\\resources\\views\\layouts\\app.blade.php) at C:\\Users\\USER\\Desktop\\Ostad Classes\\PHP_BATCH6\\M22_C3\\blog-project\\vendor\\laravel\\framework\\src\\Illuminate\\Routing\\UrlGenerator.php:526)
[stacktrace]
#0 C:\\Users\\USER\\Desktop\\Ostad Classes\\PHP_BATCH6\\M22_C3\\blog-project\\vendor\\laravel\\framework\\src\\Illuminate\\View\\Engines\\PhpEngine.php(59): Illuminate\\View\\Engines\\CompilerEngine->handleViewException(Object(Symfony\\Component\\Routing\\Exception\\RouteNotFoundException), 2)
#1 C:\\Users\\USER\\Desktop\\Ostad Classes\\PHP_BATCH6\\M22_C3\\blog-project\\vendor\\laravel\\framework\\src\\Illuminate\\View\\Engines\\CompilerEngine.php(74): Illuminate\\View\\Engines\\PhpEngine->evaluatePath('C:\\\\Users\\\\USER\\\\D...', Array)
#2 C:\\Users\\USER\\Desktop\\Ostad Classes\\PHP_BATCH6\\M22_C3\\blog-project\\vendor\\laravel\\framework\\src\\Illuminate\\View\\View.php(208): Illuminate\\View\\Engines\\CompilerEngine->get('C:\\\\Users\\\\USER\\\\D...', Array)
#3 C:\\Users\\USER\\Desktop\\Ostad Classes\\PHP_BATCH6\\M22_C3\\blog-project\\vendor\\laravel\\framework\\src\\Illuminate\\View\\View.php(191): Illuminate\\View\\View->getContents()
#4 C:\\Users\\USER\\Desktop\\Ostad Classes\\PHP_BATCH6\\M22_C3\\blog-project\\vendor\\laravel\\framework\\src\\Illuminate\\View\\View.php(160): Illuminate\\View\\View->renderContents()
#5 C:\\Users\\USER\\Desktop\\Ostad Classes\\PHP_BATCH6\\M22_C3\\blog-project\\storage\\framework\\views\\557e407e3270750b28e2bcc6080971f0.php(117): Illuminate\\View\\View->render()
#6 C:\\Users\\USER\\Desktop\\Ostad Classes\\PHP_BATCH6\\M22_C3\\blog-project\\vendor\\laravel\\framework\\src\\Illuminate\\Filesystem\\Filesystem.php(123): require('C:\\\\Users\\\\USER\\\\D...')
#7 C:\\Users\\USER\\Desktop\\Ostad Classes\\PHP_BATCH6\\M22_C3\\blog-project\\vendor\\laravel\\framework\\src\\Illuminate\\Filesystem\\Filesystem.php(124): Illuminate\\Filesystem\\Filesystem::Illuminate\\Filesystem\\{closure}()
#8 C:\\Users\\USER\\Desktop\\Ostad Classes\\PHP_BATCH6\\M22_C3\\blog-project\\vendor\\laravel\\framework\\src\\Illuminate\\View\\Engines\\PhpEngine.php(57): Illuminate\\Filesystem\\Filesystem->getRequire('C:\\\\Users\\\\USER\\\\D...', Array)
#9 C:\\Users\\USER\\Desktop\\Ostad Classes\\PHP_BATCH6\\M22_C3\\blog-project\\vendor\\laravel\\framework\\src\\Illuminate\\View\\Engines\\CompilerEngine.php(74): Illuminate\\View\\Engines\\PhpEngine->evaluatePath('C:\\\\Users\\\\USER\\\\D...', Array)
#10 C:\\Users\\USER\\Desktop\\Ostad Classes\\PHP_BATCH6\\M22_C3\\blog-project\\vendor\\laravel\\framework\\src\\Illuminate\\View\\View.php(208): Illuminate\\View\\Engines\\CompilerEngine->get('C:\\\\Users\\\\USER\\\\D...', Array)
#11 C:\\Users\\USER\\Desktop\\Ostad Classes\\PHP_BATCH6\\M22_C3\\blog-project\\vendor\\laravel\\framework\\src\\Illuminate\\View\\View.php(191): Illuminate\\View\\View->getContents()
#12 C:\\Users\\USER\\Desktop\\Ostad Classes\\PHP_BATCH6\\M22_C3\\blog-project\\vendor\\laravel\\framework\\src\\Illuminate\\View\\View.php(160): Illuminate\\View\\View->renderContents()
#13 C:\\Users\\USER\\Desktop\\Ostad Classes\\PHP_BATCH6\\M22_C3\\blog-project\\vendor\\laravel\\framework\\src\\Illuminate\\Http\\Response.php(78): Illuminate\\View\\View->render()
#14 C:\\Users\\USER\\Desktop\\Ostad Classes\\PHP_BATCH6\\M22_C3\\blog-project\\vendor\\laravel\\framework\\src\\Illuminate\\Http\\Response.php(34): Illuminate\\Http\\Response->setContent(Object(Illuminate\\View\\View))
#15 C:\\Users\\USER\\Desktop\\Ostad Classes\\PHP_BATCH6\\M22_C3\\blog-project\\vendor\\laravel\\framework\\src\\Illuminate\\Routing\\Router.php(924): Illuminate\\Http\\Response->__construct(Object(Illuminate\\View\\View), 200, Array)
#16 C:\\Users\\USER\\Desktop\\Ostad Classes\\PHP_BATCH6\\M22_C3\\blog-project\\vendor\\laravel\\framework\\src\\Illuminate\\Routing\\Router.php(891): Illuminate\\Routing\\Router::toResponse(Object(Illuminate\\Http\\Request), Object(Illuminate\\View\\View))
#17 C:\\Users\\USER\\Desktop\\Ostad Classes\\PHP_BATCH6\\M22_C3\\blog-project\\vendor\\laravel\\framework\\src\\Illuminate\\Routing\\Router.php(807): Illuminate\\Routing\\Router->prepareResponse(Object(Illuminate\\Http\\Request), Object(Illuminate\\View\\View))
#18 C:\\Users\\USER\\Desktop\\Ostad Classes\\PHP_BATCH6\\M22_C3\\blog-project\\vendor\\laravel\\framework\\src\\Illuminate\\Pipeline\\Pipeline.php(169): Illuminate\\Routing\\Router->Illuminate\\Routing\\{closure}(Object(Illuminate\\Http\\Request))
#19 C:\\Users\\USER\\Desktop\\Ostad Classes\\PHP_BATCH6\\M22_C3\\blog-project\\vendor\\laravel\\framework\\src\\Illuminate\\Routing\\Middleware\\SubstituteBindings.php(50): Illuminate\\Pipeline\\Pipeline->Illuminate\\Pipeline\\{closure}(Object(Illuminate\\Http\\Request))
#20 C:\\Users\\USER\\Desktop\\Ostad Classes\\PHP_BATCH6\\M22_C3\\blog-project\\vendor\\laravel\\framework\\src\\Illuminate\\Pipeline\\Pipeline.php(208): Illuminate\\Routing\\Middleware\\SubstituteBindings->handle(Object(Illuminate\\Http\\Request), Object(Closure))
#21 C:\\Users\\USER\\Desktop\\Ostad Classes\\PHP_BATCH6\\M22_C3\\blog-project\\vendor\\laravel\\framework\\src\\Illuminate\\Foundation\\Http\\Middleware\\VerifyCsrfToken.php(87): Illuminate\\Pipeline\\Pipeline->Illuminate\\Pipeline\\{closure}(Object(Illuminate\\Http\\Request))
#22 C:\\Users\\USER\\Desktop\\Ostad Classes\\PHP_BATCH6\\M22_C3\\blog-project\\vendor\\laravel\\framework\\src\\Illuminate\\Pipeline\\Pipeline.php(208): Illuminate\\Foundation\\Http\\Middleware\\VerifyCsrfToken->handle(Object(Illuminate\\Http\\Request), Object(Closure))
#23 C:\\Users\\USER\\Desktop\\Ostad Classes\\PHP_BATCH6\\M22_C3\\blog-project\\vendor\\laravel\\framework\\src\\Illuminate\\View\\Middleware\\ShareErrorsFromSession.php(48): Illuminate\\Pipeline\\Pipeline->Illuminate\\Pipeline\\{closure}(Object(Illuminate\\Http\\Request))
#24 C:\\Users\\USER\\Desktop\\Ostad Classes\\PHP_BATCH6\\M22_C3\\blog-project\\vendor\\laravel\\framework\\src\\Illuminate\\Pipeline\\Pipeline.php(208): Illuminate\\View\\Middleware\\ShareErrorsFromSession->handle(Object(Illuminate\\Http\\Request), Object(Closure))
#25 C:\\Users\\USER\\Desktop\\Ostad Classes\\PHP_BATCH6\\M22_C3\\blog-project\\vendor\\laravel\\framework\\src\\Illuminate\\Session\\Middleware\\StartSession.php(120): Illuminate\\Pipeline\\Pipeline->Illuminate\\Pipeline\\{closure}(Object(Illuminate\\Http\\Request))
#26 C:\\Users\\USER\\Desktop\\Ostad Classes\\PHP_BATCH6\\M22_C3\\blog-project\\vendor\\laravel\\framework\\src\\Illuminate\\Session\\Middleware\\StartSession.php(63): Illuminate\\Session\\Middleware\\StartSession->handleStatefulRequest(Object(Illuminate\\Http\\Request), Object(Illuminate\\Session\\Store), Object(Closure))
#27 C:\\Users\\USER\\Desktop\\Ostad Classes\\PHP_BATCH6\\M22_C3\\blog-project\\vendor\\laravel\\framework\\src\\Illuminate\\Pipeline\\Pipeline.php(208): Illuminate\\Session\\Middleware\\StartSession->handle(Object(Illuminate\\Http\\Request), Object(Closure))
#28 C:\\Users\\USER\\Desktop\\Ostad Classes\\PHP_BATCH6\\M22_C3\\blog-project\\vendor\\laravel\\framework\\src\\Illuminate\\Cookie\\Middleware\\AddQueuedCookiesToResponse.php(36): Illuminate\\Pipeline\\Pipeline->Illuminate\\Pipeline\\{closure}(Object(Illuminate\\Http\\Request))
#29 C:\\Users\\USER\\Desktop\\Ostad Classes\\PHP_BATCH6\\M22_C3\\blog-project\\vendor\\laravel\\framework\\src\\Illuminate\\Pipeline\\Pipeline.php(208): Illuminate\\Cookie\\Middleware\\AddQueuedCookiesToResponse->handle(Object(Illuminate\\Http\\Request), Object(Closure))
#30 C:\\Users\\USER\\Desktop\\Ostad Classes\\PHP_BATCH6\\M22_C3\\blog-project\\vendor\\laravel\\framework\\src\\Illuminate\\Cookie\\Middleware\\EncryptCookies.php(74): Illuminate\\Pipeline\\Pipeline->Illuminate\\Pipeline\\{closure}(Object(Illuminate\\Http\\Request))
#31 C:\\Users\\USER\\Desktop\\Ostad Classes\\PHP_BATCH6\\M22_C3\\blog-project\\vendor\\laravel\\framework\\src\\Illuminate\\Pipeline\\Pipeline.php(208): Illuminate\\Cookie\\Middleware\\EncryptCookies->handle(Object(Illuminate\\Http\\Request), Object(Closure))
#32 C:\\Users\\USER\\Desktop\\Ostad Classes\\PHP_BATCH6\\M22_C3\\blog-project\\vendor\\laravel\\framework\\src\\Illuminate\\Pipeline\\Pipeline.php(126): Illuminate\\Pipeline\\Pipeline->Illuminate\\Pipeline\\{closure}(Object(Illuminate\\Http\\Request))
#33 C:\\Users\\USER\\Desktop\\Ostad Classes\\PHP_BATCH6\\M22_C3\\blog-project\\vendor\\laravel\\framework\\src\\Illuminate\\Routing\\Router.php(807): Illuminate\\Pipeline\\Pipeline->then(Object(Closure))
#34 C:\\Users\\USER\\Desktop\\Ostad Classes\\PHP_BATCH6\\M22_C3\\blog-project\\vendor\\laravel\\framework\\src\\Illuminate\\Routing\\Router.php(786): Illuminate\\Routing\\Router->runRouteWithinStack(Object(Illuminate\\Routing\\Route), Object(Illuminate\\Http\\Request))
#35 C:\\Users\\USER\\Desktop\\Ostad Classes\\PHP_BATCH6\\M22_C3\\blog-project\\vendor\\laravel\\framework\\src\\Illuminate\\Routing\\Router.php(750): Illuminate\\Routing\\Router->runRoute(Object(Illuminate\\Http\\Request), Object(Illuminate\\Routing\\Route))
#36 C:\\Users\\USER\\Desktop\\Ostad Classes\\PHP_BATCH6\\M22_C3\\blog-project\\vendor\\laravel\\framework\\src\\Illuminate\\Routing\\Router.php(739): Illuminate\\Routing\\Router->dispatchToRoute(Object(Illuminate\\Http\\Request))
#37 C:\\Users\\USER\\Desktop\\Ostad Classes\\PHP_BATCH6\\M22_C3\\blog-project\\vendor\\laravel\\framework\\src\\Illuminate\\Foundation\\Http\\Kernel.php(200): Illuminate\\Routing\\Router->dispatch(Object(Illuminate\\Http\\Request))
#38 C:\\Users\\USER\\Desktop\\Ostad Classes\\PHP_BATCH6\\M22_C3\\blog-project\\vendor\\laravel\\framework\\src\\Illuminate\\Pipeline\\Pipeline.php(169): Illuminate\\Foundation\\Http\\Kernel->Illuminate\\Foundation\\Http\\{closure}(Object(Illuminate\\Http\\Request))
#39 C:\\Users\\USER\\Desktop\\Ostad Classes\\PHP_BATCH6\\M22_C3\\blog-project\\vendor\\laravel\\framework\\src\\Illuminate\\Foundation\\Http\\Middleware\\TransformsRequest.php(21): Illuminate\\Pipeline\\Pipeline->Illuminate\\Pipeline\\{closure}(Object(Illuminate\\Http\\Request))
#40 C:\\Users\\USER\\Desktop\\Ostad Classes\\PHP_BATCH6\\M22_C3\\blog-project\\vendor\\laravel\\framework\\src\\Illuminate\\Foundation\\Http\\Middleware\\ConvertEmptyStringsToNull.php(31): Illuminate\\Foundation\\Http\\Middleware\\TransformsRequest->handle(Object(Illuminate\\Http\\Request), Object(Closure))
#41 C:\\Users\\USER\\Desktop\\Ostad Classes\\PHP_BATCH6\\M22_C3\\blog-project\\vendor\\laravel\\framework\\src\\Illuminate\\Pipeline\\Pipeline.php(208): Illuminate\\Foundation\\Http\\Middleware\\ConvertEmptyStringsToNull->handle(Object(Illuminate\\Http\\Request), Object(Closure))
#42 C:\\Users\\USER\\Desktop\\Ostad Classes\\PHP_BATCH6\\M22_C3\\blog-project\\vendor\\laravel\\framework\\src\\Illuminate\\Foundation\\Http\\Middleware\\TransformsRequest.php(21): Illuminate\\Pipeline\\Pipeline->Illuminate\\Pipeline\\{closure}(Object(Illuminate\\Http\\Request))
#43 C:\\Users\\USER\\Desktop\\Ostad Classes\\PHP_BATCH6\\M22_C3\\blog-project\\vendor\\laravel\\framework\\src\\Illuminate\\Foundation\\Http\\Middleware\\TrimStrings.php(51): Illuminate\\Foundation\\Http\\Middleware\\TransformsRequest->handle(Object(Illuminate\\Http\\Request), Object(Closure))
#44 C:\\Users\\USER\\Desktop\\Ostad Classes\\PHP_BATCH6\\M22_C3\\blog-project\\vendor\\laravel\\framework\\src\\Illuminate\\Pipeline\\Pipeline.php(208): Illuminate\\Foundation\\Http\\Middleware\\TrimStrings->handle(Object(Illuminate\\Http\\Request), Object(Closure))
#45 C:\\Users\\USER\\Desktop\\Ostad Classes\\PHP_BATCH6\\M22_C3\\blog-project\\vendor\\laravel\\framework\\src\\Illuminate\\Http\\Middleware\\ValidatePostSize.php(27): Illuminate\\Pipeline\\Pipeline->Illuminate\\Pipeline\\{closure}(Object(Illuminate\\Http\\Request))
#46 C:\\Users\\USER\\Desktop\\Ostad Classes\\PHP_BATCH6\\M22_C3\\blog-project\\vendor\\laravel\\framework\\src\\Illuminate\\Pipeline\\Pipeline.php(208): Illuminate\\Http\\Middleware\\ValidatePostSize->handle(Object(Illuminate\\Http\\Request), Object(Closure))
#47 C:\\Users\\USER\\Desktop\\Ostad Classes\\PHP_BATCH6\\M22_C3\\blog-project\\vendor\\laravel\\framework\\src\\Illuminate\\Foundation\\Http\\Middleware\\PreventRequestsDuringMaintenance.php(109): Illuminate\\Pipeline\\Pipeline->Illuminate\\Pipeline\\{closure}(Object(Illuminate\\Http\\Request))
#48 C:\\Users\\USER\\Desktop\\Ostad Classes\\PHP_BATCH6\\M22_C3\\blog-project\\vendor\\laravel\\framework\\src\\Illuminate\\Pipeline\\Pipeline.php(208): Illuminate\\Foundation\\Http\\Middleware\\PreventRequestsDuringMaintenance->handle(Object(Illuminate\\Http\\Request), Object(Closure))
#49 C:\\Users\\USER\\Desktop\\Ostad Classes\\PHP_BATCH6\\M22_C3\\blog-project\\vendor\\laravel\\framework\\src\\Illuminate\\Http\\Middleware\\HandleCors.php(48): Illuminate\\Pipeline\\Pipeline->Illuminate\\Pipeline\\{closure}(Object(Illuminate\\Http\\Request))
#50 C:\\Users\\USER\\Desktop\\Ostad Classes\\PHP_BATCH6\\M22_C3\\blog-project\\vendor\\laravel\\framework\\src\\Illuminate\\Pipeline\\Pipeline.php(208): Illuminate\\Http\\Middleware\\HandleCors->handle(Object(Illuminate\\Http\\Request), Object(Closure))
#51 C:\\Users\\USER\\Desktop\\Ostad Classes\\PHP_BATCH6\\M22_C3\\blog-project\\vendor\\laravel\\framework\\src\\Illuminate\\Http\\Middleware\\TrustProxies.php(58): Illuminate\\Pipeline\\Pipeline->Illuminate\\Pipeline\\{closure}(Object(Illuminate\\Http\\Request))
#52 C:\\Users\\USER\\Desktop\\Ostad Classes\\PHP_BATCH6\\M22_C3\\blog-project\\vendor\\laravel\\framework\\src\\Illuminate\\Pipeline\\Pipeline.php(208): Illuminate\\Http\\Middleware\\TrustProxies->handle(Object(Illuminate\\Http\\Request), Object(Closure))
#53 C:\\Users\\USER\\Desktop\\Ostad Classes\\PHP_BATCH6\\M22_C3\\blog-project\\vendor\\laravel\\framework\\src\\Illuminate\\Foundation\\Http\\Middleware\\InvokeDeferredCallbacks.php(22): Illuminate\\Pipeline\\Pipeline->Illuminate\\Pipeline\\{closure}(Object(Illuminate\\Http\\Request))
#54 C:\\Users\\USER\\Desktop\\Ostad Classes\\PHP_BATCH6\\M22_C3\\blog-project\\vendor\\laravel\\framework\\src\\Illuminate\\Pipeline\\Pipeline.php(208): Illuminate\\Foundation\\Http\\Middleware\\InvokeDeferredCallbacks->handle(Object(Illuminate\\Http\\Request), Object(Closure))
#55 C:\\Users\\USER\\Desktop\\Ostad Classes\\PHP_BATCH6\\M22_C3\\blog-project\\vendor\\laravel\\framework\\src\\Illuminate\\Http\\Middleware\\ValidatePathEncoding.php(26): Illuminate\\Pipeline\\Pipeline->Illuminate\\Pipeline\\{closure}(Object(Illuminate\\Http\\Request))
#56 C:\\Users\\USER\\Desktop\\Ostad Classes\\PHP_BATCH6\\M22_C3\\blog-project\\vendor\\laravel\\framework\\src\\Illuminate\\Pipeline\\Pipeline.php(208): Illuminate\\Http\\Middleware\\ValidatePathEncoding->handle(Object(Illuminate\\Http\\Request), Object(Closure))
#57 C:\\Users\\USER\\Desktop\\Ostad Classes\\PHP_BATCH6\\M22_C3\\blog-project\\vendor\\laravel\\framework\\src\\Illuminate\\Pipeline\\Pipeline.php(126): Illuminate\\Pipeline\\Pipeline->Illuminate\\Pipeline\\{closure}(Object(Illuminate\\Http\\Request))
#58 C:\\Users\\USER\\Desktop\\Ostad Classes\\PHP_BATCH6\\M22_C3\\blog-project\\vendor\\laravel\\framework\\src\\Illuminate\\Foundation\\Http\\Kernel.php(175): Illuminate\\Pipeline\\Pipeline->then(Object(Closure))
#59 C:\\Users\\USER\\Desktop\\Ostad Classes\\PHP_BATCH6\\M22_C3\\blog-project\\vendor\\laravel\\framework\\src\\Illuminate\\Foundation\\Http\\Kernel.php(144): Illuminate\\Foundation\\Http\\Kernel->sendRequestThroughRouter(Object(Illuminate\\Http\\Request))
#60 C:\\Users\\USER\\Desktop\\Ostad Classes\\PHP_BATCH6\\M22_C3\\blog-project\\vendor\\laravel\\framework\\src\\Illuminate\\Foundation\\Application.php(1219): Illuminate\\Foundation\\Http\\Kernel->handle(Object(Illuminate\\Http\\Request))
#61 C:\\Users\\USER\\Desktop\\Ostad Classes\\PHP_BATCH6\\M22_C3\\blog-project\\public\\index.php(20): Illuminate\\Foundation\\Application->handleRequest(Object(Illuminate\\Http\\Request))
#62 C:\\Users\\USER\\Desktop\\Ostad Classes\\PHP_BATCH6\\M22_C3\\blog-project\\vendor\\laravel\\framework\\src\\Illuminate\\Foundation\\resources\\server.php(23): require_once('C:\\\\Users\\\\USER\\\\D...')
#63 {main}

[previous exception] [object] (Symfony\\Component\\Routing\\Exception\\RouteNotFoundException(code: 0): Route [home] not defined. at C:\\Users\\USER\\Desktop\\Ostad Classes\\PHP_BATCH6\\M22_C3\\blog-project\\vendor\\laravel\\framework\\src\\Illuminate\\Routing\\UrlGenerator.php:526)
[stacktrace]
#0 C:\\Users\\USER\\Desktop\\Ostad Classes\\PHP_BATCH6\\M22_C3\\blog-project\\vendor\\laravel\\framework\\src\\Illuminate\\Foundation\\helpers.php(856): Illuminate\\Routing\\UrlGenerator->route('home', Array, true)
#1 C:\\Users\\USER\\Desktop\\Ostad Classes\\PHP_BATCH6\\M22_C3\\blog-project\\storage\\framework\\views\\1a93b155306aa4424c92d585e4ade980.php(14): route('home')
#2 C:\\Users\\USER\\Desktop\\Ostad Classes\\PHP_BATCH6\\M22_C3\\blog-project\\vendor\\laravel\\framework\\src\\Illuminate\\Filesystem\\Filesystem.php(123): require('C:\\\\Users\\\\USER\\\\D...')
#3 C:\\Users\\USER\\Desktop\\Ostad Classes\\PHP_BATCH6\\M22_C3\\blog-project\\vendor\\laravel\\framework\\src\\Illuminate\\Filesystem\\Filesystem.php(124): Illuminate\\Filesystem\\Filesystem::Illuminate\\Filesystem\\{closure}()
#4 C:\\Users\\USER\\Desktop\\Ostad Classes\\PHP_BATCH6\\M22_C3\\blog-project\\vendor\\laravel\\framework\\src\\Illuminate\\View\\Engines\\PhpEngine.php(57): Illuminate\\Filesystem\\Filesystem->getRequire('C:\\\\Users\\\\USER\\\\D...', Array)
#5 C:\\Users\\USER\\Desktop\\Ostad Classes\\PHP_BATCH6\\M22_C3\\blog-project\\vendor\\laravel\\framework\\src\\Illuminate\\View\\Engines\\CompilerEngine.php(74): Illuminate\\View\\Engines\\PhpEngine->evaluatePath('C:\\\\Users\\\\USER\\\\D...', Array)
#6 C:\\Users\\USER\\Desktop\\Ostad Classes\\PHP_BATCH6\\M22_C3\\blog-project\\vendor\\laravel\\framework\\src\\Illuminate\\View\\View.php(208): Illuminate\\View\\Engines\\CompilerEngine->get('C:\\\\Users\\\\USER\\\\D...', Array)
#7 C:\\Users\\USER\\Desktop\\Ostad Classes\\PHP_BATCH6\\M22_C3\\blog-project\\vendor\\laravel\\framework\\src\\Illuminate\\View\\View.php(191): Illuminate\\View\\View->getContents()
#8 C:\\Users\\USER\\Desktop\\Ostad Classes\\PHP_BATCH6\\M22_C3\\blog-project\\vendor\\laravel\\framework\\src\\Illuminate\\View\\View.php(160): Illuminate\\View\\View->renderContents()
#9 C:\\Users\\USER\\Desktop\\Ostad Classes\\PHP_BATCH6\\M22_C3\\blog-project\\storage\\framework\\views\\557e407e3270750b28e2bcc6080971f0.php(117): Illuminate\\View\\View->render()
#10 C:\\Users\\USER\\Desktop\\Ostad Classes\\PHP_BATCH6\\M22_C3\\blog-project\\vendor\\laravel\\framework\\src\\Illuminate\\Filesystem\\Filesystem.php(123): require('C:\\\\Users\\\\USER\\\\D...')
#11 C:\\Users\\USER\\Desktop\\Ostad Classes\\PHP_BATCH6\\M22_C3\\blog-project\\vendor\\laravel\\framework\\src\\Illuminate\\Filesystem\\Filesystem.php(124): Illuminate\\Filesystem\\Filesystem::Illuminate\\Filesystem\\{closure}()
#12 C:\\Users\\USER\\Desktop\\Ostad Classes\\PHP_BATCH6\\M22_C3\\blog-project\\vendor\\laravel\\framework\\src\\Illuminate\\View\\Engines\\PhpEngine.php(57): Illuminate\\Filesystem\\Filesystem->getRequire('C:\\\\Users\\\\USER\\\\D...', Array)
#13 C:\\Users\\USER\\Desktop\\Ostad Classes\\PHP_BATCH6\\M22_C3\\blog-project\\vendor\\laravel\\framework\\src\\Illuminate\\View\\Engines\\CompilerEngine.php(74): Illuminate\\View\\Engines\\PhpEngine->evaluatePath('C:\\\\Users\\\\USER\\\\D...', Array)
#14 C:\\Users\\USER\\Desktop\\Ostad Classes\\PHP_BATCH6\\M22_C3\\blog-project\\vendor\\laravel\\framework\\src\\Illuminate\\View\\View.php(208): Illuminate\\View\\Engines\\CompilerEngine->get('C:\\\\Users\\\\USER\\\\D...', Array)
#15 C:\\Users\\USER\\Desktop\\Ostad Classes\\PHP_BATCH6\\M22_C3\\blog-project\\vendor\\laravel\\framework\\src\\Illuminate\\View\\View.php(191): Illuminate\\View\\View->getContents()
#16 C:\\Users\\USER\\Desktop\\Ostad Classes\\PHP_BATCH6\\M22_C3\\blog-project\\vendor\\laravel\\framework\\src\\Illuminate\\View\\View.php(160): Illuminate\\View\\View->renderContents()
#17 C:\\Users\\USER\\Desktop\\Ostad Classes\\PHP_BATCH6\\M22_C3\\blog-project\\vendor\\laravel\\framework\\src\\Illuminate\\Http\\Response.php(78): Illuminate\\View\\View->render()
#18 C:\\Users\\USER\\Desktop\\Ostad Classes\\PHP_BATCH6\\M22_C3\\blog-project\\vendor\\laravel\\framework\\src\\Illuminate\\Http\\Response.php(34): Illuminate\\Http\\Response->setContent(Object(Illuminate\\View\\View))
#19 C:\\Users\\USER\\Desktop\\Ostad Classes\\PHP_BATCH6\\M22_C3\\blog-project\\vendor\\laravel\\framework\\src\\Illuminate\\Routing\\Router.php(924): Illuminate\\Http\\Response->__construct(Object(Illuminate\\View\\View), 200, Array)
#20 C:\\Users\\USER\\Desktop\\Ostad Classes\\PHP_BATCH6\\M22_C3\\blog-project\\vendor\\laravel\\framework\\src\\Illuminate\\Routing\\Router.php(891): Illuminate\\Routing\\Router::toResponse(Object(Illuminate\\Http\\Request), Object(Illuminate\\View\\View))
#21 C:\\Users\\USER\\Desktop\\Ostad Classes\\PHP_BATCH6\\M22_C3\\blog-project\\vendor\\laravel\\framework\\src\\Illuminate\\Routing\\Router.php(807): Illuminate\\Routing\\Router->prepareResponse(Object(Illuminate\\Http\\Request), Object(Illuminate\\View\\View))
#22 C:\\Users\\USER\\Desktop\\Ostad Classes\\PHP_BATCH6\\M22_C3\\blog-project\\vendor\\laravel\\framework\\src\\Illuminate\\Pipeline\\Pipeline.php(169): Illuminate\\Routing\\Router->Illuminate\\Routing\\{closure}(Object(Illuminate\\Http\\Request))
#23 C:\\Users\\USER\\Desktop\\Ostad Classes\\PHP_BATCH6\\M22_C3\\blog-project\\vendor\\laravel\\framework\\src\\Illuminate\\Routing\\Middleware\\SubstituteBindings.php(50): Illuminate\\Pipeline\\Pipeline->Illuminate\\Pipeline\\{closure}(Object(Illuminate\\Http\\Request))
#24 C:\\Users\\USER\\Desktop\\Ostad Classes\\PHP_BATCH6\\M22_C3\\blog-project\\vendor\\laravel\\framework\\src\\Illuminate\\Pipeline\\Pipeline.php(208): Illuminate\\Routing\\Middleware\\SubstituteBindings->handle(Object(Illuminate\\Http\\Request), Object(Closure))
#25 C:\\Users\\USER\\Desktop\\Ostad Classes\\PHP_BATCH6\\M22_C3\\blog-project\\vendor\\laravel\\framework\\src\\Illuminate\\Foundation\\Http\\Middleware\\VerifyCsrfToken.php(87): Illuminate\\Pipeline\\Pipeline->Illuminate\\Pipeline\\{closure}(Object(Illuminate\\Http\\Request))
#26 C:\\Users\\USER\\Desktop\\Ostad Classes\\PHP_BATCH6\\M22_C3\\blog-project\\vendor\\laravel\\framework\\src\\Illuminate\\Pipeline\\Pipeline.php(208): Illuminate\\Foundation\\Http\\Middleware\\VerifyCsrfToken->handle(Object(Illuminate\\Http\\Request), Object(Closure))
#27 C:\\Users\\USER\\Desktop\\Ostad Classes\\PHP_BATCH6\\M22_C3\\blog-project\\vendor\\laravel\\framework\\src\\Illuminate\\View\\Middleware\\ShareErrorsFromSession.php(48): Illuminate\\Pipeline\\Pipeline->Illuminate\\Pipeline\\{closure}(Object(Illuminate\\Http\\Request))
#28 C:\\Users\\USER\\Desktop\\Ostad Classes\\PHP_BATCH6\\M22_C3\\blog-project\\vendor\\laravel\\framework\\src\\Illuminate\\Pipeline\\Pipeline.php(208): Illuminate\\View\\Middleware\\ShareErrorsFromSession->handle(Object(Illuminate\\Http\\Request), Object(Closure))
#29 C:\\Users\\USER\\Desktop\\Ostad Classes\\PHP_BATCH6\\M22_C3\\blog-project\\vendor\\laravel\\framework\\src\\Illuminate\\Session\\Middleware\\StartSession.php(120): Illuminate\\Pipeline\\Pipeline->Illuminate\\Pipeline\\{closure}(Object(Illuminate\\Http\\Request))
#30 C:\\Users\\USER\\Desktop\\Ostad Classes\\PHP_BATCH6\\M22_C3\\blog-project\\vendor\\laravel\\framework\\src\\Illuminate\\Session\\Middleware\\StartSession.php(63): Illuminate\\Session\\Middleware\\StartSession->handleStatefulRequest(Object(Illuminate\\Http\\Request), Object(Illuminate\\Session\\Store), Object(Closure))
#31 C:\\Users\\USER\\Desktop\\Ostad Classes\\PHP_BATCH6\\M22_C3\\blog-project\\vendor\\laravel\\framework\\src\\Illuminate\\Pipeline\\Pipeline.php(208): Illuminate\\Session\\Middleware\\StartSession->handle(Object(Illuminate\\Http\\Request), Object(Closure))
#32 C:\\Users\\USER\\Desktop\\Ostad Classes\\PHP_BATCH6\\M22_C3\\blog-project\\vendor\\laravel\\framework\\src\\Illuminate\\Cookie\\Middleware\\AddQueuedCookiesToResponse.php(36): Illuminate\\Pipeline\\Pipeline->Illuminate\\Pipeline\\{closure}(Object(Illuminate\\Http\\Request))
#33 C:\\Users\\USER\\Desktop\\Ostad Classes\\PHP_BATCH6\\M22_C3\\blog-project\\vendor\\laravel\\framework\\src\\Illuminate\\Pipeline\\Pipeline.php(208): Illuminate\\Cookie\\Middleware\\AddQueuedCookiesToResponse->handle(Object(Illuminate\\Http\\Request), Object(Closure))
#34 C:\\Users\\USER\\Desktop\\Ostad Classes\\PHP_BATCH6\\M22_C3\\blog-project\\vendor\\laravel\\framework\\src\\Illuminate\\Cookie\\Middleware\\EncryptCookies.php(74): Illuminate\\Pipeline\\Pipeline->Illuminate\\Pipeline\\{closure}(Object(Illuminate\\Http\\Request))
#35 C:\\Users\\USER\\Desktop\\Ostad Classes\\PHP_BATCH6\\M22_C3\\blog-project\\vendor\\laravel\\framework\\src\\Illuminate\\Pipeline\\Pipeline.php(208): Illuminate\\Cookie\\Middleware\\EncryptCookies->handle(Object(Illuminate\\Http\\Request), Object(Closure))
#36 C:\\Users\\USER\\Desktop\\Ostad Classes\\PHP_BATCH6\\M22_C3\\blog-project\\vendor\\laravel\\framework\\src\\Illuminate\\Pipeline\\Pipeline.php(126): Illuminate\\Pipeline\\Pipeline->Illuminate\\Pipeline\\{closure}(Object(Illuminate\\Http\\Request))
#37 C:\\Users\\USER\\Desktop\\Ostad Classes\\PHP_BATCH6\\M22_C3\\blog-project\\vendor\\laravel\\framework\\src\\Illuminate\\Routing\\Router.php(807): Illuminate\\Pipeline\\Pipeline->then(Object(Closure))
#38 C:\\Users\\USER\\Desktop\\Ostad Classes\\PHP_BATCH6\\M22_C3\\blog-project\\vendor\\laravel\\framework\\src\\Illuminate\\Routing\\Router.php(786): Illuminate\\Routing\\Router->runRouteWithinStack(Object(Illuminate\\Routing\\Route), Object(Illuminate\\Http\\Request))
#39 C:\\Users\\USER\\Desktop\\Ostad Classes\\PHP_BATCH6\\M22_C3\\blog-project\\vendor\\laravel\\framework\\src\\Illuminate\\Routing\\Router.php(750): Illuminate\\Routing\\Router->runRoute(Object(Illuminate\\Http\\Request), Object(Illuminate\\Routing\\Route))
#40 C:\\Users\\USER\\Desktop\\Ostad Classes\\PHP_BATCH6\\M22_C3\\blog-project\\vendor\\laravel\\framework\\src\\Illuminate\\Routing\\Router.php(739): Illuminate\\Routing\\Router->dispatchToRoute(Object(Illuminate\\Http\\Request))
#41 C:\\Users\\USER\\Desktop\\Ostad Classes\\PHP_BATCH6\\M22_C3\\blog-project\\vendor\\laravel\\framework\\src\\Illuminate\\Foundation\\Http\\Kernel.php(200): Illuminate\\Routing\\Router->dispatch(Object(Illuminate\\Http\\Request))
#42 C:\\Users\\USER\\Desktop\\Ostad Classes\\PHP_BATCH6\\M22_C3\\blog-project\\vendor\\laravel\\framework\\src\\Illuminate\\Pipeline\\Pipeline.php(169): Illuminate\\Foundation\\Http\\Kernel->Illuminate\\Foundation\\Http\\{closure}(Object(Illuminate\\Http\\Request))
#43 C:\\Users\\USER\\Desktop\\Ostad Classes\\PHP_BATCH6\\M22_C3\\blog-project\\vendor\\laravel\\framework\\src\\Illuminate\\Foundation\\Http\\Middleware\\TransformsRequest.php(21): Illuminate\\Pipeline\\Pipeline->Illuminate\\Pipeline\\{closure}(Object(Illuminate\\Http\\Request))
#44 C:\\Users\\USER\\Desktop\\Ostad Classes\\PHP_BATCH6\\M22_C3\\blog-project\\vendor\\laravel\\framework\\src\\Illuminate\\Foundation\\Http\\Middleware\\ConvertEmptyStringsToNull.php(31): Illuminate\\Foundation\\Http\\Middleware\\TransformsRequest->handle(Object(Illuminate\\Http\\Request), Object(Closure))
#45 C:\\Users\\USER\\Desktop\\Ostad Classes\\PHP_BATCH6\\M22_C3\\blog-project\\vendor\\laravel\\framework\\src\\Illuminate\\Pipeline\\Pipeline.php(208): Illuminate\\Foundation\\Http\\Middleware\\ConvertEmptyStringsToNull->handle(Object(Illuminate\\Http\\Request), Object(Closure))
#46 C:\\Users\\USER\\Desktop\\Ostad Classes\\PHP_BATCH6\\M22_C3\\blog-project\\vendor\\laravel\\framework\\src\\Illuminate\\Foundation\\Http\\Middleware\\TransformsRequest.php(21): Illuminate\\Pipeline\\Pipeline->Illuminate\\Pipeline\\{closure}(Object(Illuminate\\Http\\Request))
#47 C:\\Users\\USER\\Desktop\\Ostad Classes\\PHP_BATCH6\\M22_C3\\blog-project\\vendor\\laravel\\framework\\src\\Illuminate\\Foundation\\Http\\Middleware\\TrimStrings.php(51): Illuminate\\Foundation\\Http\\Middleware\\TransformsRequest->handle(Object(Illuminate\\Http\\Request), Object(Closure))
#48 C:\\Users\\USER\\Desktop\\Ostad Classes\\PHP_BATCH6\\M22_C3\\blog-project\\vendor\\laravel\\framework\\src\\Illuminate\\Pipeline\\Pipeline.php(208): Illuminate\\Foundation\\Http\\Middleware\\TrimStrings->handle(Object(Illuminate\\Http\\Request), Object(Closure))
#49 C:\\Users\\USER\\Desktop\\Ostad Classes\\PHP_BATCH6\\M22_C3\\blog-project\\vendor\\laravel\\framework\\src\\Illuminate\\Http\\Middleware\\ValidatePostSize.php(27): Illuminate\\Pipeline\\Pipeline->Illuminate\\Pipeline\\{closure}(Object(Illuminate\\Http\\Request))
#50 C:\\Users\\USER\\Desktop\\Ostad Classes\\PHP_BATCH6\\M22_C3\\blog-project\\vendor\\laravel\\framework\\src\\Illuminate\\Pipeline\\Pipeline.php(208): Illuminate\\Http\\Middleware\\ValidatePostSize->handle(Object(Illuminate\\Http\\Request), Object(Closure))
#51 C:\\Users\\USER\\Desktop\\Ostad Classes\\PHP_BATCH6\\M22_C3\\blog-project\\vendor\\laravel\\framework\\src\\Illuminate\\Foundation\\Http\\Middleware\\PreventRequestsDuringMaintenance.php(109): Illuminate\\Pipeline\\Pipeline->Illuminate\\Pipeline\\{closure}(Object(Illuminate\\Http\\Request))
#52 C:\\Users\\USER\\Desktop\\Ostad Classes\\PHP_BATCH6\\M22_C3\\blog-project\\vendor\\laravel\\framework\\src\\Illuminate\\Pipeline\\Pipeline.php(208): Illuminate\\Foundation\\Http\\Middleware\\PreventRequestsDuringMaintenance->handle(Object(Illuminate\\Http\\Request), Object(Closure))
#53 C:\\Users\\USER\\Desktop\\Ostad Classes\\PHP_BATCH6\\M22_C3\\blog-project\\vendor\\laravel\\framework\\src\\Illuminate\\Http\\Middleware\\HandleCors.php(48): Illuminate\\Pipeline\\Pipeline->Illuminate\\Pipeline\\{closure}(Object(Illuminate\\Http\\Request))
#54 C:\\Users\\USER\\Desktop\\Ostad Classes\\PHP_BATCH6\\M22_C3\\blog-project\\vendor\\laravel\\framework\\src\\Illuminate\\Pipeline\\Pipeline.php(208): Illuminate\\Http\\Middleware\\HandleCors->handle(Object(Illuminate\\Http\\Request), Object(Closure))
#55 C:\\Users\\USER\\Desktop\\Ostad Classes\\PHP_BATCH6\\M22_C3\\blog-project\\vendor\\laravel\\framework\\src\\Illuminate\\Http\\Middleware\\TrustProxies.php(58): Illuminate\\Pipeline\\Pipeline->Illuminate\\Pipeline\\{closure}(Object(Illuminate\\Http\\Request))
#56 C:\\Users\\USER\\Desktop\\Ostad Classes\\PHP_BATCH6\\M22_C3\\blog-project\\vendor\\laravel\\framework\\src\\Illuminate\\Pipeline\\Pipeline.php(208): Illuminate\\Http\\Middleware\\TrustProxies->handle(Object(Illuminate\\Http\\Request), Object(Closure))
#57 C:\\Users\\USER\\Desktop\\Ostad Classes\\PHP_BATCH6\\M22_C3\\blog-project\\vendor\\laravel\\framework\\src\\Illuminate\\Foundation\\Http\\Middleware\\InvokeDeferredCallbacks.php(22): Illuminate\\Pipeline\\Pipeline->Illuminate\\Pipeline\\{closure}(Object(Illuminate\\Http\\Request))
#58 C:\\Users\\USER\\Desktop\\Ostad Classes\\PHP_BATCH6\\M22_C3\\blog-project\\vendor\\laravel\\framework\\src\\Illuminate\\Pipeline\\Pipeline.php(208): Illuminate\\Foundation\\Http\\Middleware\\InvokeDeferredCallbacks->handle(Object(Illuminate\\Http\\Request), Object(Closure))
#59 C:\\Users\\USER\\Desktop\\Ostad Classes\\PHP_BATCH6\\M22_C3\\blog-project\\vendor\\laravel\\framework\\src\\Illuminate\\Http\\Middleware\\ValidatePathEncoding.php(26): Illuminate\\Pipeline\\Pipeline->Illuminate\\Pipeline\\{closure}(Object(Illuminate\\Http\\Request))
#60 C:\\Users\\USER\\Desktop\\Ostad Classes\\PHP_BATCH6\\M22_C3\\blog-project\\vendor\\laravel\\framework\\src\\Illuminate\\Pipeline\\Pipeline.php(208): Illuminate\\Http\\Middleware\\ValidatePathEncoding->handle(Object(Illuminate\\Http\\Request), Object(Closure))
#61 C:\\Users\\USER\\Desktop\\Ostad Classes\\PHP_BATCH6\\M22_C3\\blog-project\\vendor\\laravel\\framework\\src\\Illuminate\\Pipeline\\Pipeline.php(126): Illuminate\\Pipeline\\Pipeline->Illuminate\\Pipeline\\{closure}(Object(Illuminate\\Http\\Request))
#62 C:\\Users\\USER\\Desktop\\Ostad Classes\\PHP_BATCH6\\M22_C3\\blog-project\\vendor\\laravel\\framework\\src\\Illuminate\\Foundation\\Http\\Kernel.php(175): Illuminate\\Pipeline\\Pipeline->then(Object(Closure))
#63 C:\\Users\\USER\\Desktop\\Ostad Classes\\PHP_BATCH6\\M22_C3\\blog-project\\vendor\\laravel\\framework\\src\\Illuminate\\Foundation\\Http\\Kernel.php(144): Illuminate\\Foundation\\Http\\Kernel->sendRequestThroughRouter(Object(Illuminate\\Http\\Request))
#64 C:\\Users\\USER\\Desktop\\Ostad Classes\\PHP_BATCH6\\M22_C3\\blog-project\\vendor\\laravel\\framework\\src\\Illuminate\\Foundation\\Application.php(1219): Illuminate\\Foundation\\Http\\Kernel->handle(Object(Illuminate\\Http\\Request))
#65 C:\\Users\\USER\\Desktop\\Ostad Classes\\PHP_BATCH6\\M22_C3\\blog-project\\public\\index.php(20): Illuminate\\Foundation\\Application->handleRequest(Object(Illuminate\\Http\\Request))
#66 C:\\Users\\USER\\Desktop\\Ostad Classes\\PHP_BATCH6\\M22_C3\\blog-project\\vendor\\laravel\\framework\\src\\Illuminate\\Foundation\\resources\\server.php(23): require_once('C:\\\\Users\\\\USER\\\\D...')
#67 {main}
"} 
[2025-05-01 15:32:32] local.ERROR: Illuminate\Http\Request::Illuminate\Foundation\Providers\{closure}(): Argument #1 ($rules) must be of type array, Illuminate\Http\Request given, called in C:\Users\USER\Desktop\Ostad Classes\PHP_BATCH6\M22_C3\blog-project\vendor\laravel\framework\src\Illuminate\Macroable\Traits\Macroable.php on line 126 {"exception":"[object] (TypeError(code: 0): Illuminate\\Http\\Request::Illuminate\\Foundation\\Providers\\{closure}(): Argument #1 ($rules) must be of type array, Illuminate\\Http\\Request given, called in C:\\Users\\USER\\Desktop\\Ostad Classes\\PHP_BATCH6\\M22_C3\\blog-project\\vendor\\laravel\\framework\\src\\Illuminate\\Macroable\\Traits\\Macroable.php on line 126 at C:\\Users\\USER\\Desktop\\Ostad Classes\\PHP_BATCH6\\M22_C3\\blog-project\\vendor\\laravel\\framework\\src\\Illuminate\\Foundation\\Providers\\FoundationServiceProvider.php:147)
[stacktrace]
#0 C:\\Users\\USER\\Desktop\\Ostad Classes\\PHP_BATCH6\\M22_C3\\blog-project\\vendor\\laravel\\framework\\src\\Illuminate\\Macroable\\Traits\\Macroable.php(126): Illuminate\\Http\\Request->Illuminate\\Foundation\\Providers\\{closure}(Object(Illuminate\\Http\\Request), Array)
#1 C:\\Users\\USER\\Desktop\\Ostad Classes\\PHP_BATCH6\\M22_C3\\blog-project\\app\\Http\\Controllers\\AuthController.php(20): Illuminate\\Http\\Request->__call('validate', Array)
#2 C:\\Users\\USER\\Desktop\\Ostad Classes\\PHP_BATCH6\\M22_C3\\blog-project\\vendor\\laravel\\framework\\src\\Illuminate\\Routing\\ControllerDispatcher.php(46): App\\Http\\Controllers\\AuthController->register(Object(Illuminate\\Http\\Request))
#3 C:\\Users\\USER\\Desktop\\Ostad Classes\\PHP_BATCH6\\M22_C3\\blog-project\\vendor\\laravel\\framework\\src\\Illuminate\\Routing\\Route.php(265): Illuminate\\Routing\\ControllerDispatcher->dispatch(Object(Illuminate\\Routing\\Route), Object(App\\Http\\Controllers\\AuthController), 'register')
#4 C:\\Users\\USER\\Desktop\\Ostad Classes\\PHP_BATCH6\\M22_C3\\blog-project\\vendor\\laravel\\framework\\src\\Illuminate\\Routing\\Route.php(211): Illuminate\\Routing\\Route->runController()
#5 C:\\Users\\USER\\Desktop\\Ostad Classes\\PHP_BATCH6\\M22_C3\\blog-project\\vendor\\laravel\\framework\\src\\Illuminate\\Routing\\Router.php(808): Illuminate\\Routing\\Route->run()
#6 C:\\Users\\USER\\Desktop\\Ostad Classes\\PHP_BATCH6\\M22_C3\\blog-project\\vendor\\laravel\\framework\\src\\Illuminate\\Pipeline\\Pipeline.php(169): Illuminate\\Routing\\Router->Illuminate\\Routing\\{closure}(Object(Illuminate\\Http\\Request))
#7 C:\\Users\\USER\\Desktop\\Ostad Classes\\PHP_BATCH6\\M22_C3\\blog-project\\vendor\\laravel\\framework\\src\\Illuminate\\Routing\\Middleware\\SubstituteBindings.php(50): Illuminate\\Pipeline\\Pipeline->Illuminate\\Pipeline\\{closure}(Object(Illuminate\\Http\\Request))
#8 C:\\Users\\USER\\Desktop\\Ostad Classes\\PHP_BATCH6\\M22_C3\\blog-project\\vendor\\laravel\\framework\\src\\Illuminate\\Pipeline\\Pipeline.php(208): Illuminate\\Routing\\Middleware\\SubstituteBindings->handle(Object(Illuminate\\Http\\Request), Object(Closure))
#9 C:\\Users\\USER\\Desktop\\Ostad Classes\\PHP_BATCH6\\M22_C3\\blog-project\\vendor\\laravel\\framework\\src\\Illuminate\\Foundation\\Http\\Middleware\\VerifyCsrfToken.php(87): Illuminate\\Pipeline\\Pipeline->Illuminate\\Pipeline\\{closure}(Object(Illuminate\\Http\\Request))
#10 C:\\Users\\USER\\Desktop\\Ostad Classes\\PHP_BATCH6\\M22_C3\\blog-project\\vendor\\laravel\\framework\\src\\Illuminate\\Pipeline\\Pipeline.php(208): Illuminate\\Foundation\\Http\\Middleware\\VerifyCsrfToken->handle(Object(Illuminate\\Http\\Request), Object(Closure))
#11 C:\\Users\\USER\\Desktop\\Ostad Classes\\PHP_BATCH6\\M22_C3\\blog-project\\vendor\\laravel\\framework\\src\\Illuminate\\View\\Middleware\\ShareErrorsFromSession.php(48): Illuminate\\Pipeline\\Pipeline->Illuminate\\Pipeline\\{closure}(Object(Illuminate\\Http\\Request))
#12 C:\\Users\\USER\\Desktop\\Ostad Classes\\PHP_BATCH6\\M22_C3\\blog-project\\vendor\\laravel\\framework\\src\\Illuminate\\Pipeline\\Pipeline.php(208): Illuminate\\View\\Middleware\\ShareErrorsFromSession->handle(Object(Illuminate\\Http\\Request), Object(Closure))
#13 C:\\Users\\USER\\Desktop\\Ostad Classes\\PHP_BATCH6\\M22_C3\\blog-project\\vendor\\laravel\\framework\\src\\Illuminate\\Session\\Middleware\\StartSession.php(120): Illuminate\\Pipeline\\Pipeline->Illuminate\\Pipeline\\{closure}(Object(Illuminate\\Http\\Request))
#14 C:\\Users\\USER\\Desktop\\Ostad Classes\\PHP_BATCH6\\M22_C3\\blog-project\\vendor\\laravel\\framework\\src\\Illuminate\\Session\\Middleware\\StartSession.php(63): Illuminate\\Session\\Middleware\\StartSession->handleStatefulRequest(Object(Illuminate\\Http\\Request), Object(Illuminate\\Session\\Store), Object(Closure))
#15 C:\\Users\\USER\\Desktop\\Ostad Classes\\PHP_BATCH6\\M22_C3\\blog-project\\vendor\\laravel\\framework\\src\\Illuminate\\Pipeline\\Pipeline.php(208): Illuminate\\Session\\Middleware\\StartSession->handle(Object(Illuminate\\Http\\Request), Object(Closure))
#16 C:\\Users\\USER\\Desktop\\Ostad Classes\\PHP_BATCH6\\M22_C3\\blog-project\\vendor\\laravel\\framework\\src\\Illuminate\\Cookie\\Middleware\\AddQueuedCookiesToResponse.php(36): Illuminate\\Pipeline\\Pipeline->Illuminate\\Pipeline\\{closure}(Object(Illuminate\\Http\\Request))
#17 C:\\Users\\USER\\Desktop\\Ostad Classes\\PHP_BATCH6\\M22_C3\\blog-project\\vendor\\laravel\\framework\\src\\Illuminate\\Pipeline\\Pipeline.php(208): Illuminate\\Cookie\\Middleware\\AddQueuedCookiesToResponse->handle(Object(Illuminate\\Http\\Request), Object(Closure))
#18 C:\\Users\\USER\\Desktop\\Ostad Classes\\PHP_BATCH6\\M22_C3\\blog-project\\vendor\\laravel\\framework\\src\\Illuminate\\Cookie\\Middleware\\EncryptCookies.php(74): Illuminate\\Pipeline\\Pipeline->Illuminate\\Pipeline\\{closure}(Object(Illuminate\\Http\\Request))
#19 C:\\Users\\USER\\Desktop\\Ostad Classes\\PHP_BATCH6\\M22_C3\\blog-project\\vendor\\laravel\\framework\\src\\Illuminate\\Pipeline\\Pipeline.php(208): Illuminate\\Cookie\\Middleware\\EncryptCookies->handle(Object(Illuminate\\Http\\Request), Object(Closure))
#20 C:\\Users\\USER\\Desktop\\Ostad Classes\\PHP_BATCH6\\M22_C3\\blog-project\\vendor\\laravel\\framework\\src\\Illuminate\\Pipeline\\Pipeline.php(126): Illuminate\\Pipeline\\Pipeline->Illuminate\\Pipeline\\{closure}(Object(Illuminate\\Http\\Request))
#21 C:\\Users\\USER\\Desktop\\Ostad Classes\\PHP_BATCH6\\M22_C3\\blog-project\\vendor\\laravel\\framework\\src\\Illuminate\\Routing\\Router.php(807): Illuminate\\Pipeline\\Pipeline->then(Object(Closure))
#22 C:\\Users\\USER\\Desktop\\Ostad Classes\\PHP_BATCH6\\M22_C3\\blog-project\\vendor\\laravel\\framework\\src\\Illuminate\\Routing\\Router.php(786): Illuminate\\Routing\\Router->runRouteWithinStack(Object(Illuminate\\Routing\\Route), Object(Illuminate\\Http\\Request))
#23 C:\\Users\\USER\\Desktop\\Ostad Classes\\PHP_BATCH6\\M22_C3\\blog-project\\vendor\\laravel\\framework\\src\\Illuminate\\Routing\\Router.php(750): Illuminate\\Routing\\Router->runRoute(Object(Illuminate\\Http\\Request), Object(Illuminate\\Routing\\Route))
#24 C:\\Users\\USER\\Desktop\\Ostad Classes\\PHP_BATCH6\\M22_C3\\blog-project\\vendor\\laravel\\framework\\src\\Illuminate\\Routing\\Router.php(739): Illuminate\\Routing\\Router->dispatchToRoute(Object(Illuminate\\Http\\Request))
#25 C:\\Users\\USER\\Desktop\\Ostad Classes\\PHP_BATCH6\\M22_C3\\blog-project\\vendor\\laravel\\framework\\src\\Illuminate\\Foundation\\Http\\Kernel.php(200): Illuminate\\Routing\\Router->dispatch(Object(Illuminate\\Http\\Request))
#26 C:\\Users\\USER\\Desktop\\Ostad Classes\\PHP_BATCH6\\M22_C3\\blog-project\\vendor\\laravel\\framework\\src\\Illuminate\\Pipeline\\Pipeline.php(169): Illuminate\\Foundation\\Http\\Kernel->Illuminate\\Foundation\\Http\\{closure}(Object(Illuminate\\Http\\Request))
#27 C:\\Users\\USER\\Desktop\\Ostad Classes\\PHP_BATCH6\\M22_C3\\blog-project\\vendor\\laravel\\framework\\src\\Illuminate\\Foundation\\Http\\Middleware\\TransformsRequest.php(21): Illuminate\\Pipeline\\Pipeline->Illuminate\\Pipeline\\{closure}(Object(Illuminate\\Http\\Request))
#28 C:\\Users\\USER\\Desktop\\Ostad Classes\\PHP_BATCH6\\M22_C3\\blog-project\\vendor\\laravel\\framework\\src\\Illuminate\\Foundation\\Http\\Middleware\\ConvertEmptyStringsToNull.php(31): Illuminate\\Foundation\\Http\\Middleware\\TransformsRequest->handle(Object(Illuminate\\Http\\Request), Object(Closure))
#29 C:\\Users\\USER\\Desktop\\Ostad Classes\\PHP_BATCH6\\M22_C3\\blog-project\\vendor\\laravel\\framework\\src\\Illuminate\\Pipeline\\Pipeline.php(208): Illuminate\\Foundation\\Http\\Middleware\\ConvertEmptyStringsToNull->handle(Object(Illuminate\\Http\\Request), Object(Closure))
#30 C:\\Users\\USER\\Desktop\\Ostad Classes\\PHP_BATCH6\\M22_C3\\blog-project\\vendor\\laravel\\framework\\src\\Illuminate\\Foundation\\Http\\Middleware\\TransformsRequest.php(21): Illuminate\\Pipeline\\Pipeline->Illuminate\\Pipeline\\{closure}(Object(Illuminate\\Http\\Request))
#31 C:\\Users\\USER\\Desktop\\Ostad Classes\\PHP_BATCH6\\M22_C3\\blog-project\\vendor\\laravel\\framework\\src\\Illuminate\\Foundation\\Http\\Middleware\\TrimStrings.php(51): Illuminate\\Foundation\\Http\\Middleware\\TransformsRequest->handle(Object(Illuminate\\Http\\Request), Object(Closure))
#32 C:\\Users\\USER\\Desktop\\Ostad Classes\\PHP_BATCH6\\M22_C3\\blog-project\\vendor\\laravel\\framework\\src\\Illuminate\\Pipeline\\Pipeline.php(208): Illuminate\\Foundation\\Http\\Middleware\\TrimStrings->handle(Object(Illuminate\\Http\\Request), Object(Closure))
#33 C:\\Users\\USER\\Desktop\\Ostad Classes\\PHP_BATCH6\\M22_C3\\blog-project\\vendor\\laravel\\framework\\src\\Illuminate\\Http\\Middleware\\ValidatePostSize.php(27): Illuminate\\Pipeline\\Pipeline->Illuminate\\Pipeline\\{closure}(Object(Illuminate\\Http\\Request))
#34 C:\\Users\\USER\\Desktop\\Ostad Classes\\PHP_BATCH6\\M22_C3\\blog-project\\vendor\\laravel\\framework\\src\\Illuminate\\Pipeline\\Pipeline.php(208): Illuminate\\Http\\Middleware\\ValidatePostSize->handle(Object(Illuminate\\Http\\Request), Object(Closure))
#35 C:\\Users\\USER\\Desktop\\Ostad Classes\\PHP_BATCH6\\M22_C3\\blog-project\\vendor\\laravel\\framework\\src\\Illuminate\\Foundation\\Http\\Middleware\\PreventRequestsDuringMaintenance.php(109): Illuminate\\Pipeline\\Pipeline->Illuminate\\Pipeline\\{closure}(Object(Illuminate\\Http\\Request))
#36 C:\\Users\\USER\\Desktop\\Ostad Classes\\PHP_BATCH6\\M22_C3\\blog-project\\vendor\\laravel\\framework\\src\\Illuminate\\Pipeline\\Pipeline.php(208): Illuminate\\Foundation\\Http\\Middleware\\PreventRequestsDuringMaintenance->handle(Object(Illuminate\\Http\\Request), Object(Closure))
#37 C:\\Users\\USER\\Desktop\\Ostad Classes\\PHP_BATCH6\\M22_C3\\blog-project\\vendor\\laravel\\framework\\src\\Illuminate\\Http\\Middleware\\HandleCors.php(48): Illuminate\\Pipeline\\Pipeline->Illuminate\\Pipeline\\{closure}(Object(Illuminate\\Http\\Request))
#38 C:\\Users\\USER\\Desktop\\Ostad Classes\\PHP_BATCH6\\M22_C3\\blog-project\\vendor\\laravel\\framework\\src\\Illuminate\\Pipeline\\Pipeline.php(208): Illuminate\\Http\\Middleware\\HandleCors->handle(Object(Illuminate\\Http\\Request), Object(Closure))
#39 C:\\Users\\USER\\Desktop\\Ostad Classes\\PHP_BATCH6\\M22_C3\\blog-project\\vendor\\laravel\\framework\\src\\Illuminate\\Http\\Middleware\\TrustProxies.php(58): Illuminate\\Pipeline\\Pipeline->Illuminate\\Pipeline\\{closure}(Object(Illuminate\\Http\\Request))
#40 C:\\Users\\USER\\Desktop\\Ostad Classes\\PHP_BATCH6\\M22_C3\\blog-project\\vendor\\laravel\\framework\\src\\Illuminate\\Pipeline\\Pipeline.php(208): Illuminate\\Http\\Middleware\\TrustProxies->handle(Object(Illuminate\\Http\\Request), Object(Closure))
#41 C:\\Users\\USER\\Desktop\\Ostad Classes\\PHP_BATCH6\\M22_C3\\blog-project\\vendor\\laravel\\framework\\src\\Illuminate\\Foundation\\Http\\Middleware\\InvokeDeferredCallbacks.php(22): Illuminate\\Pipeline\\Pipeline->Illuminate\\Pipeline\\{closure}(Object(Illuminate\\Http\\Request))
#42 C:\\Users\\USER\\Desktop\\Ostad Classes\\PHP_BATCH6\\M22_C3\\blog-project\\vendor\\laravel\\framework\\src\\Illuminate\\Pipeline\\Pipeline.php(208): Illuminate\\Foundation\\Http\\Middleware\\InvokeDeferredCallbacks->handle(Object(Illuminate\\Http\\Request), Object(Closure))
#43 C:\\Users\\USER\\Desktop\\Ostad Classes\\PHP_BATCH6\\M22_C3\\blog-project\\vendor\\laravel\\framework\\src\\Illuminate\\Http\\Middleware\\ValidatePathEncoding.php(26): Illuminate\\Pipeline\\Pipeline->Illuminate\\Pipeline\\{closure}(Object(Illuminate\\Http\\Request))
#44 C:\\Users\\USER\\Desktop\\Ostad Classes\\PHP_BATCH6\\M22_C3\\blog-project\\vendor\\laravel\\framework\\src\\Illuminate\\Pipeline\\Pipeline.php(208): Illuminate\\Http\\Middleware\\ValidatePathEncoding->handle(Object(Illuminate\\Http\\Request), Object(Closure))
#45 C:\\Users\\USER\\Desktop\\Ostad Classes\\PHP_BATCH6\\M22_C3\\blog-project\\vendor\\laravel\\framework\\src\\Illuminate\\Pipeline\\Pipeline.php(126): Illuminate\\Pipeline\\Pipeline->Illuminate\\Pipeline\\{closure}(Object(Illuminate\\Http\\Request))
#46 C:\\Users\\USER\\Desktop\\Ostad Classes\\PHP_BATCH6\\M22_C3\\blog-project\\vendor\\laravel\\framework\\src\\Illuminate\\Foundation\\Http\\Kernel.php(175): Illuminate\\Pipeline\\Pipeline->then(Object(Closure))
#47 C:\\Users\\USER\\Desktop\\Ostad Classes\\PHP_BATCH6\\M22_C3\\blog-project\\vendor\\laravel\\framework\\src\\Illuminate\\Foundation\\Http\\Kernel.php(144): Illuminate\\Foundation\\Http\\Kernel->sendRequestThroughRouter(Object(Illuminate\\Http\\Request))
#48 C:\\Users\\USER\\Desktop\\Ostad Classes\\PHP_BATCH6\\M22_C3\\blog-project\\vendor\\laravel\\framework\\src\\Illuminate\\Foundation\\Application.php(1219): Illuminate\\Foundation\\Http\\Kernel->handle(Object(Illuminate\\Http\\Request))
#49 C:\\Users\\USER\\Desktop\\Ostad Classes\\PHP_BATCH6\\M22_C3\\blog-project\\public\\index.php(20): Illuminate\\Foundation\\Application->handleRequest(Object(Illuminate\\Http\\Request))
#50 C:\\Users\\USER\\Desktop\\Ostad Classes\\PHP_BATCH6\\M22_C3\\blog-project\\vendor\\laravel\\framework\\src\\Illuminate\\Foundation\\resources\\server.php(23): require_once('C:\\\\Users\\\\USER\\\\D...')
#51 {main}
"} 
[2025-05-01 15:35:25] local.ERROR: Route [logout] not defined. (View: C:\Users\USER\Desktop\Ostad Classes\PHP_BATCH6\M22_C3\blog-project\resources\views\layouts\app.blade.php) (View: C:\Users\USER\Desktop\Ostad Classes\PHP_BATCH6\M22_C3\blog-project\resources\views\layouts\app.blade.php) {"userId":1,"exception":"[object] (Illuminate\\View\\ViewException(code: 0): Route [logout] not defined. (View: C:\\Users\\USER\\Desktop\\Ostad Classes\\PHP_BATCH6\\M22_C3\\blog-project\\resources\\views\\layouts\\app.blade.php) (View: C:\\Users\\USER\\Desktop\\Ostad Classes\\PHP_BATCH6\\M22_C3\\blog-project\\resources\\views\\layouts\\app.blade.php) at C:\\Users\\USER\\Desktop\\Ostad Classes\\PHP_BATCH6\\M22_C3\\blog-project\\vendor\\laravel\\framework\\src\\Illuminate\\Routing\\UrlGenerator.php:526)
[stacktrace]
#0 C:\\Users\\USER\\Desktop\\Ostad Classes\\PHP_BATCH6\\M22_C3\\blog-project\\vendor\\laravel\\framework\\src\\Illuminate\\View\\Engines\\PhpEngine.php(59): Illuminate\\View\\Engines\\CompilerEngine->handleViewException(Object(Illuminate\\View\\ViewException), 1)
#1 C:\\Users\\USER\\Desktop\\Ostad Classes\\PHP_BATCH6\\M22_C3\\blog-project\\vendor\\laravel\\framework\\src\\Illuminate\\View\\Engines\\CompilerEngine.php(74): Illuminate\\View\\Engines\\PhpEngine->evaluatePath('C:\\\\Users\\\\USER\\\\D...', Array)
#2 C:\\Users\\USER\\Desktop\\Ostad Classes\\PHP_BATCH6\\M22_C3\\blog-project\\vendor\\laravel\\framework\\src\\Illuminate\\View\\View.php(208): Illuminate\\View\\Engines\\CompilerEngine->get('C:\\\\Users\\\\USER\\\\D...', Array)
#3 C:\\Users\\USER\\Desktop\\Ostad Classes\\PHP_BATCH6\\M22_C3\\blog-project\\vendor\\laravel\\framework\\src\\Illuminate\\View\\View.php(191): Illuminate\\View\\View->getContents()
#4 C:\\Users\\USER\\Desktop\\Ostad Classes\\PHP_BATCH6\\M22_C3\\blog-project\\vendor\\laravel\\framework\\src\\Illuminate\\View\\View.php(160): Illuminate\\View\\View->renderContents()
#5 C:\\Users\\USER\\Desktop\\Ostad Classes\\PHP_BATCH6\\M22_C3\\blog-project\\vendor\\laravel\\framework\\src\\Illuminate\\Http\\Response.php(78): Illuminate\\View\\View->render()
#6 C:\\Users\\USER\\Desktop\\Ostad Classes\\PHP_BATCH6\\M22_C3\\blog-project\\vendor\\laravel\\framework\\src\\Illuminate\\Http\\Response.php(34): Illuminate\\Http\\Response->setContent(Object(Illuminate\\View\\View))
#7 C:\\Users\\USER\\Desktop\\Ostad Classes\\PHP_BATCH6\\M22_C3\\blog-project\\vendor\\laravel\\framework\\src\\Illuminate\\Routing\\Router.php(924): Illuminate\\Http\\Response->__construct(Object(Illuminate\\View\\View), 200, Array)
#8 C:\\Users\\USER\\Desktop\\Ostad Classes\\PHP_BATCH6\\M22_C3\\blog-project\\vendor\\laravel\\framework\\src\\Illuminate\\Routing\\Router.php(891): Illuminate\\Routing\\Router::toResponse(Object(Illuminate\\Http\\Request), Object(Illuminate\\View\\View))
#9 C:\\Users\\USER\\Desktop\\Ostad Classes\\PHP_BATCH6\\M22_C3\\blog-project\\vendor\\laravel\\framework\\src\\Illuminate\\Routing\\Router.php(807): Illuminate\\Routing\\Router->prepareResponse(Object(Illuminate\\Http\\Request), Object(Illuminate\\View\\View))
#10 C:\\Users\\USER\\Desktop\\Ostad Classes\\PHP_BATCH6\\M22_C3\\blog-project\\vendor\\laravel\\framework\\src\\Illuminate\\Pipeline\\Pipeline.php(169): Illuminate\\Routing\\Router->Illuminate\\Routing\\{closure}(Object(Illuminate\\Http\\Request))
#11 C:\\Users\\USER\\Desktop\\Ostad Classes\\PHP_BATCH6\\M22_C3\\blog-project\\vendor\\laravel\\framework\\src\\Illuminate\\Routing\\Middleware\\SubstituteBindings.php(50): Illuminate\\Pipeline\\Pipeline->Illuminate\\Pipeline\\{closure}(Object(Illuminate\\Http\\Request))
#12 C:\\Users\\USER\\Desktop\\Ostad Classes\\PHP_BATCH6\\M22_C3\\blog-project\\vendor\\laravel\\framework\\src\\Illuminate\\Pipeline\\Pipeline.php(208): Illuminate\\Routing\\Middleware\\SubstituteBindings->handle(Object(Illuminate\\Http\\Request), Object(Closure))
#13 C:\\Users\\USER\\Desktop\\Ostad Classes\\PHP_BATCH6\\M22_C3\\blog-project\\vendor\\laravel\\framework\\src\\Illuminate\\Foundation\\Http\\Middleware\\VerifyCsrfToken.php(87): Illuminate\\Pipeline\\Pipeline->Illuminate\\Pipeline\\{closure}(Object(Illuminate\\Http\\Request))
#14 C:\\Users\\USER\\Desktop\\Ostad Classes\\PHP_BATCH6\\M22_C3\\blog-project\\vendor\\laravel\\framework\\src\\Illuminate\\Pipeline\\Pipeline.php(208): Illuminate\\Foundation\\Http\\Middleware\\VerifyCsrfToken->handle(Object(Illuminate\\Http\\Request), Object(Closure))
#15 C:\\Users\\USER\\Desktop\\Ostad Classes\\PHP_BATCH6\\M22_C3\\blog-project\\vendor\\laravel\\framework\\src\\Illuminate\\View\\Middleware\\ShareErrorsFromSession.php(48): Illuminate\\Pipeline\\Pipeline->Illuminate\\Pipeline\\{closure}(Object(Illuminate\\Http\\Request))
#16 C:\\Users\\USER\\Desktop\\Ostad Classes\\PHP_BATCH6\\M22_C3\\blog-project\\vendor\\laravel\\framework\\src\\Illuminate\\Pipeline\\Pipeline.php(208): Illuminate\\View\\Middleware\\ShareErrorsFromSession->handle(Object(Illuminate\\Http\\Request), Object(Closure))
#17 C:\\Users\\USER\\Desktop\\Ostad Classes\\PHP_BATCH6\\M22_C3\\blog-project\\vendor\\laravel\\framework\\src\\Illuminate\\Session\\Middleware\\StartSession.php(120): Illuminate\\Pipeline\\Pipeline->Illuminate\\Pipeline\\{closure}(Object(Illuminate\\Http\\Request))
#18 C:\\Users\\USER\\Desktop\\Ostad Classes\\PHP_BATCH6\\M22_C3\\blog-project\\vendor\\laravel\\framework\\src\\Illuminate\\Session\\Middleware\\StartSession.php(63): Illuminate\\Session\\Middleware\\StartSession->handleStatefulRequest(Object(Illuminate\\Http\\Request), Object(Illuminate\\Session\\Store), Object(Closure))
#19 C:\\Users\\USER\\Desktop\\Ostad Classes\\PHP_BATCH6\\M22_C3\\blog-project\\vendor\\laravel\\framework\\src\\Illuminate\\Pipeline\\Pipeline.php(208): Illuminate\\Session\\Middleware\\StartSession->handle(Object(Illuminate\\Http\\Request), Object(Closure))
#20 C:\\Users\\USER\\Desktop\\Ostad Classes\\PHP_BATCH6\\M22_C3\\blog-project\\vendor\\laravel\\framework\\src\\Illuminate\\Cookie\\Middleware\\AddQueuedCookiesToResponse.php(36): Illuminate\\Pipeline\\Pipeline->Illuminate\\Pipeline\\{closure}(Object(Illuminate\\Http\\Request))
#21 C:\\Users\\USER\\Desktop\\Ostad Classes\\PHP_BATCH6\\M22_C3\\blog-project\\vendor\\laravel\\framework\\src\\Illuminate\\Pipeline\\Pipeline.php(208): Illuminate\\Cookie\\Middleware\\AddQueuedCookiesToResponse->handle(Object(Illuminate\\Http\\Request), Object(Closure))
#22 C:\\Users\\USER\\Desktop\\Ostad Classes\\PHP_BATCH6\\M22_C3\\blog-project\\vendor\\laravel\\framework\\src\\Illuminate\\Cookie\\Middleware\\EncryptCookies.php(74): Illuminate\\Pipeline\\Pipeline->Illuminate\\Pipeline\\{closure}(Object(Illuminate\\Http\\Request))
#23 C:\\Users\\USER\\Desktop\\Ostad Classes\\PHP_BATCH6\\M22_C3\\blog-project\\vendor\\laravel\\framework\\src\\Illuminate\\Pipeline\\Pipeline.php(208): Illuminate\\Cookie\\Middleware\\EncryptCookies->handle(Object(Illuminate\\Http\\Request), Object(Closure))
#24 C:\\Users\\USER\\Desktop\\Ostad Classes\\PHP_BATCH6\\M22_C3\\blog-project\\vendor\\laravel\\framework\\src\\Illuminate\\Pipeline\\Pipeline.php(126): Illuminate\\Pipeline\\Pipeline->Illuminate\\Pipeline\\{closure}(Object(Illuminate\\Http\\Request))
#25 C:\\Users\\USER\\Desktop\\Ostad Classes\\PHP_BATCH6\\M22_C3\\blog-project\\vendor\\laravel\\framework\\src\\Illuminate\\Routing\\Router.php(807): Illuminate\\Pipeline\\Pipeline->then(Object(Closure))
#26 C:\\Users\\USER\\Desktop\\Ostad Classes\\PHP_BATCH6\\M22_C3\\blog-project\\vendor\\laravel\\framework\\src\\Illuminate\\Routing\\Router.php(786): Illuminate\\Routing\\Router->runRouteWithinStack(Object(Illuminate\\Routing\\Route), Object(Illuminate\\Http\\Request))
#27 C:\\Users\\USER\\Desktop\\Ostad Classes\\PHP_BATCH6\\M22_C3\\blog-project\\vendor\\laravel\\framework\\src\\Illuminate\\Routing\\Router.php(750): Illuminate\\Routing\\Router->runRoute(Object(Illuminate\\Http\\Request), Object(Illuminate\\Routing\\Route))
#28 C:\\Users\\USER\\Desktop\\Ostad Classes\\PHP_BATCH6\\M22_C3\\blog-project\\vendor\\laravel\\framework\\src\\Illuminate\\Routing\\Router.php(739): Illuminate\\Routing\\Router->dispatchToRoute(Object(Illuminate\\Http\\Request))
#29 C:\\Users\\USER\\Desktop\\Ostad Classes\\PHP_BATCH6\\M22_C3\\blog-project\\vendor\\laravel\\framework\\src\\Illuminate\\Foundation\\Http\\Kernel.php(200): Illuminate\\Routing\\Router->dispatch(Object(Illuminate\\Http\\Request))
#30 C:\\Users\\USER\\Desktop\\Ostad Classes\\PHP_BATCH6\\M22_C3\\blog-project\\vendor\\laravel\\framework\\src\\Illuminate\\Pipeline\\Pipeline.php(169): Illuminate\\Foundation\\Http\\Kernel->Illuminate\\Foundation\\Http\\{closure}(Object(Illuminate\\Http\\Request))
#31 C:\\Users\\USER\\Desktop\\Ostad Classes\\PHP_BATCH6\\M22_C3\\blog-project\\vendor\\laravel\\framework\\src\\Illuminate\\Foundation\\Http\\Middleware\\TransformsRequest.php(21): Illuminate\\Pipeline\\Pipeline->Illuminate\\Pipeline\\{closure}(Object(Illuminate\\Http\\Request))
#32 C:\\Users\\USER\\Desktop\\Ostad Classes\\PHP_BATCH6\\M22_C3\\blog-project\\vendor\\laravel\\framework\\src\\Illuminate\\Foundation\\Http\\Middleware\\ConvertEmptyStringsToNull.php(31): Illuminate\\Foundation\\Http\\Middleware\\TransformsRequest->handle(Object(Illuminate\\Http\\Request), Object(Closure))
#33 C:\\Users\\USER\\Desktop\\Ostad Classes\\PHP_BATCH6\\M22_C3\\blog-project\\vendor\\laravel\\framework\\src\\Illuminate\\Pipeline\\Pipeline.php(208): Illuminate\\Foundation\\Http\\Middleware\\ConvertEmptyStringsToNull->handle(Object(Illuminate\\Http\\Request), Object(Closure))
#34 C:\\Users\\USER\\Desktop\\Ostad Classes\\PHP_BATCH6\\M22_C3\\blog-project\\vendor\\laravel\\framework\\src\\Illuminate\\Foundation\\Http\\Middleware\\TransformsRequest.php(21): Illuminate\\Pipeline\\Pipeline->Illuminate\\Pipeline\\{closure}(Object(Illuminate\\Http\\Request))
#35 C:\\Users\\USER\\Desktop\\Ostad Classes\\PHP_BATCH6\\M22_C3\\blog-project\\vendor\\laravel\\framework\\src\\Illuminate\\Foundation\\Http\\Middleware\\TrimStrings.php(51): Illuminate\\Foundation\\Http\\Middleware\\TransformsRequest->handle(Object(Illuminate\\Http\\Request), Object(Closure))
#36 C:\\Users\\USER\\Desktop\\Ostad Classes\\PHP_BATCH6\\M22_C3\\blog-project\\vendor\\laravel\\framework\\src\\Illuminate\\Pipeline\\Pipeline.php(208): Illuminate\\Foundation\\Http\\Middleware\\TrimStrings->handle(Object(Illuminate\\Http\\Request), Object(Closure))
#37 C:\\Users\\USER\\Desktop\\Ostad Classes\\PHP_BATCH6\\M22_C3\\blog-project\\vendor\\laravel\\framework\\src\\Illuminate\\Http\\Middleware\\ValidatePostSize.php(27): Illuminate\\Pipeline\\Pipeline->Illuminate\\Pipeline\\{closure}(Object(Illuminate\\Http\\Request))
#38 C:\\Users\\USER\\Desktop\\Ostad Classes\\PHP_BATCH6\\M22_C3\\blog-project\\vendor\\laravel\\framework\\src\\Illuminate\\Pipeline\\Pipeline.php(208): Illuminate\\Http\\Middleware\\ValidatePostSize->handle(Object(Illuminate\\Http\\Request), Object(Closure))
#39 C:\\Users\\USER\\Desktop\\Ostad Classes\\PHP_BATCH6\\M22_C3\\blog-project\\vendor\\laravel\\framework\\src\\Illuminate\\Foundation\\Http\\Middleware\\PreventRequestsDuringMaintenance.php(109): Illuminate\\Pipeline\\Pipeline->Illuminate\\Pipeline\\{closure}(Object(Illuminate\\Http\\Request))
#40 C:\\Users\\USER\\Desktop\\Ostad Classes\\PHP_BATCH6\\M22_C3\\blog-project\\vendor\\laravel\\framework\\src\\Illuminate\\Pipeline\\Pipeline.php(208): Illuminate\\Foundation\\Http\\Middleware\\PreventRequestsDuringMaintenance->handle(Object(Illuminate\\Http\\Request), Object(Closure))
#41 C:\\Users\\USER\\Desktop\\Ostad Classes\\PHP_BATCH6\\M22_C3\\blog-project\\vendor\\laravel\\framework\\src\\Illuminate\\Http\\Middleware\\HandleCors.php(48): Illuminate\\Pipeline\\Pipeline->Illuminate\\Pipeline\\{closure}(Object(Illuminate\\Http\\Request))
#42 C:\\Users\\USER\\Desktop\\Ostad Classes\\PHP_BATCH6\\M22_C3\\blog-project\\vendor\\laravel\\framework\\src\\Illuminate\\Pipeline\\Pipeline.php(208): Illuminate\\Http\\Middleware\\HandleCors->handle(Object(Illuminate\\Http\\Request), Object(Closure))
#43 C:\\Users\\USER\\Desktop\\Ostad Classes\\PHP_BATCH6\\M22_C3\\blog-project\\vendor\\laravel\\framework\\src\\Illuminate\\Http\\Middleware\\TrustProxies.php(58): Illuminate\\Pipeline\\Pipeline->Illuminate\\Pipeline\\{closure}(Object(Illuminate\\Http\\Request))
#44 C:\\Users\\USER\\Desktop\\Ostad Classes\\PHP_BATCH6\\M22_C3\\blog-project\\vendor\\laravel\\framework\\src\\Illuminate\\Pipeline\\Pipeline.php(208): Illuminate\\Http\\Middleware\\TrustProxies->handle(Object(Illuminate\\Http\\Request), Object(Closure))
#45 C:\\Users\\USER\\Desktop\\Ostad Classes\\PHP_BATCH6\\M22_C3\\blog-project\\vendor\\laravel\\framework\\src\\Illuminate\\Foundation\\Http\\Middleware\\InvokeDeferredCallbacks.php(22): Illuminate\\Pipeline\\Pipeline->Illuminate\\Pipeline\\{closure}(Object(Illuminate\\Http\\Request))
#46 C:\\Users\\USER\\Desktop\\Ostad Classes\\PHP_BATCH6\\M22_C3\\blog-project\\vendor\\laravel\\framework\\src\\Illuminate\\Pipeline\\Pipeline.php(208): Illuminate\\Foundation\\Http\\Middleware\\InvokeDeferredCallbacks->handle(Object(Illuminate\\Http\\Request), Object(Closure))
#47 C:\\Users\\USER\\Desktop\\Ostad Classes\\PHP_BATCH6\\M22_C3\\blog-project\\vendor\\laravel\\framework\\src\\Illuminate\\Http\\Middleware\\ValidatePathEncoding.php(26): Illuminate\\Pipeline\\Pipeline->Illuminate\\Pipeline\\{closure}(Object(Illuminate\\Http\\Request))
#48 C:\\Users\\USER\\Desktop\\Ostad Classes\\PHP_BATCH6\\M22_C3\\blog-project\\vendor\\laravel\\framework\\src\\Illuminate\\Pipeline\\Pipeline.php(208): Illuminate\\Http\\Middleware\\ValidatePathEncoding->handle(Object(Illuminate\\Http\\Request), Object(Closure))
#49 C:\\Users\\USER\\Desktop\\Ostad Classes\\PHP_BATCH6\\M22_C3\\blog-project\\vendor\\laravel\\framework\\src\\Illuminate\\Pipeline\\Pipeline.php(126): Illuminate\\Pipeline\\Pipeline->Illuminate\\Pipeline\\{closure}(Object(Illuminate\\Http\\Request))
#50 C:\\Users\\USER\\Desktop\\Ostad Classes\\PHP_BATCH6\\M22_C3\\blog-project\\vendor\\laravel\\framework\\src\\Illuminate\\Foundation\\Http\\Kernel.php(175): Illuminate\\Pipeline\\Pipeline->then(Object(Closure))
#51 C:\\Users\\USER\\Desktop\\Ostad Classes\\PHP_BATCH6\\M22_C3\\blog-project\\vendor\\laravel\\framework\\src\\Illuminate\\Foundation\\Http\\Kernel.php(144): Illuminate\\Foundation\\Http\\Kernel->sendRequestThroughRouter(Object(Illuminate\\Http\\Request))
#52 C:\\Users\\USER\\Desktop\\Ostad Classes\\PHP_BATCH6\\M22_C3\\blog-project\\vendor\\laravel\\framework\\src\\Illuminate\\Foundation\\Application.php(1219): Illuminate\\Foundation\\Http\\Kernel->handle(Object(Illuminate\\Http\\Request))
#53 C:\\Users\\USER\\Desktop\\Ostad Classes\\PHP_BATCH6\\M22_C3\\blog-project\\public\\index.php(20): Illuminate\\Foundation\\Application->handleRequest(Object(Illuminate\\Http\\Request))
#54 C:\\Users\\USER\\Desktop\\Ostad Classes\\PHP_BATCH6\\M22_C3\\blog-project\\vendor\\laravel\\framework\\src\\Illuminate\\Foundation\\resources\\server.php(23): require_once('C:\\\\Users\\\\USER\\\\D...')
#55 {main}

[previous exception] [object] (Illuminate\\View\\ViewException(code: 0): Route [logout] not defined. (View: C:\\Users\\USER\\Desktop\\Ostad Classes\\PHP_BATCH6\\M22_C3\\blog-project\\resources\\views\\layouts\\app.blade.php) at C:\\Users\\USER\\Desktop\\Ostad Classes\\PHP_BATCH6\\M22_C3\\blog-project\\vendor\\laravel\\framework\\src\\Illuminate\\Routing\\UrlGenerator.php:526)
[stacktrace]
#0 C:\\Users\\USER\\Desktop\\Ostad Classes\\PHP_BATCH6\\M22_C3\\blog-project\\vendor\\laravel\\framework\\src\\Illuminate\\View\\Engines\\PhpEngine.php(59): Illuminate\\View\\Engines\\CompilerEngine->handleViewException(Object(Symfony\\Component\\Routing\\Exception\\RouteNotFoundException), 2)
#1 C:\\Users\\USER\\Desktop\\Ostad Classes\\PHP_BATCH6\\M22_C3\\blog-project\\vendor\\laravel\\framework\\src\\Illuminate\\View\\Engines\\CompilerEngine.php(74): Illuminate\\View\\Engines\\PhpEngine->evaluatePath('C:\\\\Users\\\\USER\\\\D...', Array)
#2 C:\\Users\\USER\\Desktop\\Ostad Classes\\PHP_BATCH6\\M22_C3\\blog-project\\vendor\\laravel\\framework\\src\\Illuminate\\View\\View.php(208): Illuminate\\View\\Engines\\CompilerEngine->get('C:\\\\Users\\\\USER\\\\D...', Array)
#3 C:\\Users\\USER\\Desktop\\Ostad Classes\\PHP_BATCH6\\M22_C3\\blog-project\\vendor\\laravel\\framework\\src\\Illuminate\\View\\View.php(191): Illuminate\\View\\View->getContents()
#4 C:\\Users\\USER\\Desktop\\Ostad Classes\\PHP_BATCH6\\M22_C3\\blog-project\\vendor\\laravel\\framework\\src\\Illuminate\\View\\View.php(160): Illuminate\\View\\View->renderContents()
#5 C:\\Users\\USER\\Desktop\\Ostad Classes\\PHP_BATCH6\\M22_C3\\blog-project\\storage\\framework\\views\\89e79d9d0fef4909aa21108522292f60.php(77): Illuminate\\View\\View->render()
#6 C:\\Users\\USER\\Desktop\\Ostad Classes\\PHP_BATCH6\\M22_C3\\blog-project\\vendor\\laravel\\framework\\src\\Illuminate\\Filesystem\\Filesystem.php(123): require('C:\\\\Users\\\\USER\\\\D...')
#7 C:\\Users\\USER\\Desktop\\Ostad Classes\\PHP_BATCH6\\M22_C3\\blog-project\\vendor\\laravel\\framework\\src\\Illuminate\\Filesystem\\Filesystem.php(124): Illuminate\\Filesystem\\Filesystem::Illuminate\\Filesystem\\{closure}()
#8 C:\\Users\\USER\\Desktop\\Ostad Classes\\PHP_BATCH6\\M22_C3\\blog-project\\vendor\\laravel\\framework\\src\\Illuminate\\View\\Engines\\PhpEngine.php(57): Illuminate\\Filesystem\\Filesystem->getRequire('C:\\\\Users\\\\USER\\\\D...', Array)
#9 C:\\Users\\USER\\Desktop\\Ostad Classes\\PHP_BATCH6\\M22_C3\\blog-project\\vendor\\laravel\\framework\\src\\Illuminate\\View\\Engines\\CompilerEngine.php(74): Illuminate\\View\\Engines\\PhpEngine->evaluatePath('C:\\\\Users\\\\USER\\\\D...', Array)
#10 C:\\Users\\USER\\Desktop\\Ostad Classes\\PHP_BATCH6\\M22_C3\\blog-project\\vendor\\laravel\\framework\\src\\Illuminate\\View\\View.php(208): Illuminate\\View\\Engines\\CompilerEngine->get('C:\\\\Users\\\\USER\\\\D...', Array)
#11 C:\\Users\\USER\\Desktop\\Ostad Classes\\PHP_BATCH6\\M22_C3\\blog-project\\vendor\\laravel\\framework\\src\\Illuminate\\View\\View.php(191): Illuminate\\View\\View->getContents()
#12 C:\\Users\\USER\\Desktop\\Ostad Classes\\PHP_BATCH6\\M22_C3\\blog-project\\vendor\\laravel\\framework\\src\\Illuminate\\View\\View.php(160): Illuminate\\View\\View->renderContents()
#13 C:\\Users\\USER\\Desktop\\Ostad Classes\\PHP_BATCH6\\M22_C3\\blog-project\\vendor\\laravel\\framework\\src\\Illuminate\\Http\\Response.php(78): Illuminate\\View\\View->render()
#14 C:\\Users\\USER\\Desktop\\Ostad Classes\\PHP_BATCH6\\M22_C3\\blog-project\\vendor\\laravel\\framework\\src\\Illuminate\\Http\\Response.php(34): Illuminate\\Http\\Response->setContent(Object(Illuminate\\View\\View))
#15 C:\\Users\\USER\\Desktop\\Ostad Classes\\PHP_BATCH6\\M22_C3\\blog-project\\vendor\\laravel\\framework\\src\\Illuminate\\Routing\\Router.php(924): Illuminate\\Http\\Response->__construct(Object(Illuminate\\View\\View), 200, Array)
#16 C:\\Users\\USER\\Desktop\\Ostad Classes\\PHP_BATCH6\\M22_C3\\blog-project\\vendor\\laravel\\framework\\src\\Illuminate\\Routing\\Router.php(891): Illuminate\\Routing\\Router::toResponse(Object(Illuminate\\Http\\Request), Object(Illuminate\\View\\View))
#17 C:\\Users\\USER\\Desktop\\Ostad Classes\\PHP_BATCH6\\M22_C3\\blog-project\\vendor\\laravel\\framework\\src\\Illuminate\\Routing\\Router.php(807): Illuminate\\Routing\\Router->prepareResponse(Object(Illuminate\\Http\\Request), Object(Illuminate\\View\\View))
#18 C:\\Users\\USER\\Desktop\\Ostad Classes\\PHP_BATCH6\\M22_C3\\blog-project\\vendor\\laravel\\framework\\src\\Illuminate\\Pipeline\\Pipeline.php(169): Illuminate\\Routing\\Router->Illuminate\\Routing\\{closure}(Object(Illuminate\\Http\\Request))
#19 C:\\Users\\USER\\Desktop\\Ostad Classes\\PHP_BATCH6\\M22_C3\\blog-project\\vendor\\laravel\\framework\\src\\Illuminate\\Routing\\Middleware\\SubstituteBindings.php(50): Illuminate\\Pipeline\\Pipeline->Illuminate\\Pipeline\\{closure}(Object(Illuminate\\Http\\Request))
#20 C:\\Users\\USER\\Desktop\\Ostad Classes\\PHP_BATCH6\\M22_C3\\blog-project\\vendor\\laravel\\framework\\src\\Illuminate\\Pipeline\\Pipeline.php(208): Illuminate\\Routing\\Middleware\\SubstituteBindings->handle(Object(Illuminate\\Http\\Request), Object(Closure))
#21 C:\\Users\\USER\\Desktop\\Ostad Classes\\PHP_BATCH6\\M22_C3\\blog-project\\vendor\\laravel\\framework\\src\\Illuminate\\Foundation\\Http\\Middleware\\VerifyCsrfToken.php(87): Illuminate\\Pipeline\\Pipeline->Illuminate\\Pipeline\\{closure}(Object(Illuminate\\Http\\Request))
#22 C:\\Users\\USER\\Desktop\\Ostad Classes\\PHP_BATCH6\\M22_C3\\blog-project\\vendor\\laravel\\framework\\src\\Illuminate\\Pipeline\\Pipeline.php(208): Illuminate\\Foundation\\Http\\Middleware\\VerifyCsrfToken->handle(Object(Illuminate\\Http\\Request), Object(Closure))
#23 C:\\Users\\USER\\Desktop\\Ostad Classes\\PHP_BATCH6\\M22_C3\\blog-project\\vendor\\laravel\\framework\\src\\Illuminate\\View\\Middleware\\ShareErrorsFromSession.php(48): Illuminate\\Pipeline\\Pipeline->Illuminate\\Pipeline\\{closure}(Object(Illuminate\\Http\\Request))
#24 C:\\Users\\USER\\Desktop\\Ostad Classes\\PHP_BATCH6\\M22_C3\\blog-project\\vendor\\laravel\\framework\\src\\Illuminate\\Pipeline\\Pipeline.php(208): Illuminate\\View\\Middleware\\ShareErrorsFromSession->handle(Object(Illuminate\\Http\\Request), Object(Closure))
#25 C:\\Users\\USER\\Desktop\\Ostad Classes\\PHP_BATCH6\\M22_C3\\blog-project\\vendor\\laravel\\framework\\src\\Illuminate\\Session\\Middleware\\StartSession.php(120): Illuminate\\Pipeline\\Pipeline->Illuminate\\Pipeline\\{closure}(Object(Illuminate\\Http\\Request))
#26 C:\\Users\\USER\\Desktop\\Ostad Classes\\PHP_BATCH6\\M22_C3\\blog-project\\vendor\\laravel\\framework\\src\\Illuminate\\Session\\Middleware\\StartSession.php(63): Illuminate\\Session\\Middleware\\StartSession->handleStatefulRequest(Object(Illuminate\\Http\\Request), Object(Illuminate\\Session\\Store), Object(Closure))
#27 C:\\Users\\USER\\Desktop\\Ostad Classes\\PHP_BATCH6\\M22_C3\\blog-project\\vendor\\laravel\\framework\\src\\Illuminate\\Pipeline\\Pipeline.php(208): Illuminate\\Session\\Middleware\\StartSession->handle(Object(Illuminate\\Http\\Request), Object(Closure))
#28 C:\\Users\\USER\\Desktop\\Ostad Classes\\PHP_BATCH6\\M22_C3\\blog-project\\vendor\\laravel\\framework\\src\\Illuminate\\Cookie\\Middleware\\AddQueuedCookiesToResponse.php(36): Illuminate\\Pipeline\\Pipeline->Illuminate\\Pipeline\\{closure}(Object(Illuminate\\Http\\Request))
#29 C:\\Users\\USER\\Desktop\\Ostad Classes\\PHP_BATCH6\\M22_C3\\blog-project\\vendor\\laravel\\framework\\src\\Illuminate\\Pipeline\\Pipeline.php(208): Illuminate\\Cookie\\Middleware\\AddQueuedCookiesToResponse->handle(Object(Illuminate\\Http\\Request), Object(Closure))
#30 C:\\Users\\USER\\Desktop\\Ostad Classes\\PHP_BATCH6\\M22_C3\\blog-project\\vendor\\laravel\\framework\\src\\Illuminate\\Cookie\\Middleware\\EncryptCookies.php(74): Illuminate\\Pipeline\\Pipeline->Illuminate\\Pipeline\\{closure}(Object(Illuminate\\Http\\Request))
#31 C:\\Users\\USER\\Desktop\\Ostad Classes\\PHP_BATCH6\\M22_C3\\blog-project\\vendor\\laravel\\framework\\src\\Illuminate\\Pipeline\\Pipeline.php(208): Illuminate\\Cookie\\Middleware\\EncryptCookies->handle(Object(Illuminate\\Http\\Request), Object(Closure))
#32 C:\\Users\\USER\\Desktop\\Ostad Classes\\PHP_BATCH6\\M22_C3\\blog-project\\vendor\\laravel\\framework\\src\\Illuminate\\Pipeline\\Pipeline.php(126): Illuminate\\Pipeline\\Pipeline->Illuminate\\Pipeline\\{closure}(Object(Illuminate\\Http\\Request))
#33 C:\\Users\\USER\\Desktop\\Ostad Classes\\PHP_BATCH6\\M22_C3\\blog-project\\vendor\\laravel\\framework\\src\\Illuminate\\Routing\\Router.php(807): Illuminate\\Pipeline\\Pipeline->then(Object(Closure))
#34 C:\\Users\\USER\\Desktop\\Ostad Classes\\PHP_BATCH6\\M22_C3\\blog-project\\vendor\\laravel\\framework\\src\\Illuminate\\Routing\\Router.php(786): Illuminate\\Routing\\Router->runRouteWithinStack(Object(Illuminate\\Routing\\Route), Object(Illuminate\\Http\\Request))
#35 C:\\Users\\USER\\Desktop\\Ostad Classes\\PHP_BATCH6\\M22_C3\\blog-project\\vendor\\laravel\\framework\\src\\Illuminate\\Routing\\Router.php(750): Illuminate\\Routing\\Router->runRoute(Object(Illuminate\\Http\\Request), Object(Illuminate\\Routing\\Route))
#36 C:\\Users\\USER\\Desktop\\Ostad Classes\\PHP_BATCH6\\M22_C3\\blog-project\\vendor\\laravel\\framework\\src\\Illuminate\\Routing\\Router.php(739): Illuminate\\Routing\\Router->dispatchToRoute(Object(Illuminate\\Http\\Request))
#37 C:\\Users\\USER\\Desktop\\Ostad Classes\\PHP_BATCH6\\M22_C3\\blog-project\\vendor\\laravel\\framework\\src\\Illuminate\\Foundation\\Http\\Kernel.php(200): Illuminate\\Routing\\Router->dispatch(Object(Illuminate\\Http\\Request))
#38 C:\\Users\\USER\\Desktop\\Ostad Classes\\PHP_BATCH6\\M22_C3\\blog-project\\vendor\\laravel\\framework\\src\\Illuminate\\Pipeline\\Pipeline.php(169): Illuminate\\Foundation\\Http\\Kernel->Illuminate\\Foundation\\Http\\{closure}(Object(Illuminate\\Http\\Request))
#39 C:\\Users\\USER\\Desktop\\Ostad Classes\\PHP_BATCH6\\M22_C3\\blog-project\\vendor\\laravel\\framework\\src\\Illuminate\\Foundation\\Http\\Middleware\\TransformsRequest.php(21): Illuminate\\Pipeline\\Pipeline->Illuminate\\Pipeline\\{closure}(Object(Illuminate\\Http\\Request))
#40 C:\\Users\\USER\\Desktop\\Ostad Classes\\PHP_BATCH6\\M22_C3\\blog-project\\vendor\\laravel\\framework\\src\\Illuminate\\Foundation\\Http\\Middleware\\ConvertEmptyStringsToNull.php(31): Illuminate\\Foundation\\Http\\Middleware\\TransformsRequest->handle(Object(Illuminate\\Http\\Request), Object(Closure))
#41 C:\\Users\\USER\\Desktop\\Ostad Classes\\PHP_BATCH6\\M22_C3\\blog-project\\vendor\\laravel\\framework\\src\\Illuminate\\Pipeline\\Pipeline.php(208): Illuminate\\Foundation\\Http\\Middleware\\ConvertEmptyStringsToNull->handle(Object(Illuminate\\Http\\Request), Object(Closure))
#42 C:\\Users\\USER\\Desktop\\Ostad Classes\\PHP_BATCH6\\M22_C3\\blog-project\\vendor\\laravel\\framework\\src\\Illuminate\\Foundation\\Http\\Middleware\\TransformsRequest.php(21): Illuminate\\Pipeline\\Pipeline->Illuminate\\Pipeline\\{closure}(Object(Illuminate\\Http\\Request))
#43 C:\\Users\\USER\\Desktop\\Ostad Classes\\PHP_BATCH6\\M22_C3\\blog-project\\vendor\\laravel\\framework\\src\\Illuminate\\Foundation\\Http\\Middleware\\TrimStrings.php(51): Illuminate\\Foundation\\Http\\Middleware\\TransformsRequest->handle(Object(Illuminate\\Http\\Request), Object(Closure))
#44 C:\\Users\\USER\\Desktop\\Ostad Classes\\PHP_BATCH6\\M22_C3\\blog-project\\vendor\\laravel\\framework\\src\\Illuminate\\Pipeline\\Pipeline.php(208): Illuminate\\Foundation\\Http\\Middleware\\TrimStrings->handle(Object(Illuminate\\Http\\Request), Object(Closure))
#45 C:\\Users\\USER\\Desktop\\Ostad Classes\\PHP_BATCH6\\M22_C3\\blog-project\\vendor\\laravel\\framework\\src\\Illuminate\\Http\\Middleware\\ValidatePostSize.php(27): Illuminate\\Pipeline\\Pipeline->Illuminate\\Pipeline\\{closure}(Object(Illuminate\\Http\\Request))
#46 C:\\Users\\USER\\Desktop\\Ostad Classes\\PHP_BATCH6\\M22_C3\\blog-project\\vendor\\laravel\\framework\\src\\Illuminate\\Pipeline\\Pipeline.php(208): Illuminate\\Http\\Middleware\\ValidatePostSize->handle(Object(Illuminate\\Http\\Request), Object(Closure))
#47 C:\\Users\\USER\\Desktop\\Ostad Classes\\PHP_BATCH6\\M22_C3\\blog-project\\vendor\\laravel\\framework\\src\\Illuminate\\Foundation\\Http\\Middleware\\PreventRequestsDuringMaintenance.php(109): Illuminate\\Pipeline\\Pipeline->Illuminate\\Pipeline\\{closure}(Object(Illuminate\\Http\\Request))
#48 C:\\Users\\USER\\Desktop\\Ostad Classes\\PHP_BATCH6\\M22_C3\\blog-project\\vendor\\laravel\\framework\\src\\Illuminate\\Pipeline\\Pipeline.php(208): Illuminate\\Foundation\\Http\\Middleware\\PreventRequestsDuringMaintenance->handle(Object(Illuminate\\Http\\Request), Object(Closure))
#49 C:\\Users\\USER\\Desktop\\Ostad Classes\\PHP_BATCH6\\M22_C3\\blog-project\\vendor\\laravel\\framework\\src\\Illuminate\\Http\\Middleware\\HandleCors.php(48): Illuminate\\Pipeline\\Pipeline->Illuminate\\Pipeline\\{closure}(Object(Illuminate\\Http\\Request))
#50 C:\\Users\\USER\\Desktop\\Ostad Classes\\PHP_BATCH6\\M22_C3\\blog-project\\vendor\\laravel\\framework\\src\\Illuminate\\Pipeline\\Pipeline.php(208): Illuminate\\Http\\Middleware\\HandleCors->handle(Object(Illuminate\\Http\\Request), Object(Closure))
#51 C:\\Users\\USER\\Desktop\\Ostad Classes\\PHP_BATCH6\\M22_C3\\blog-project\\vendor\\laravel\\framework\\src\\Illuminate\\Http\\Middleware\\TrustProxies.php(58): Illuminate\\Pipeline\\Pipeline->Illuminate\\Pipeline\\{closure}(Object(Illuminate\\Http\\Request))
#52 C:\\Users\\USER\\Desktop\\Ostad Classes\\PHP_BATCH6\\M22_C3\\blog-project\\vendor\\laravel\\framework\\src\\Illuminate\\Pipeline\\Pipeline.php(208): Illuminate\\Http\\Middleware\\TrustProxies->handle(Object(Illuminate\\Http\\Request), Object(Closure))
#53 C:\\Users\\USER\\Desktop\\Ostad Classes\\PHP_BATCH6\\M22_C3\\blog-project\\vendor\\laravel\\framework\\src\\Illuminate\\Foundation\\Http\\Middleware\\InvokeDeferredCallbacks.php(22): Illuminate\\Pipeline\\Pipeline->Illuminate\\Pipeline\\{closure}(Object(Illuminate\\Http\\Request))
#54 C:\\Users\\USER\\Desktop\\Ostad Classes\\PHP_BATCH6\\M22_C3\\blog-project\\vendor\\laravel\\framework\\src\\Illuminate\\Pipeline\\Pipeline.php(208): Illuminate\\Foundation\\Http\\Middleware\\InvokeDeferredCallbacks->handle(Object(Illuminate\\Http\\Request), Object(Closure))
#55 C:\\Users\\USER\\Desktop\\Ostad Classes\\PHP_BATCH6\\M22_C3\\blog-project\\vendor\\laravel\\framework\\src\\Illuminate\\Http\\Middleware\\ValidatePathEncoding.php(26): Illuminate\\Pipeline\\Pipeline->Illuminate\\Pipeline\\{closure}(Object(Illuminate\\Http\\Request))
#56 C:\\Users\\USER\\Desktop\\Ostad Classes\\PHP_BATCH6\\M22_C3\\blog-project\\vendor\\laravel\\framework\\src\\Illuminate\\Pipeline\\Pipeline.php(208): Illuminate\\Http\\Middleware\\ValidatePathEncoding->handle(Object(Illuminate\\Http\\Request), Object(Closure))
#57 C:\\Users\\USER\\Desktop\\Ostad Classes\\PHP_BATCH6\\M22_C3\\blog-project\\vendor\\laravel\\framework\\src\\Illuminate\\Pipeline\\Pipeline.php(126): Illuminate\\Pipeline\\Pipeline->Illuminate\\Pipeline\\{closure}(Object(Illuminate\\Http\\Request))
#58 C:\\Users\\USER\\Desktop\\Ostad Classes\\PHP_BATCH6\\M22_C3\\blog-project\\vendor\\laravel\\framework\\src\\Illuminate\\Foundation\\Http\\Kernel.php(175): Illuminate\\Pipeline\\Pipeline->then(Object(Closure))
#59 C:\\Users\\USER\\Desktop\\Ostad Classes\\PHP_BATCH6\\M22_C3\\blog-project\\vendor\\laravel\\framework\\src\\Illuminate\\Foundation\\Http\\Kernel.php(144): Illuminate\\Foundation\\Http\\Kernel->sendRequestThroughRouter(Object(Illuminate\\Http\\Request))
#60 C:\\Users\\USER\\Desktop\\Ostad Classes\\PHP_BATCH6\\M22_C3\\blog-project\\vendor\\laravel\\framework\\src\\Illuminate\\Foundation\\Application.php(1219): Illuminate\\Foundation\\Http\\Kernel->handle(Object(Illuminate\\Http\\Request))
#61 C:\\Users\\USER\\Desktop\\Ostad Classes\\PHP_BATCH6\\M22_C3\\blog-project\\public\\index.php(20): Illuminate\\Foundation\\Application->handleRequest(Object(Illuminate\\Http\\Request))
#62 C:\\Users\\USER\\Desktop\\Ostad Classes\\PHP_BATCH6\\M22_C3\\blog-project\\vendor\\laravel\\framework\\src\\Illuminate\\Foundation\\resources\\server.php(23): require_once('C:\\\\Users\\\\USER\\\\D...')
#63 {main}

[previous exception] [object] (Symfony\\Component\\Routing\\Exception\\RouteNotFoundException(code: 0): Route [logout] not defined. at C:\\Users\\USER\\Desktop\\Ostad Classes\\PHP_BATCH6\\M22_C3\\blog-project\\vendor\\laravel\\framework\\src\\Illuminate\\Routing\\UrlGenerator.php:526)
[stacktrace]
#0 C:\\Users\\USER\\Desktop\\Ostad Classes\\PHP_BATCH6\\M22_C3\\blog-project\\vendor\\laravel\\framework\\src\\Illuminate\\Foundation\\helpers.php(856): Illuminate\\Routing\\UrlGenerator->route('logout', Array, true)
#1 C:\\Users\\USER\\Desktop\\Ostad Classes\\PHP_BATCH6\\M22_C3\\blog-project\\storage\\framework\\views\\1a93b155306aa4424c92d585e4ade980.php(27): route('logout')
#2 C:\\Users\\USER\\Desktop\\Ostad Classes\\PHP_BATCH6\\M22_C3\\blog-project\\vendor\\laravel\\framework\\src\\Illuminate\\Filesystem\\Filesystem.php(123): require('C:\\\\Users\\\\USER\\\\D...')
#3 C:\\Users\\USER\\Desktop\\Ostad Classes\\PHP_BATCH6\\M22_C3\\blog-project\\vendor\\laravel\\framework\\src\\Illuminate\\Filesystem\\Filesystem.php(124): Illuminate\\Filesystem\\Filesystem::Illuminate\\Filesystem\\{closure}()
#4 C:\\Users\\USER\\Desktop\\Ostad Classes\\PHP_BATCH6\\M22_C3\\blog-project\\vendor\\laravel\\framework\\src\\Illuminate\\View\\Engines\\PhpEngine.php(57): Illuminate\\Filesystem\\Filesystem->getRequire('C:\\\\Users\\\\USER\\\\D...', Array)
#5 C:\\Users\\USER\\Desktop\\Ostad Classes\\PHP_BATCH6\\M22_C3\\blog-project\\vendor\\laravel\\framework\\src\\Illuminate\\View\\Engines\\CompilerEngine.php(74): Illuminate\\View\\Engines\\PhpEngine->evaluatePath('C:\\\\Users\\\\USER\\\\D...', Array)
#6 C:\\Users\\USER\\Desktop\\Ostad Classes\\PHP_BATCH6\\M22_C3\\blog-project\\vendor\\laravel\\framework\\src\\Illuminate\\View\\View.php(208): Illuminate\\View\\Engines\\CompilerEngine->get('C:\\\\Users\\\\USER\\\\D...', Array)
#7 C:\\Users\\USER\\Desktop\\Ostad Classes\\PHP_BATCH6\\M22_C3\\blog-project\\vendor\\laravel\\framework\\src\\Illuminate\\View\\View.php(191): Illuminate\\View\\View->getContents()
#8 C:\\Users\\USER\\Desktop\\Ostad Classes\\PHP_BATCH6\\M22_C3\\blog-project\\vendor\\laravel\\framework\\src\\Illuminate\\View\\View.php(160): Illuminate\\View\\View->renderContents()
#9 C:\\Users\\USER\\Desktop\\Ostad Classes\\PHP_BATCH6\\M22_C3\\blog-project\\storage\\framework\\views\\89e79d9d0fef4909aa21108522292f60.php(77): Illuminate\\View\\View->render()
#10 C:\\Users\\USER\\Desktop\\Ostad Classes\\PHP_BATCH6\\M22_C3\\blog-project\\vendor\\laravel\\framework\\src\\Illuminate\\Filesystem\\Filesystem.php(123): require('C:\\\\Users\\\\USER\\\\D...')
#11 C:\\Users\\USER\\Desktop\\Ostad Classes\\PHP_BATCH6\\M22_C3\\blog-project\\vendor\\laravel\\framework\\src\\Illuminate\\Filesystem\\Filesystem.php(124): Illuminate\\Filesystem\\Filesystem::Illuminate\\Filesystem\\{closure}()
#12 C:\\Users\\USER\\Desktop\\Ostad Classes\\PHP_BATCH6\\M22_C3\\blog-project\\vendor\\laravel\\framework\\src\\Illuminate\\View\\Engines\\PhpEngine.php(57): Illuminate\\Filesystem\\Filesystem->getRequire('C:\\\\Users\\\\USER\\\\D...', Array)
#13 C:\\Users\\USER\\Desktop\\Ostad Classes\\PHP_BATCH6\\M22_C3\\blog-project\\vendor\\laravel\\framework\\src\\Illuminate\\View\\Engines\\CompilerEngine.php(74): Illuminate\\View\\Engines\\PhpEngine->evaluatePath('C:\\\\Users\\\\USER\\\\D...', Array)
#14 C:\\Users\\USER\\Desktop\\Ostad Classes\\PHP_BATCH6\\M22_C3\\blog-project\\vendor\\laravel\\framework\\src\\Illuminate\\View\\View.php(208): Illuminate\\View\\Engines\\CompilerEngine->get('C:\\\\Users\\\\USER\\\\D...', Array)
#15 C:\\Users\\USER\\Desktop\\Ostad Classes\\PHP_BATCH6\\M22_C3\\blog-project\\vendor\\laravel\\framework\\src\\Illuminate\\View\\View.php(191): Illuminate\\View\\View->getContents()
#16 C:\\Users\\USER\\Desktop\\Ostad Classes\\PHP_BATCH6\\M22_C3\\blog-project\\vendor\\laravel\\framework\\src\\Illuminate\\View\\View.php(160): Illuminate\\View\\View->renderContents()
#17 C:\\Users\\USER\\Desktop\\Ostad Classes\\PHP_BATCH6\\M22_C3\\blog-project\\vendor\\laravel\\framework\\src\\Illuminate\\Http\\Response.php(78): Illuminate\\View\\View->render()
#18 C:\\Users\\USER\\Desktop\\Ostad Classes\\PHP_BATCH6\\M22_C3\\blog-project\\vendor\\laravel\\framework\\src\\Illuminate\\Http\\Response.php(34): Illuminate\\Http\\Response->setContent(Object(Illuminate\\View\\View))
#19 C:\\Users\\USER\\Desktop\\Ostad Classes\\PHP_BATCH6\\M22_C3\\blog-project\\vendor\\laravel\\framework\\src\\Illuminate\\Routing\\Router.php(924): Illuminate\\Http\\Response->__construct(Object(Illuminate\\View\\View), 200, Array)
#20 C:\\Users\\USER\\Desktop\\Ostad Classes\\PHP_BATCH6\\M22_C3\\blog-project\\vendor\\laravel\\framework\\src\\Illuminate\\Routing\\Router.php(891): Illuminate\\Routing\\Router::toResponse(Object(Illuminate\\Http\\Request), Object(Illuminate\\View\\View))
#21 C:\\Users\\USER\\Desktop\\Ostad Classes\\PHP_BATCH6\\M22_C3\\blog-project\\vendor\\laravel\\framework\\src\\Illuminate\\Routing\\Router.php(807): Illuminate\\Routing\\Router->prepareResponse(Object(Illuminate\\Http\\Request), Object(Illuminate\\View\\View))
#22 C:\\Users\\USER\\Desktop\\Ostad Classes\\PHP_BATCH6\\M22_C3\\blog-project\\vendor\\laravel\\framework\\src\\Illuminate\\Pipeline\\Pipeline.php(169): Illuminate\\Routing\\Router->Illuminate\\Routing\\{closure}(Object(Illuminate\\Http\\Request))
#23 C:\\Users\\USER\\Desktop\\Ostad Classes\\PHP_BATCH6\\M22_C3\\blog-project\\vendor\\laravel\\framework\\src\\Illuminate\\Routing\\Middleware\\SubstituteBindings.php(50): Illuminate\\Pipeline\\Pipeline->Illuminate\\Pipeline\\{closure}(Object(Illuminate\\Http\\Request))
#24 C:\\Users\\USER\\Desktop\\Ostad Classes\\PHP_BATCH6\\M22_C3\\blog-project\\vendor\\laravel\\framework\\src\\Illuminate\\Pipeline\\Pipeline.php(208): Illuminate\\Routing\\Middleware\\SubstituteBindings->handle(Object(Illuminate\\Http\\Request), Object(Closure))
#25 C:\\Users\\USER\\Desktop\\Ostad Classes\\PHP_BATCH6\\M22_C3\\blog-project\\vendor\\laravel\\framework\\src\\Illuminate\\Foundation\\Http\\Middleware\\VerifyCsrfToken.php(87): Illuminate\\Pipeline\\Pipeline->Illuminate\\Pipeline\\{closure}(Object(Illuminate\\Http\\Request))
#26 C:\\Users\\USER\\Desktop\\Ostad Classes\\PHP_BATCH6\\M22_C3\\blog-project\\vendor\\laravel\\framework\\src\\Illuminate\\Pipeline\\Pipeline.php(208): Illuminate\\Foundation\\Http\\Middleware\\VerifyCsrfToken->handle(Object(Illuminate\\Http\\Request), Object(Closure))
#27 C:\\Users\\USER\\Desktop\\Ostad Classes\\PHP_BATCH6\\M22_C3\\blog-project\\vendor\\laravel\\framework\\src\\Illuminate\\View\\Middleware\\ShareErrorsFromSession.php(48): Illuminate\\Pipeline\\Pipeline->Illuminate\\Pipeline\\{closure}(Object(Illuminate\\Http\\Request))
#28 C:\\Users\\USER\\Desktop\\Ostad Classes\\PHP_BATCH6\\M22_C3\\blog-project\\vendor\\laravel\\framework\\src\\Illuminate\\Pipeline\\Pipeline.php(208): Illuminate\\View\\Middleware\\ShareErrorsFromSession->handle(Object(Illuminate\\Http\\Request), Object(Closure))
#29 C:\\Users\\USER\\Desktop\\Ostad Classes\\PHP_BATCH6\\M22_C3\\blog-project\\vendor\\laravel\\framework\\src\\Illuminate\\Session\\Middleware\\StartSession.php(120): Illuminate\\Pipeline\\Pipeline->Illuminate\\Pipeline\\{closure}(Object(Illuminate\\Http\\Request))
#30 C:\\Users\\USER\\Desktop\\Ostad Classes\\PHP_BATCH6\\M22_C3\\blog-project\\vendor\\laravel\\framework\\src\\Illuminate\\Session\\Middleware\\StartSession.php(63): Illuminate\\Session\\Middleware\\StartSession->handleStatefulRequest(Object(Illuminate\\Http\\Request), Object(Illuminate\\Session\\Store), Object(Closure))
#31 C:\\Users\\USER\\Desktop\\Ostad Classes\\PHP_BATCH6\\M22_C3\\blog-project\\vendor\\laravel\\framework\\src\\Illuminate\\Pipeline\\Pipeline.php(208): Illuminate\\Session\\Middleware\\StartSession->handle(Object(Illuminate\\Http\\Request), Object(Closure))
#32 C:\\Users\\USER\\Desktop\\Ostad Classes\\PHP_BATCH6\\M22_C3\\blog-project\\vendor\\laravel\\framework\\src\\Illuminate\\Cookie\\Middleware\\AddQueuedCookiesToResponse.php(36): Illuminate\\Pipeline\\Pipeline->Illuminate\\Pipeline\\{closure}(Object(Illuminate\\Http\\Request))
#33 C:\\Users\\USER\\Desktop\\Ostad Classes\\PHP_BATCH6\\M22_C3\\blog-project\\vendor\\laravel\\framework\\src\\Illuminate\\Pipeline\\Pipeline.php(208): Illuminate\\Cookie\\Middleware\\AddQueuedCookiesToResponse->handle(Object(Illuminate\\Http\\Request), Object(Closure))
#34 C:\\Users\\USER\\Desktop\\Ostad Classes\\PHP_BATCH6\\M22_C3\\blog-project\\vendor\\laravel\\framework\\src\\Illuminate\\Cookie\\Middleware\\EncryptCookies.php(74): Illuminate\\Pipeline\\Pipeline->Illuminate\\Pipeline\\{closure}(Object(Illuminate\\Http\\Request))
#35 C:\\Users\\USER\\Desktop\\Ostad Classes\\PHP_BATCH6\\M22_C3\\blog-project\\vendor\\laravel\\framework\\src\\Illuminate\\Pipeline\\Pipeline.php(208): Illuminate\\Cookie\\Middleware\\EncryptCookies->handle(Object(Illuminate\\Http\\Request), Object(Closure))
#36 C:\\Users\\USER\\Desktop\\Ostad Classes\\PHP_BATCH6\\M22_C3\\blog-project\\vendor\\laravel\\framework\\src\\Illuminate\\Pipeline\\Pipeline.php(126): Illuminate\\Pipeline\\Pipeline->Illuminate\\Pipeline\\{closure}(Object(Illuminate\\Http\\Request))
#37 C:\\Users\\USER\\Desktop\\Ostad Classes\\PHP_BATCH6\\M22_C3\\blog-project\\vendor\\laravel\\framework\\src\\Illuminate\\Routing\\Router.php(807): Illuminate\\Pipeline\\Pipeline->then(Object(Closure))
#38 C:\\Users\\USER\\Desktop\\Ostad Classes\\PHP_BATCH6\\M22_C3\\blog-project\\vendor\\laravel\\framework\\src\\Illuminate\\Routing\\Router.php(786): Illuminate\\Routing\\Router->runRouteWithinStack(Object(Illuminate\\Routing\\Route), Object(Illuminate\\Http\\Request))
#39 C:\\Users\\USER\\Desktop\\Ostad Classes\\PHP_BATCH6\\M22_C3\\blog-project\\vendor\\laravel\\framework\\src\\Illuminate\\Routing\\Router.php(750): Illuminate\\Routing\\Router->runRoute(Object(Illuminate\\Http\\Request), Object(Illuminate\\Routing\\Route))
#40 C:\\Users\\USER\\Desktop\\Ostad Classes\\PHP_BATCH6\\M22_C3\\blog-project\\vendor\\laravel\\framework\\src\\Illuminate\\Routing\\Router.php(739): Illuminate\\Routing\\Router->dispatchToRoute(Object(Illuminate\\Http\\Request))
#41 C:\\Users\\USER\\Desktop\\Ostad Classes\\PHP_BATCH6\\M22_C3\\blog-project\\vendor\\laravel\\framework\\src\\Illuminate\\Foundation\\Http\\Kernel.php(200): Illuminate\\Routing\\Router->dispatch(Object(Illuminate\\Http\\Request))
#42 C:\\Users\\USER\\Desktop\\Ostad Classes\\PHP_BATCH6\\M22_C3\\blog-project\\vendor\\laravel\\framework\\src\\Illuminate\\Pipeline\\Pipeline.php(169): Illuminate\\Foundation\\Http\\Kernel->Illuminate\\Foundation\\Http\\{closure}(Object(Illuminate\\Http\\Request))
#43 C:\\Users\\USER\\Desktop\\Ostad Classes\\PHP_BATCH6\\M22_C3\\blog-project\\vendor\\laravel\\framework\\src\\Illuminate\\Foundation\\Http\\Middleware\\TransformsRequest.php(21): Illuminate\\Pipeline\\Pipeline->Illuminate\\Pipeline\\{closure}(Object(Illuminate\\Http\\Request))
#44 C:\\Users\\USER\\Desktop\\Ostad Classes\\PHP_BATCH6\\M22_C3\\blog-project\\vendor\\laravel\\framework\\src\\Illuminate\\Foundation\\Http\\Middleware\\ConvertEmptyStringsToNull.php(31): Illuminate\\Foundation\\Http\\Middleware\\TransformsRequest->handle(Object(Illuminate\\Http\\Request), Object(Closure))
#45 C:\\Users\\USER\\Desktop\\Ostad Classes\\PHP_BATCH6\\M22_C3\\blog-project\\vendor\\laravel\\framework\\src\\Illuminate\\Pipeline\\Pipeline.php(208): Illuminate\\Foundation\\Http\\Middleware\\ConvertEmptyStringsToNull->handle(Object(Illuminate\\Http\\Request), Object(Closure))
#46 C:\\Users\\USER\\Desktop\\Ostad Classes\\PHP_BATCH6\\M22_C3\\blog-project\\vendor\\laravel\\framework\\src\\Illuminate\\Foundation\\Http\\Middleware\\TransformsRequest.php(21): Illuminate\\Pipeline\\Pipeline->Illuminate\\Pipeline\\{closure}(Object(Illuminate\\Http\\Request))
#47 C:\\Users\\USER\\Desktop\\Ostad Classes\\PHP_BATCH6\\M22_C3\\blog-project\\vendor\\laravel\\framework\\src\\Illuminate\\Foundation\\Http\\Middleware\\TrimStrings.php(51): Illuminate\\Foundation\\Http\\Middleware\\TransformsRequest->handle(Object(Illuminate\\Http\\Request), Object(Closure))
#48 C:\\Users\\USER\\Desktop\\Ostad Classes\\PHP_BATCH6\\M22_C3\\blog-project\\vendor\\laravel\\framework\\src\\Illuminate\\Pipeline\\Pipeline.php(208): Illuminate\\Foundation\\Http\\Middleware\\TrimStrings->handle(Object(Illuminate\\Http\\Request), Object(Closure))
#49 C:\\Users\\USER\\Desktop\\Ostad Classes\\PHP_BATCH6\\M22_C3\\blog-project\\vendor\\laravel\\framework\\src\\Illuminate\\Http\\Middleware\\ValidatePostSize.php(27): Illuminate\\Pipeline\\Pipeline->Illuminate\\Pipeline\\{closure}(Object(Illuminate\\Http\\Request))
#50 C:\\Users\\USER\\Desktop\\Ostad Classes\\PHP_BATCH6\\M22_C3\\blog-project\\vendor\\laravel\\framework\\src\\Illuminate\\Pipeline\\Pipeline.php(208): Illuminate\\Http\\Middleware\\ValidatePostSize->handle(Object(Illuminate\\Http\\Request), Object(Closure))
#51 C:\\Users\\USER\\Desktop\\Ostad Classes\\PHP_BATCH6\\M22_C3\\blog-project\\vendor\\laravel\\framework\\src\\Illuminate\\Foundation\\Http\\Middleware\\PreventRequestsDuringMaintenance.php(109): Illuminate\\Pipeline\\Pipeline->Illuminate\\Pipeline\\{closure}(Object(Illuminate\\Http\\Request))
#52 C:\\Users\\USER\\Desktop\\Ostad Classes\\PHP_BATCH6\\M22_C3\\blog-project\\vendor\\laravel\\framework\\src\\Illuminate\\Pipeline\\Pipeline.php(208): Illuminate\\Foundation\\Http\\Middleware\\PreventRequestsDuringMaintenance->handle(Object(Illuminate\\Http\\Request), Object(Closure))
#53 C:\\Users\\USER\\Desktop\\Ostad Classes\\PHP_BATCH6\\M22_C3\\blog-project\\vendor\\laravel\\framework\\src\\Illuminate\\Http\\Middleware\\HandleCors.php(48): Illuminate\\Pipeline\\Pipeline->Illuminate\\Pipeline\\{closure}(Object(Illuminate\\Http\\Request))
#54 C:\\Users\\USER\\Desktop\\Ostad Classes\\PHP_BATCH6\\M22_C3\\blog-project\\vendor\\laravel\\framework\\src\\Illuminate\\Pipeline\\Pipeline.php(208): Illuminate\\Http\\Middleware\\HandleCors->handle(Object(Illuminate\\Http\\Request), Object(Closure))
#55 C:\\Users\\USER\\Desktop\\Ostad Classes\\PHP_BATCH6\\M22_C3\\blog-project\\vendor\\laravel\\framework\\src\\Illuminate\\Http\\Middleware\\TrustProxies.php(58): Illuminate\\Pipeline\\Pipeline->Illuminate\\Pipeline\\{closure}(Object(Illuminate\\Http\\Request))
#56 C:\\Users\\USER\\Desktop\\Ostad Classes\\PHP_BATCH6\\M22_C3\\blog-project\\vendor\\laravel\\framework\\src\\Illuminate\\Pipeline\\Pipeline.php(208): Illuminate\\Http\\Middleware\\TrustProxies->handle(Object(Illuminate\\Http\\Request), Object(Closure))
#57 C:\\Users\\USER\\Desktop\\Ostad Classes\\PHP_BATCH6\\M22_C3\\blog-project\\vendor\\laravel\\framework\\src\\Illuminate\\Foundation\\Http\\Middleware\\InvokeDeferredCallbacks.php(22): Illuminate\\Pipeline\\Pipeline->Illuminate\\Pipeline\\{closure}(Object(Illuminate\\Http\\Request))
#58 C:\\Users\\USER\\Desktop\\Ostad Classes\\PHP_BATCH6\\M22_C3\\blog-project\\vendor\\laravel\\framework\\src\\Illuminate\\Pipeline\\Pipeline.php(208): Illuminate\\Foundation\\Http\\Middleware\\InvokeDeferredCallbacks->handle(Object(Illuminate\\Http\\Request), Object(Closure))
#59 C:\\Users\\USER\\Desktop\\Ostad Classes\\PHP_BATCH6\\M22_C3\\blog-project\\vendor\\laravel\\framework\\src\\Illuminate\\Http\\Middleware\\ValidatePathEncoding.php(26): Illuminate\\Pipeline\\Pipeline->Illuminate\\Pipeline\\{closure}(Object(Illuminate\\Http\\Request))
#60 C:\\Users\\USER\\Desktop\\Ostad Classes\\PHP_BATCH6\\M22_C3\\blog-project\\vendor\\laravel\\framework\\src\\Illuminate\\Pipeline\\Pipeline.php(208): Illuminate\\Http\\Middleware\\ValidatePathEncoding->handle(Object(Illuminate\\Http\\Request), Object(Closure))
#61 C:\\Users\\USER\\Desktop\\Ostad Classes\\PHP_BATCH6\\M22_C3\\blog-project\\vendor\\laravel\\framework\\src\\Illuminate\\Pipeline\\Pipeline.php(126): Illuminate\\Pipeline\\Pipeline->Illuminate\\Pipeline\\{closure}(Object(Illuminate\\Http\\Request))
#62 C:\\Users\\USER\\Desktop\\Ostad Classes\\PHP_BATCH6\\M22_C3\\blog-project\\vendor\\laravel\\framework\\src\\Illuminate\\Foundation\\Http\\Kernel.php(175): Illuminate\\Pipeline\\Pipeline->then(Object(Closure))
#63 C:\\Users\\USER\\Desktop\\Ostad Classes\\PHP_BATCH6\\M22_C3\\blog-project\\vendor\\laravel\\framework\\src\\Illuminate\\Foundation\\Http\\Kernel.php(144): Illuminate\\Foundation\\Http\\Kernel->sendRequestThroughRouter(Object(Illuminate\\Http\\Request))
#64 C:\\Users\\USER\\Desktop\\Ostad Classes\\PHP_BATCH6\\M22_C3\\blog-project\\vendor\\laravel\\framework\\src\\Illuminate\\Foundation\\Application.php(1219): Illuminate\\Foundation\\Http\\Kernel->handle(Object(Illuminate\\Http\\Request))
#65 C:\\Users\\USER\\Desktop\\Ostad Classes\\PHP_BATCH6\\M22_C3\\blog-project\\public\\index.php(20): Illuminate\\Foundation\\Application->handleRequest(Object(Illuminate\\Http\\Request))
#66 C:\\Users\\USER\\Desktop\\Ostad Classes\\PHP_BATCH6\\M22_C3\\blog-project\\vendor\\laravel\\framework\\src\\Illuminate\\Foundation\\resources\\server.php(23): require_once('C:\\\\Users\\\\USER\\\\D...')
#67 {main}
"} 
[2025-05-01 16:06:04] local.ERROR: SQLSTATE[HY000]: General error: 1 no such table: categoires (Connection: sqlite, SQL: select count(*) as aggregate from "categoires" where "name" = Technology) {"exception":"[object] (Illuminate\\Database\\QueryException(code: HY000): SQLSTATE[HY000]: General error: 1 no such table: categoires (Connection: sqlite, SQL: select count(*) as aggregate from \"categoires\" where \"name\" = Technology) at C:\\Users\\USER\\Desktop\\Ostad Classes\\PHP_BATCH6\\M22_C3\\blog-project\\vendor\\laravel\\framework\\src\\Illuminate\\Database\\Connection.php:822)
[stacktrace]
#0 C:\\Users\\USER\\Desktop\\Ostad Classes\\PHP_BATCH6\\M22_C3\\blog-project\\vendor\\laravel\\framework\\src\\Illuminate\\Database\\Connection.php(776): Illuminate\\Database\\Connection->runQueryCallback('select count(*)...', Array, Object(Closure))
#1 C:\\Users\\USER\\Desktop\\Ostad Classes\\PHP_BATCH6\\M22_C3\\blog-project\\vendor\\laravel\\framework\\src\\Illuminate\\Database\\Connection.php(395): Illuminate\\Database\\Connection->run('select count(*)...', Array, Object(Closure))
#2 C:\\Users\\USER\\Desktop\\Ostad Classes\\PHP_BATCH6\\M22_C3\\blog-project\\vendor\\laravel\\framework\\src\\Illuminate\\Database\\Query\\Builder.php(3117): Illuminate\\Database\\Connection->select('select count(*)...', Array, false)
#3 C:\\Users\\USER\\Desktop\\Ostad Classes\\PHP_BATCH6\\M22_C3\\blog-project\\vendor\\laravel\\framework\\src\\Illuminate\\Database\\Query\\Builder.php(3102): Illuminate\\Database\\Query\\Builder->runSelect()
#4 C:\\Users\\USER\\Desktop\\Ostad Classes\\PHP_BATCH6\\M22_C3\\blog-project\\vendor\\laravel\\framework\\src\\Illuminate\\Database\\Query\\Builder.php(3689): Illuminate\\Database\\Query\\Builder->Illuminate\\Database\\Query\\{closure}()
#5 C:\\Users\\USER\\Desktop\\Ostad Classes\\PHP_BATCH6\\M22_C3\\blog-project\\vendor\\laravel\\framework\\src\\Illuminate\\Database\\Query\\Builder.php(3101): Illuminate\\Database\\Query\\Builder->onceWithColumns(Array, Object(Closure))
#6 C:\\Users\\USER\\Desktop\\Ostad Classes\\PHP_BATCH6\\M22_C3\\blog-project\\vendor\\laravel\\framework\\src\\Illuminate\\Database\\Query\\Builder.php(3615): Illuminate\\Database\\Query\\Builder->get(Array)
#7 C:\\Users\\USER\\Desktop\\Ostad Classes\\PHP_BATCH6\\M22_C3\\blog-project\\vendor\\laravel\\framework\\src\\Illuminate\\Database\\Query\\Builder.php(3543): Illuminate\\Database\\Query\\Builder->aggregate('count', Array)
#8 C:\\Users\\USER\\Desktop\\Ostad Classes\\PHP_BATCH6\\M22_C3\\blog-project\\vendor\\laravel\\framework\\src\\Illuminate\\Validation\\DatabasePresenceVerifier.php(53): Illuminate\\Database\\Query\\Builder->count()
#9 C:\\Users\\USER\\Desktop\\Ostad Classes\\PHP_BATCH6\\M22_C3\\blog-project\\vendor\\laravel\\framework\\src\\Illuminate\\Validation\\Concerns\\ValidatesAttributes.php(1029): Illuminate\\Validation\\DatabasePresenceVerifier->getCount('categoires', 'name', 'Technology', NULL, NULL, Array)
#10 C:\\Users\\USER\\Desktop\\Ostad Classes\\PHP_BATCH6\\M22_C3\\blog-project\\vendor\\laravel\\framework\\src\\Illuminate\\Validation\\Validator.php(685): Illuminate\\Validation\\Validator->validateUnique('name', 'Technology', Array, Object(Illuminate\\Validation\\Validator))
#11 C:\\Users\\USER\\Desktop\\Ostad Classes\\PHP_BATCH6\\M22_C3\\blog-project\\vendor\\laravel\\framework\\src\\Illuminate\\Validation\\Validator.php(480): Illuminate\\Validation\\Validator->validateAttribute('name', 'Unique')
#12 C:\\Users\\USER\\Desktop\\Ostad Classes\\PHP_BATCH6\\M22_C3\\blog-project\\vendor\\laravel\\framework\\src\\Illuminate\\Validation\\Validator.php(515): Illuminate\\Validation\\Validator->passes()
#13 C:\\Users\\USER\\Desktop\\Ostad Classes\\PHP_BATCH6\\M22_C3\\blog-project\\vendor\\laravel\\framework\\src\\Illuminate\\Validation\\Validator.php(557): Illuminate\\Validation\\Validator->fails()
#14 C:\\Users\\USER\\Desktop\\Ostad Classes\\PHP_BATCH6\\M22_C3\\blog-project\\vendor\\laravel\\framework\\src\\Illuminate\\Foundation\\Providers\\FoundationServiceProvider.php(155): Illuminate\\Validation\\Validator->validate()
#15 C:\\Users\\USER\\Desktop\\Ostad Classes\\PHP_BATCH6\\M22_C3\\blog-project\\vendor\\laravel\\framework\\src\\Illuminate\\Macroable\\Traits\\Macroable.php(126): Illuminate\\Http\\Request->Illuminate\\Foundation\\Providers\\{closure}(Array)
#16 C:\\Users\\USER\\Desktop\\Ostad Classes\\PHP_BATCH6\\M22_C3\\blog-project\\app\\Http\\Controllers\\CategoryController.php(31): Illuminate\\Http\\Request->__call('validate', Array)
#17 C:\\Users\\USER\\Desktop\\Ostad Classes\\PHP_BATCH6\\M22_C3\\blog-project\\vendor\\laravel\\framework\\src\\Illuminate\\Routing\\ControllerDispatcher.php(46): App\\Http\\Controllers\\CategoryController->store(Object(Illuminate\\Http\\Request))
#18 C:\\Users\\USER\\Desktop\\Ostad Classes\\PHP_BATCH6\\M22_C3\\blog-project\\vendor\\laravel\\framework\\src\\Illuminate\\Routing\\Route.php(265): Illuminate\\Routing\\ControllerDispatcher->dispatch(Object(Illuminate\\Routing\\Route), Object(App\\Http\\Controllers\\CategoryController), 'store')
#19 C:\\Users\\USER\\Desktop\\Ostad Classes\\PHP_BATCH6\\M22_C3\\blog-project\\vendor\\laravel\\framework\\src\\Illuminate\\Routing\\Route.php(211): Illuminate\\Routing\\Route->runController()
#20 C:\\Users\\USER\\Desktop\\Ostad Classes\\PHP_BATCH6\\M22_C3\\blog-project\\vendor\\laravel\\framework\\src\\Illuminate\\Routing\\Router.php(808): Illuminate\\Routing\\Route->run()
#21 C:\\Users\\USER\\Desktop\\Ostad Classes\\PHP_BATCH6\\M22_C3\\blog-project\\vendor\\laravel\\framework\\src\\Illuminate\\Pipeline\\Pipeline.php(169): Illuminate\\Routing\\Router->Illuminate\\Routing\\{closure}(Object(Illuminate\\Http\\Request))
#22 C:\\Users\\USER\\Desktop\\Ostad Classes\\PHP_BATCH6\\M22_C3\\blog-project\\vendor\\laravel\\framework\\src\\Illuminate\\Routing\\Middleware\\SubstituteBindings.php(50): Illuminate\\Pipeline\\Pipeline->Illuminate\\Pipeline\\{closure}(Object(Illuminate\\Http\\Request))
#23 C:\\Users\\USER\\Desktop\\Ostad Classes\\PHP_BATCH6\\M22_C3\\blog-project\\vendor\\laravel\\framework\\src\\Illuminate\\Pipeline\\Pipeline.php(208): Illuminate\\Routing\\Middleware\\SubstituteBindings->handle(Object(Illuminate\\Http\\Request), Object(Closure))
#24 C:\\Users\\USER\\Desktop\\Ostad Classes\\PHP_BATCH6\\M22_C3\\blog-project\\vendor\\laravel\\framework\\src\\Illuminate\\Foundation\\Http\\Middleware\\VerifyCsrfToken.php(87): Illuminate\\Pipeline\\Pipeline->Illuminate\\Pipeline\\{closure}(Object(Illuminate\\Http\\Request))
#25 C:\\Users\\USER\\Desktop\\Ostad Classes\\PHP_BATCH6\\M22_C3\\blog-project\\vendor\\laravel\\framework\\src\\Illuminate\\Pipeline\\Pipeline.php(208): Illuminate\\Foundation\\Http\\Middleware\\VerifyCsrfToken->handle(Object(Illuminate\\Http\\Request), Object(Closure))
#26 C:\\Users\\USER\\Desktop\\Ostad Classes\\PHP_BATCH6\\M22_C3\\blog-project\\vendor\\laravel\\framework\\src\\Illuminate\\View\\Middleware\\ShareErrorsFromSession.php(48): Illuminate\\Pipeline\\Pipeline->Illuminate\\Pipeline\\{closure}(Object(Illuminate\\Http\\Request))
#27 C:\\Users\\USER\\Desktop\\Ostad Classes\\PHP_BATCH6\\M22_C3\\blog-project\\vendor\\laravel\\framework\\src\\Illuminate\\Pipeline\\Pipeline.php(208): Illuminate\\View\\Middleware\\ShareErrorsFromSession->handle(Object(Illuminate\\Http\\Request), Object(Closure))
#28 C:\\Users\\USER\\Desktop\\Ostad Classes\\PHP_BATCH6\\M22_C3\\blog-project\\vendor\\laravel\\framework\\src\\Illuminate\\Session\\Middleware\\StartSession.php(120): Illuminate\\Pipeline\\Pipeline->Illuminate\\Pipeline\\{closure}(Object(Illuminate\\Http\\Request))
#29 C:\\Users\\USER\\Desktop\\Ostad Classes\\PHP_BATCH6\\M22_C3\\blog-project\\vendor\\laravel\\framework\\src\\Illuminate\\Session\\Middleware\\StartSession.php(63): Illuminate\\Session\\Middleware\\StartSession->handleStatefulRequest(Object(Illuminate\\Http\\Request), Object(Illuminate\\Session\\Store), Object(Closure))
#30 C:\\Users\\USER\\Desktop\\Ostad Classes\\PHP_BATCH6\\M22_C3\\blog-project\\vendor\\laravel\\framework\\src\\Illuminate\\Pipeline\\Pipeline.php(208): Illuminate\\Session\\Middleware\\StartSession->handle(Object(Illuminate\\Http\\Request), Object(Closure))
#31 C:\\Users\\USER\\Desktop\\Ostad Classes\\PHP_BATCH6\\M22_C3\\blog-project\\vendor\\laravel\\framework\\src\\Illuminate\\Cookie\\Middleware\\AddQueuedCookiesToResponse.php(36): Illuminate\\Pipeline\\Pipeline->Illuminate\\Pipeline\\{closure}(Object(Illuminate\\Http\\Request))
#32 C:\\Users\\USER\\Desktop\\Ostad Classes\\PHP_BATCH6\\M22_C3\\blog-project\\vendor\\laravel\\framework\\src\\Illuminate\\Pipeline\\Pipeline.php(208): Illuminate\\Cookie\\Middleware\\AddQueuedCookiesToResponse->handle(Object(Illuminate\\Http\\Request), Object(Closure))
#33 C:\\Users\\USER\\Desktop\\Ostad Classes\\PHP_BATCH6\\M22_C3\\blog-project\\vendor\\laravel\\framework\\src\\Illuminate\\Cookie\\Middleware\\EncryptCookies.php(74): Illuminate\\Pipeline\\Pipeline->Illuminate\\Pipeline\\{closure}(Object(Illuminate\\Http\\Request))
#34 C:\\Users\\USER\\Desktop\\Ostad Classes\\PHP_BATCH6\\M22_C3\\blog-project\\vendor\\laravel\\framework\\src\\Illuminate\\Pipeline\\Pipeline.php(208): Illuminate\\Cookie\\Middleware\\EncryptCookies->handle(Object(Illuminate\\Http\\Request), Object(Closure))
#35 C:\\Users\\USER\\Desktop\\Ostad Classes\\PHP_BATCH6\\M22_C3\\blog-project\\vendor\\laravel\\framework\\src\\Illuminate\\Pipeline\\Pipeline.php(126): Illuminate\\Pipeline\\Pipeline->Illuminate\\Pipeline\\{closure}(Object(Illuminate\\Http\\Request))
#36 C:\\Users\\USER\\Desktop\\Ostad Classes\\PHP_BATCH6\\M22_C3\\blog-project\\vendor\\laravel\\framework\\src\\Illuminate\\Routing\\Router.php(807): Illuminate\\Pipeline\\Pipeline->then(Object(Closure))
#37 C:\\Users\\USER\\Desktop\\Ostad Classes\\PHP_BATCH6\\M22_C3\\blog-project\\vendor\\laravel\\framework\\src\\Illuminate\\Routing\\Router.php(786): Illuminate\\Routing\\Router->runRouteWithinStack(Object(Illuminate\\Routing\\Route), Object(Illuminate\\Http\\Request))
#38 C:\\Users\\USER\\Desktop\\Ostad Classes\\PHP_BATCH6\\M22_C3\\blog-project\\vendor\\laravel\\framework\\src\\Illuminate\\Routing\\Router.php(750): Illuminate\\Routing\\Router->runRoute(Object(Illuminate\\Http\\Request), Object(Illuminate\\Routing\\Route))
#39 C:\\Users\\USER\\Desktop\\Ostad Classes\\PHP_BATCH6\\M22_C3\\blog-project\\vendor\\laravel\\framework\\src\\Illuminate\\Routing\\Router.php(739): Illuminate\\Routing\\Router->dispatchToRoute(Object(Illuminate\\Http\\Request))
#40 C:\\Users\\USER\\Desktop\\Ostad Classes\\PHP_BATCH6\\M22_C3\\blog-project\\vendor\\laravel\\framework\\src\\Illuminate\\Foundation\\Http\\Kernel.php(200): Illuminate\\Routing\\Router->dispatch(Object(Illuminate\\Http\\Request))
#41 C:\\Users\\USER\\Desktop\\Ostad Classes\\PHP_BATCH6\\M22_C3\\blog-project\\vendor\\laravel\\framework\\src\\Illuminate\\Pipeline\\Pipeline.php(169): Illuminate\\Foundation\\Http\\Kernel->Illuminate\\Foundation\\Http\\{closure}(Object(Illuminate\\Http\\Request))
#42 C:\\Users\\USER\\Desktop\\Ostad Classes\\PHP_BATCH6\\M22_C3\\blog-project\\vendor\\laravel\\framework\\src\\Illuminate\\Foundation\\Http\\Middleware\\TransformsRequest.php(21): Illuminate\\Pipeline\\Pipeline->Illuminate\\Pipeline\\{closure}(Object(Illuminate\\Http\\Request))
#43 C:\\Users\\USER\\Desktop\\Ostad Classes\\PHP_BATCH6\\M22_C3\\blog-project\\vendor\\laravel\\framework\\src\\Illuminate\\Foundation\\Http\\Middleware\\ConvertEmptyStringsToNull.php(31): Illuminate\\Foundation\\Http\\Middleware\\TransformsRequest->handle(Object(Illuminate\\Http\\Request), Object(Closure))
#44 C:\\Users\\USER\\Desktop\\Ostad Classes\\PHP_BATCH6\\M22_C3\\blog-project\\vendor\\laravel\\framework\\src\\Illuminate\\Pipeline\\Pipeline.php(208): Illuminate\\Foundation\\Http\\Middleware\\ConvertEmptyStringsToNull->handle(Object(Illuminate\\Http\\Request), Object(Closure))
#45 C:\\Users\\USER\\Desktop\\Ostad Classes\\PHP_BATCH6\\M22_C3\\blog-project\\vendor\\laravel\\framework\\src\\Illuminate\\Foundation\\Http\\Middleware\\TransformsRequest.php(21): Illuminate\\Pipeline\\Pipeline->Illuminate\\Pipeline\\{closure}(Object(Illuminate\\Http\\Request))
#46 C:\\Users\\USER\\Desktop\\Ostad Classes\\PHP_BATCH6\\M22_C3\\blog-project\\vendor\\laravel\\framework\\src\\Illuminate\\Foundation\\Http\\Middleware\\TrimStrings.php(51): Illuminate\\Foundation\\Http\\Middleware\\TransformsRequest->handle(Object(Illuminate\\Http\\Request), Object(Closure))
#47 C:\\Users\\USER\\Desktop\\Ostad Classes\\PHP_BATCH6\\M22_C3\\blog-project\\vendor\\laravel\\framework\\src\\Illuminate\\Pipeline\\Pipeline.php(208): Illuminate\\Foundation\\Http\\Middleware\\TrimStrings->handle(Object(Illuminate\\Http\\Request), Object(Closure))
#48 C:\\Users\\USER\\Desktop\\Ostad Classes\\PHP_BATCH6\\M22_C3\\blog-project\\vendor\\laravel\\framework\\src\\Illuminate\\Http\\Middleware\\ValidatePostSize.php(27): Illuminate\\Pipeline\\Pipeline->Illuminate\\Pipeline\\{closure}(Object(Illuminate\\Http\\Request))
#49 C:\\Users\\USER\\Desktop\\Ostad Classes\\PHP_BATCH6\\M22_C3\\blog-project\\vendor\\laravel\\framework\\src\\Illuminate\\Pipeline\\Pipeline.php(208): Illuminate\\Http\\Middleware\\ValidatePostSize->handle(Object(Illuminate\\Http\\Request), Object(Closure))
#50 C:\\Users\\USER\\Desktop\\Ostad Classes\\PHP_BATCH6\\M22_C3\\blog-project\\vendor\\laravel\\framework\\src\\Illuminate\\Foundation\\Http\\Middleware\\PreventRequestsDuringMaintenance.php(109): Illuminate\\Pipeline\\Pipeline->Illuminate\\Pipeline\\{closure}(Object(Illuminate\\Http\\Request))
#51 C:\\Users\\USER\\Desktop\\Ostad Classes\\PHP_BATCH6\\M22_C3\\blog-project\\vendor\\laravel\\framework\\src\\Illuminate\\Pipeline\\Pipeline.php(208): Illuminate\\Foundation\\Http\\Middleware\\PreventRequestsDuringMaintenance->handle(Object(Illuminate\\Http\\Request), Object(Closure))
#52 C:\\Users\\USER\\Desktop\\Ostad Classes\\PHP_BATCH6\\M22_C3\\blog-project\\vendor\\laravel\\framework\\src\\Illuminate\\Http\\Middleware\\HandleCors.php(48): Illuminate\\Pipeline\\Pipeline->Illuminate\\Pipeline\\{closure}(Object(Illuminate\\Http\\Request))
#53 C:\\Users\\USER\\Desktop\\Ostad Classes\\PHP_BATCH6\\M22_C3\\blog-project\\vendor\\laravel\\framework\\src\\Illuminate\\Pipeline\\Pipeline.php(208): Illuminate\\Http\\Middleware\\HandleCors->handle(Object(Illuminate\\Http\\Request), Object(Closure))
#54 C:\\Users\\USER\\Desktop\\Ostad Classes\\PHP_BATCH6\\M22_C3\\blog-project\\vendor\\laravel\\framework\\src\\Illuminate\\Http\\Middleware\\TrustProxies.php(58): Illuminate\\Pipeline\\Pipeline->Illuminate\\Pipeline\\{closure}(Object(Illuminate\\Http\\Request))
#55 C:\\Users\\USER\\Desktop\\Ostad Classes\\PHP_BATCH6\\M22_C3\\blog-project\\vendor\\laravel\\framework\\src\\Illuminate\\Pipeline\\Pipeline.php(208): Illuminate\\Http\\Middleware\\TrustProxies->handle(Object(Illuminate\\Http\\Request), Object(Closure))
#56 C:\\Users\\USER\\Desktop\\Ostad Classes\\PHP_BATCH6\\M22_C3\\blog-project\\vendor\\laravel\\framework\\src\\Illuminate\\Foundation\\Http\\Middleware\\InvokeDeferredCallbacks.php(22): Illuminate\\Pipeline\\Pipeline->Illuminate\\Pipeline\\{closure}(Object(Illuminate\\Http\\Request))
#57 C:\\Users\\USER\\Desktop\\Ostad Classes\\PHP_BATCH6\\M22_C3\\blog-project\\vendor\\laravel\\framework\\src\\Illuminate\\Pipeline\\Pipeline.php(208): Illuminate\\Foundation\\Http\\Middleware\\InvokeDeferredCallbacks->handle(Object(Illuminate\\Http\\Request), Object(Closure))
#58 C:\\Users\\USER\\Desktop\\Ostad Classes\\PHP_BATCH6\\M22_C3\\blog-project\\vendor\\laravel\\framework\\src\\Illuminate\\Http\\Middleware\\ValidatePathEncoding.php(26): Illuminate\\Pipeline\\Pipeline->Illuminate\\Pipeline\\{closure}(Object(Illuminate\\Http\\Request))
#59 C:\\Users\\USER\\Desktop\\Ostad Classes\\PHP_BATCH6\\M22_C3\\blog-project\\vendor\\laravel\\framework\\src\\Illuminate\\Pipeline\\Pipeline.php(208): Illuminate\\Http\\Middleware\\ValidatePathEncoding->handle(Object(Illuminate\\Http\\Request), Object(Closure))
#60 C:\\Users\\USER\\Desktop\\Ostad Classes\\PHP_BATCH6\\M22_C3\\blog-project\\vendor\\laravel\\framework\\src\\Illuminate\\Pipeline\\Pipeline.php(126): Illuminate\\Pipeline\\Pipeline->Illuminate\\Pipeline\\{closure}(Object(Illuminate\\Http\\Request))
#61 C:\\Users\\USER\\Desktop\\Ostad Classes\\PHP_BATCH6\\M22_C3\\blog-project\\vendor\\laravel\\framework\\src\\Illuminate\\Foundation\\Http\\Kernel.php(175): Illuminate\\Pipeline\\Pipeline->then(Object(Closure))
#62 C:\\Users\\USER\\Desktop\\Ostad Classes\\PHP_BATCH6\\M22_C3\\blog-project\\vendor\\laravel\\framework\\src\\Illuminate\\Foundation\\Http\\Kernel.php(144): Illuminate\\Foundation\\Http\\Kernel->sendRequestThroughRouter(Object(Illuminate\\Http\\Request))
#63 C:\\Users\\USER\\Desktop\\Ostad Classes\\PHP_BATCH6\\M22_C3\\blog-project\\vendor\\laravel\\framework\\src\\Illuminate\\Foundation\\Application.php(1219): Illuminate\\Foundation\\Http\\Kernel->handle(Object(Illuminate\\Http\\Request))
#64 C:\\Users\\USER\\Desktop\\Ostad Classes\\PHP_BATCH6\\M22_C3\\blog-project\\public\\index.php(20): Illuminate\\Foundation\\Application->handleRequest(Object(Illuminate\\Http\\Request))
#65 C:\\Users\\USER\\Desktop\\Ostad Classes\\PHP_BATCH6\\M22_C3\\blog-project\\vendor\\laravel\\framework\\src\\Illuminate\\Foundation\\resources\\server.php(23): require_once('C:\\\\Users\\\\USER\\\\D...')
#66 {main}

[previous exception] [object] (PDOException(code: HY000): SQLSTATE[HY000]: General error: 1 no such table: categoires at C:\\Users\\USER\\Desktop\\Ostad Classes\\PHP_BATCH6\\M22_C3\\blog-project\\vendor\\laravel\\framework\\src\\Illuminate\\Database\\Connection.php:404)
[stacktrace]
#0 C:\\Users\\USER\\Desktop\\Ostad Classes\\PHP_BATCH6\\M22_C3\\blog-project\\vendor\\laravel\\framework\\src\\Illuminate\\Database\\Connection.php(404): PDO->prepare('select count(*)...')
#1 C:\\Users\\USER\\Desktop\\Ostad Classes\\PHP_BATCH6\\M22_C3\\blog-project\\vendor\\laravel\\framework\\src\\Illuminate\\Database\\Connection.php(809): Illuminate\\Database\\Connection->Illuminate\\Database\\{closure}('select count(*)...', Array)
#2 C:\\Users\\USER\\Desktop\\Ostad Classes\\PHP_BATCH6\\M22_C3\\blog-project\\vendor\\laravel\\framework\\src\\Illuminate\\Database\\Connection.php(776): Illuminate\\Database\\Connection->runQueryCallback('select count(*)...', Array, Object(Closure))
#3 C:\\Users\\USER\\Desktop\\Ostad Classes\\PHP_BATCH6\\M22_C3\\blog-project\\vendor\\laravel\\framework\\src\\Illuminate\\Database\\Connection.php(395): Illuminate\\Database\\Connection->run('select count(*)...', Array, Object(Closure))
#4 C:\\Users\\USER\\Desktop\\Ostad Classes\\PHP_BATCH6\\M22_C3\\blog-project\\vendor\\laravel\\framework\\src\\Illuminate\\Database\\Query\\Builder.php(3117): Illuminate\\Database\\Connection->select('select count(*)...', Array, false)
#5 C:\\Users\\USER\\Desktop\\Ostad Classes\\PHP_BATCH6\\M22_C3\\blog-project\\vendor\\laravel\\framework\\src\\Illuminate\\Database\\Query\\Builder.php(3102): Illuminate\\Database\\Query\\Builder->runSelect()
#6 C:\\Users\\USER\\Desktop\\Ostad Classes\\PHP_BATCH6\\M22_C3\\blog-project\\vendor\\laravel\\framework\\src\\Illuminate\\Database\\Query\\Builder.php(3689): Illuminate\\Database\\Query\\Builder->Illuminate\\Database\\Query\\{closure}()
#7 C:\\Users\\USER\\Desktop\\Ostad Classes\\PHP_BATCH6\\M22_C3\\blog-project\\vendor\\laravel\\framework\\src\\Illuminate\\Database\\Query\\Builder.php(3101): Illuminate\\Database\\Query\\Builder->onceWithColumns(Array, Object(Closure))
#8 C:\\Users\\USER\\Desktop\\Ostad Classes\\PHP_BATCH6\\M22_C3\\blog-project\\vendor\\laravel\\framework\\src\\Illuminate\\Database\\Query\\Builder.php(3615): Illuminate\\Database\\Query\\Builder->get(Array)
#9 C:\\Users\\USER\\Desktop\\Ostad Classes\\PHP_BATCH6\\M22_C3\\blog-project\\vendor\\laravel\\framework\\src\\Illuminate\\Database\\Query\\Builder.php(3543): Illuminate\\Database\\Query\\Builder->aggregate('count', Array)
#10 C:\\Users\\USER\\Desktop\\Ostad Classes\\PHP_BATCH6\\M22_C3\\blog-project\\vendor\\laravel\\framework\\src\\Illuminate\\Validation\\DatabasePresenceVerifier.php(53): Illuminate\\Database\\Query\\Builder->count()
#11 C:\\Users\\USER\\Desktop\\Ostad Classes\\PHP_BATCH6\\M22_C3\\blog-project\\vendor\\laravel\\framework\\src\\Illuminate\\Validation\\Concerns\\ValidatesAttributes.php(1029): Illuminate\\Validation\\DatabasePresenceVerifier->getCount('categoires', 'name', 'Technology', NULL, NULL, Array)
#12 C:\\Users\\USER\\Desktop\\Ostad Classes\\PHP_BATCH6\\M22_C3\\blog-project\\vendor\\laravel\\framework\\src\\Illuminate\\Validation\\Validator.php(685): Illuminate\\Validation\\Validator->validateUnique('name', 'Technology', Array, Object(Illuminate\\Validation\\Validator))
#13 C:\\Users\\USER\\Desktop\\Ostad Classes\\PHP_BATCH6\\M22_C3\\blog-project\\vendor\\laravel\\framework\\src\\Illuminate\\Validation\\Validator.php(480): Illuminate\\Validation\\Validator->validateAttribute('name', 'Unique')
#14 C:\\Users\\USER\\Desktop\\Ostad Classes\\PHP_BATCH6\\M22_C3\\blog-project\\vendor\\laravel\\framework\\src\\Illuminate\\Validation\\Validator.php(515): Illuminate\\Validation\\Validator->passes()
#15 C:\\Users\\USER\\Desktop\\Ostad Classes\\PHP_BATCH6\\M22_C3\\blog-project\\vendor\\laravel\\framework\\src\\Illuminate\\Validation\\Validator.php(557): Illuminate\\Validation\\Validator->fails()
#16 C:\\Users\\USER\\Desktop\\Ostad Classes\\PHP_BATCH6\\M22_C3\\blog-project\\vendor\\laravel\\framework\\src\\Illuminate\\Foundation\\Providers\\FoundationServiceProvider.php(155): Illuminate\\Validation\\Validator->validate()
#17 C:\\Users\\USER\\Desktop\\Ostad Classes\\PHP_BATCH6\\M22_C3\\blog-project\\vendor\\laravel\\framework\\src\\Illuminate\\Macroable\\Traits\\Macroable.php(126): Illuminate\\Http\\Request->Illuminate\\Foundation\\Providers\\{closure}(Array)
#18 C:\\Users\\USER\\Desktop\\Ostad Classes\\PHP_BATCH6\\M22_C3\\blog-project\\app\\Http\\Controllers\\CategoryController.php(31): Illuminate\\Http\\Request->__call('validate', Array)
#19 C:\\Users\\USER\\Desktop\\Ostad Classes\\PHP_BATCH6\\M22_C3\\blog-project\\vendor\\laravel\\framework\\src\\Illuminate\\Routing\\ControllerDispatcher.php(46): App\\Http\\Controllers\\CategoryController->store(Object(Illuminate\\Http\\Request))
#20 C:\\Users\\USER\\Desktop\\Ostad Classes\\PHP_BATCH6\\M22_C3\\blog-project\\vendor\\laravel\\framework\\src\\Illuminate\\Routing\\Route.php(265): Illuminate\\Routing\\ControllerDispatcher->dispatch(Object(Illuminate\\Routing\\Route), Object(App\\Http\\Controllers\\CategoryController), 'store')
#21 C:\\Users\\USER\\Desktop\\Ostad Classes\\PHP_BATCH6\\M22_C3\\blog-project\\vendor\\laravel\\framework\\src\\Illuminate\\Routing\\Route.php(211): Illuminate\\Routing\\Route->runController()
#22 C:\\Users\\USER\\Desktop\\Ostad Classes\\PHP_BATCH6\\M22_C3\\blog-project\\vendor\\laravel\\framework\\src\\Illuminate\\Routing\\Router.php(808): Illuminate\\Routing\\Route->run()
#23 C:\\Users\\USER\\Desktop\\Ostad Classes\\PHP_BATCH6\\M22_C3\\blog-project\\vendor\\laravel\\framework\\src\\Illuminate\\Pipeline\\Pipeline.php(169): Illuminate\\Routing\\Router->Illuminate\\Routing\\{closure}(Object(Illuminate\\Http\\Request))
#24 C:\\Users\\USER\\Desktop\\Ostad Classes\\PHP_BATCH6\\M22_C3\\blog-project\\vendor\\laravel\\framework\\src\\Illuminate\\Routing\\Middleware\\SubstituteBindings.php(50): Illuminate\\Pipeline\\Pipeline->Illuminate\\Pipeline\\{closure}(Object(Illuminate\\Http\\Request))
#25 C:\\Users\\USER\\Desktop\\Ostad Classes\\PHP_BATCH6\\M22_C3\\blog-project\\vendor\\laravel\\framework\\src\\Illuminate\\Pipeline\\Pipeline.php(208): Illuminate\\Routing\\Middleware\\SubstituteBindings->handle(Object(Illuminate\\Http\\Request), Object(Closure))
#26 C:\\Users\\USER\\Desktop\\Ostad Classes\\PHP_BATCH6\\M22_C3\\blog-project\\vendor\\laravel\\framework\\src\\Illuminate\\Foundation\\Http\\Middleware\\VerifyCsrfToken.php(87): Illuminate\\Pipeline\\Pipeline->Illuminate\\Pipeline\\{closure}(Object(Illuminate\\Http\\Request))
#27 C:\\Users\\USER\\Desktop\\Ostad Classes\\PHP_BATCH6\\M22_C3\\blog-project\\vendor\\laravel\\framework\\src\\Illuminate\\Pipeline\\Pipeline.php(208): Illuminate\\Foundation\\Http\\Middleware\\VerifyCsrfToken->handle(Object(Illuminate\\Http\\Request), Object(Closure))
#28 C:\\Users\\USER\\Desktop\\Ostad Classes\\PHP_BATCH6\\M22_C3\\blog-project\\vendor\\laravel\\framework\\src\\Illuminate\\View\\Middleware\\ShareErrorsFromSession.php(48): Illuminate\\Pipeline\\Pipeline->Illuminate\\Pipeline\\{closure}(Object(Illuminate\\Http\\Request))
#29 C:\\Users\\USER\\Desktop\\Ostad Classes\\PHP_BATCH6\\M22_C3\\blog-project\\vendor\\laravel\\framework\\src\\Illuminate\\Pipeline\\Pipeline.php(208): Illuminate\\View\\Middleware\\ShareErrorsFromSession->handle(Object(Illuminate\\Http\\Request), Object(Closure))
#30 C:\\Users\\USER\\Desktop\\Ostad Classes\\PHP_BATCH6\\M22_C3\\blog-project\\vendor\\laravel\\framework\\src\\Illuminate\\Session\\Middleware\\StartSession.php(120): Illuminate\\Pipeline\\Pipeline->Illuminate\\Pipeline\\{closure}(Object(Illuminate\\Http\\Request))
#31 C:\\Users\\USER\\Desktop\\Ostad Classes\\PHP_BATCH6\\M22_C3\\blog-project\\vendor\\laravel\\framework\\src\\Illuminate\\Session\\Middleware\\StartSession.php(63): Illuminate\\Session\\Middleware\\StartSession->handleStatefulRequest(Object(Illuminate\\Http\\Request), Object(Illuminate\\Session\\Store), Object(Closure))
#32 C:\\Users\\USER\\Desktop\\Ostad Classes\\PHP_BATCH6\\M22_C3\\blog-project\\vendor\\laravel\\framework\\src\\Illuminate\\Pipeline\\Pipeline.php(208): Illuminate\\Session\\Middleware\\StartSession->handle(Object(Illuminate\\Http\\Request), Object(Closure))
#33 C:\\Users\\USER\\Desktop\\Ostad Classes\\PHP_BATCH6\\M22_C3\\blog-project\\vendor\\laravel\\framework\\src\\Illuminate\\Cookie\\Middleware\\AddQueuedCookiesToResponse.php(36): Illuminate\\Pipeline\\Pipeline->Illuminate\\Pipeline\\{closure}(Object(Illuminate\\Http\\Request))
#34 C:\\Users\\USER\\Desktop\\Ostad Classes\\PHP_BATCH6\\M22_C3\\blog-project\\vendor\\laravel\\framework\\src\\Illuminate\\Pipeline\\Pipeline.php(208): Illuminate\\Cookie\\Middleware\\AddQueuedCookiesToResponse->handle(Object(Illuminate\\Http\\Request), Object(Closure))
#35 C:\\Users\\USER\\Desktop\\Ostad Classes\\PHP_BATCH6\\M22_C3\\blog-project\\vendor\\laravel\\framework\\src\\Illuminate\\Cookie\\Middleware\\EncryptCookies.php(74): Illuminate\\Pipeline\\Pipeline->Illuminate\\Pipeline\\{closure}(Object(Illuminate\\Http\\Request))
#36 C:\\Users\\USER\\Desktop\\Ostad Classes\\PHP_BATCH6\\M22_C3\\blog-project\\vendor\\laravel\\framework\\src\\Illuminate\\Pipeline\\Pipeline.php(208): Illuminate\\Cookie\\Middleware\\EncryptCookies->handle(Object(Illuminate\\Http\\Request), Object(Closure))
#37 C:\\Users\\USER\\Desktop\\Ostad Classes\\PHP_BATCH6\\M22_C3\\blog-project\\vendor\\laravel\\framework\\src\\Illuminate\\Pipeline\\Pipeline.php(126): Illuminate\\Pipeline\\Pipeline->Illuminate\\Pipeline\\{closure}(Object(Illuminate\\Http\\Request))
#38 C:\\Users\\USER\\Desktop\\Ostad Classes\\PHP_BATCH6\\M22_C3\\blog-project\\vendor\\laravel\\framework\\src\\Illuminate\\Routing\\Router.php(807): Illuminate\\Pipeline\\Pipeline->then(Object(Closure))
#39 C:\\Users\\USER\\Desktop\\Ostad Classes\\PHP_BATCH6\\M22_C3\\blog-project\\vendor\\laravel\\framework\\src\\Illuminate\\Routing\\Router.php(786): Illuminate\\Routing\\Router->runRouteWithinStack(Object(Illuminate\\Routing\\Route), Object(Illuminate\\Http\\Request))
#40 C:\\Users\\USER\\Desktop\\Ostad Classes\\PHP_BATCH6\\M22_C3\\blog-project\\vendor\\laravel\\framework\\src\\Illuminate\\Routing\\Router.php(750): Illuminate\\Routing\\Router->runRoute(Object(Illuminate\\Http\\Request), Object(Illuminate\\Routing\\Route))
#41 C:\\Users\\USER\\Desktop\\Ostad Classes\\PHP_BATCH6\\M22_C3\\blog-project\\vendor\\laravel\\framework\\src\\Illuminate\\Routing\\Router.php(739): Illuminate\\Routing\\Router->dispatchToRoute(Object(Illuminate\\Http\\Request))
#42 C:\\Users\\USER\\Desktop\\Ostad Classes\\PHP_BATCH6\\M22_C3\\blog-project\\vendor\\laravel\\framework\\src\\Illuminate\\Foundation\\Http\\Kernel.php(200): Illuminate\\Routing\\Router->dispatch(Object(Illuminate\\Http\\Request))
#43 C:\\Users\\USER\\Desktop\\Ostad Classes\\PHP_BATCH6\\M22_C3\\blog-project\\vendor\\laravel\\framework\\src\\Illuminate\\Pipeline\\Pipeline.php(169): Illuminate\\Foundation\\Http\\Kernel->Illuminate\\Foundation\\Http\\{closure}(Object(Illuminate\\Http\\Request))
#44 C:\\Users\\USER\\Desktop\\Ostad Classes\\PHP_BATCH6\\M22_C3\\blog-project\\vendor\\laravel\\framework\\src\\Illuminate\\Foundation\\Http\\Middleware\\TransformsRequest.php(21): Illuminate\\Pipeline\\Pipeline->Illuminate\\Pipeline\\{closure}(Object(Illuminate\\Http\\Request))
#45 C:\\Users\\USER\\Desktop\\Ostad Classes\\PHP_BATCH6\\M22_C3\\blog-project\\vendor\\laravel\\framework\\src\\Illuminate\\Foundation\\Http\\Middleware\\ConvertEmptyStringsToNull.php(31): Illuminate\\Foundation\\Http\\Middleware\\TransformsRequest->handle(Object(Illuminate\\Http\\Request), Object(Closure))
#46 C:\\Users\\USER\\Desktop\\Ostad Classes\\PHP_BATCH6\\M22_C3\\blog-project\\vendor\\laravel\\framework\\src\\Illuminate\\Pipeline\\Pipeline.php(208): Illuminate\\Foundation\\Http\\Middleware\\ConvertEmptyStringsToNull->handle(Object(Illuminate\\Http\\Request), Object(Closure))
#47 C:\\Users\\USER\\Desktop\\Ostad Classes\\PHP_BATCH6\\M22_C3\\blog-project\\vendor\\laravel\\framework\\src\\Illuminate\\Foundation\\Http\\Middleware\\TransformsRequest.php(21): Illuminate\\Pipeline\\Pipeline->Illuminate\\Pipeline\\{closure}(Object(Illuminate\\Http\\Request))
#48 C:\\Users\\USER\\Desktop\\Ostad Classes\\PHP_BATCH6\\M22_C3\\blog-project\\vendor\\laravel\\framework\\src\\Illuminate\\Foundation\\Http\\Middleware\\TrimStrings.php(51): Illuminate\\Foundation\\Http\\Middleware\\TransformsRequest->handle(Object(Illuminate\\Http\\Request), Object(Closure))
#49 C:\\Users\\USER\\Desktop\\Ostad Classes\\PHP_BATCH6\\M22_C3\\blog-project\\vendor\\laravel\\framework\\src\\Illuminate\\Pipeline\\Pipeline.php(208): Illuminate\\Foundation\\Http\\Middleware\\TrimStrings->handle(Object(Illuminate\\Http\\Request), Object(Closure))
#50 C:\\Users\\USER\\Desktop\\Ostad Classes\\PHP_BATCH6\\M22_C3\\blog-project\\vendor\\laravel\\framework\\src\\Illuminate\\Http\\Middleware\\ValidatePostSize.php(27): Illuminate\\Pipeline\\Pipeline->Illuminate\\Pipeline\\{closure}(Object(Illuminate\\Http\\Request))
#51 C:\\Users\\USER\\Desktop\\Ostad Classes\\PHP_BATCH6\\M22_C3\\blog-project\\vendor\\laravel\\framework\\src\\Illuminate\\Pipeline\\Pipeline.php(208): Illuminate\\Http\\Middleware\\ValidatePostSize->handle(Object(Illuminate\\Http\\Request), Object(Closure))
#52 C:\\Users\\USER\\Desktop\\Ostad Classes\\PHP_BATCH6\\M22_C3\\blog-project\\vendor\\laravel\\framework\\src\\Illuminate\\Foundation\\Http\\Middleware\\PreventRequestsDuringMaintenance.php(109): Illuminate\\Pipeline\\Pipeline->Illuminate\\Pipeline\\{closure}(Object(Illuminate\\Http\\Request))
#53 C:\\Users\\USER\\Desktop\\Ostad Classes\\PHP_BATCH6\\M22_C3\\blog-project\\vendor\\laravel\\framework\\src\\Illuminate\\Pipeline\\Pipeline.php(208): Illuminate\\Foundation\\Http\\Middleware\\PreventRequestsDuringMaintenance->handle(Object(Illuminate\\Http\\Request), Object(Closure))
#54 C:\\Users\\USER\\Desktop\\Ostad Classes\\PHP_BATCH6\\M22_C3\\blog-project\\vendor\\laravel\\framework\\src\\Illuminate\\Http\\Middleware\\HandleCors.php(48): Illuminate\\Pipeline\\Pipeline->Illuminate\\Pipeline\\{closure}(Object(Illuminate\\Http\\Request))
#55 C:\\Users\\USER\\Desktop\\Ostad Classes\\PHP_BATCH6\\M22_C3\\blog-project\\vendor\\laravel\\framework\\src\\Illuminate\\Pipeline\\Pipeline.php(208): Illuminate\\Http\\Middleware\\HandleCors->handle(Object(Illuminate\\Http\\Request), Object(Closure))
#56 C:\\Users\\USER\\Desktop\\Ostad Classes\\PHP_BATCH6\\M22_C3\\blog-project\\vendor\\laravel\\framework\\src\\Illuminate\\Http\\Middleware\\TrustProxies.php(58): Illuminate\\Pipeline\\Pipeline->Illuminate\\Pipeline\\{closure}(Object(Illuminate\\Http\\Request))
#57 C:\\Users\\USER\\Desktop\\Ostad Classes\\PHP_BATCH6\\M22_C3\\blog-project\\vendor\\laravel\\framework\\src\\Illuminate\\Pipeline\\Pipeline.php(208): Illuminate\\Http\\Middleware\\TrustProxies->handle(Object(Illuminate\\Http\\Request), Object(Closure))
#58 C:\\Users\\USER\\Desktop\\Ostad Classes\\PHP_BATCH6\\M22_C3\\blog-project\\vendor\\laravel\\framework\\src\\Illuminate\\Foundation\\Http\\Middleware\\InvokeDeferredCallbacks.php(22): Illuminate\\Pipeline\\Pipeline->Illuminate\\Pipeline\\{closure}(Object(Illuminate\\Http\\Request))
#59 C:\\Users\\USER\\Desktop\\Ostad Classes\\PHP_BATCH6\\M22_C3\\blog-project\\vendor\\laravel\\framework\\src\\Illuminate\\Pipeline\\Pipeline.php(208): Illuminate\\Foundation\\Http\\Middleware\\InvokeDeferredCallbacks->handle(Object(Illuminate\\Http\\Request), Object(Closure))
#60 C:\\Users\\USER\\Desktop\\Ostad Classes\\PHP_BATCH6\\M22_C3\\blog-project\\vendor\\laravel\\framework\\src\\Illuminate\\Http\\Middleware\\ValidatePathEncoding.php(26): Illuminate\\Pipeline\\Pipeline->Illuminate\\Pipeline\\{closure}(Object(Illuminate\\Http\\Request))
#61 C:\\Users\\USER\\Desktop\\Ostad Classes\\PHP_BATCH6\\M22_C3\\blog-project\\vendor\\laravel\\framework\\src\\Illuminate\\Pipeline\\Pipeline.php(208): Illuminate\\Http\\Middleware\\ValidatePathEncoding->handle(Object(Illuminate\\Http\\Request), Object(Closure))
#62 C:\\Users\\USER\\Desktop\\Ostad Classes\\PHP_BATCH6\\M22_C3\\blog-project\\vendor\\laravel\\framework\\src\\Illuminate\\Pipeline\\Pipeline.php(126): Illuminate\\Pipeline\\Pipeline->Illuminate\\Pipeline\\{closure}(Object(Illuminate\\Http\\Request))
#63 C:\\Users\\USER\\Desktop\\Ostad Classes\\PHP_BATCH6\\M22_C3\\blog-project\\vendor\\laravel\\framework\\src\\Illuminate\\Foundation\\Http\\Kernel.php(175): Illuminate\\Pipeline\\Pipeline->then(Object(Closure))
#64 C:\\Users\\USER\\Desktop\\Ostad Classes\\PHP_BATCH6\\M22_C3\\blog-project\\vendor\\laravel\\framework\\src\\Illuminate\\Foundation\\Http\\Kernel.php(144): Illuminate\\Foundation\\Http\\Kernel->sendRequestThroughRouter(Object(Illuminate\\Http\\Request))
#65 C:\\Users\\USER\\Desktop\\Ostad Classes\\PHP_BATCH6\\M22_C3\\blog-project\\vendor\\laravel\\framework\\src\\Illuminate\\Foundation\\Application.php(1219): Illuminate\\Foundation\\Http\\Kernel->handle(Object(Illuminate\\Http\\Request))
#66 C:\\Users\\USER\\Desktop\\Ostad Classes\\PHP_BATCH6\\M22_C3\\blog-project\\public\\index.php(20): Illuminate\\Foundation\\Application->handleRequest(Object(Illuminate\\Http\\Request))
#67 C:\\Users\\USER\\Desktop\\Ostad Classes\\PHP_BATCH6\\M22_C3\\blog-project\\vendor\\laravel\\framework\\src\\Illuminate\\Foundation\\resources\\server.php(23): require_once('C:\\\\Users\\\\USER\\\\D...')
#68 {main}
"} 
[2025-05-01 16:11:25] local.ERROR: Method Illuminate\Database\Eloquent\Collection::links does not exist. (View: C:\Users\USER\Desktop\Ostad Classes\PHP_BATCH6\M22_C3\blog-project\resources\views\admin\categories\index.blade.php) {"exception":"[object] (Illuminate\\View\\ViewException(code: 0): Method Illuminate\\Database\\Eloquent\\Collection::links does not exist. (View: C:\\Users\\USER\\Desktop\\Ostad Classes\\PHP_BATCH6\\M22_C3\\blog-project\\resources\\views\\admin\\categories\\index.blade.php) at C:\\Users\\USER\\Desktop\\Ostad Classes\\PHP_BATCH6\\M22_C3\\blog-project\\vendor\\laravel\\framework\\src\\Illuminate\\Macroable\\Traits\\Macroable.php:115)
[stacktrace]
#0 C:\\Users\\USER\\Desktop\\Ostad Classes\\PHP_BATCH6\\M22_C3\\blog-project\\vendor\\laravel\\framework\\src\\Illuminate\\View\\Engines\\PhpEngine.php(59): Illuminate\\View\\Engines\\CompilerEngine->handleViewException(Object(BadMethodCallException), 1)
#1 C:\\Users\\USER\\Desktop\\Ostad Classes\\PHP_BATCH6\\M22_C3\\blog-project\\vendor\\laravel\\framework\\src\\Illuminate\\View\\Engines\\CompilerEngine.php(74): Illuminate\\View\\Engines\\PhpEngine->evaluatePath('C:\\\\Users\\\\USER\\\\D...', Array)
#2 C:\\Users\\USER\\Desktop\\Ostad Classes\\PHP_BATCH6\\M22_C3\\blog-project\\vendor\\laravel\\framework\\src\\Illuminate\\View\\View.php(208): Illuminate\\View\\Engines\\CompilerEngine->get('C:\\\\Users\\\\USER\\\\D...', Array)
#3 C:\\Users\\USER\\Desktop\\Ostad Classes\\PHP_BATCH6\\M22_C3\\blog-project\\vendor\\laravel\\framework\\src\\Illuminate\\View\\View.php(191): Illuminate\\View\\View->getContents()
#4 C:\\Users\\USER\\Desktop\\Ostad Classes\\PHP_BATCH6\\M22_C3\\blog-project\\vendor\\laravel\\framework\\src\\Illuminate\\View\\View.php(160): Illuminate\\View\\View->renderContents()
#5 C:\\Users\\USER\\Desktop\\Ostad Classes\\PHP_BATCH6\\M22_C3\\blog-project\\vendor\\laravel\\framework\\src\\Illuminate\\Http\\Response.php(78): Illuminate\\View\\View->render()
#6 C:\\Users\\USER\\Desktop\\Ostad Classes\\PHP_BATCH6\\M22_C3\\blog-project\\vendor\\laravel\\framework\\src\\Illuminate\\Http\\Response.php(34): Illuminate\\Http\\Response->setContent(Object(Illuminate\\View\\View))
#7 C:\\Users\\USER\\Desktop\\Ostad Classes\\PHP_BATCH6\\M22_C3\\blog-project\\vendor\\laravel\\framework\\src\\Illuminate\\Routing\\Router.php(924): Illuminate\\Http\\Response->__construct(Object(Illuminate\\View\\View), 200, Array)
#8 C:\\Users\\USER\\Desktop\\Ostad Classes\\PHP_BATCH6\\M22_C3\\blog-project\\vendor\\laravel\\framework\\src\\Illuminate\\Routing\\Router.php(891): Illuminate\\Routing\\Router::toResponse(Object(Illuminate\\Http\\Request), Object(Illuminate\\View\\View))
#9 C:\\Users\\USER\\Desktop\\Ostad Classes\\PHP_BATCH6\\M22_C3\\blog-project\\vendor\\laravel\\framework\\src\\Illuminate\\Routing\\Router.php(807): Illuminate\\Routing\\Router->prepareResponse(Object(Illuminate\\Http\\Request), Object(Illuminate\\View\\View))
#10 C:\\Users\\USER\\Desktop\\Ostad Classes\\PHP_BATCH6\\M22_C3\\blog-project\\vendor\\laravel\\framework\\src\\Illuminate\\Pipeline\\Pipeline.php(169): Illuminate\\Routing\\Router->Illuminate\\Routing\\{closure}(Object(Illuminate\\Http\\Request))
#11 C:\\Users\\USER\\Desktop\\Ostad Classes\\PHP_BATCH6\\M22_C3\\blog-project\\vendor\\laravel\\framework\\src\\Illuminate\\Routing\\Middleware\\SubstituteBindings.php(50): Illuminate\\Pipeline\\Pipeline->Illuminate\\Pipeline\\{closure}(Object(Illuminate\\Http\\Request))
#12 C:\\Users\\USER\\Desktop\\Ostad Classes\\PHP_BATCH6\\M22_C3\\blog-project\\vendor\\laravel\\framework\\src\\Illuminate\\Pipeline\\Pipeline.php(208): Illuminate\\Routing\\Middleware\\SubstituteBindings->handle(Object(Illuminate\\Http\\Request), Object(Closure))
#13 C:\\Users\\USER\\Desktop\\Ostad Classes\\PHP_BATCH6\\M22_C3\\blog-project\\vendor\\laravel\\framework\\src\\Illuminate\\Foundation\\Http\\Middleware\\VerifyCsrfToken.php(87): Illuminate\\Pipeline\\Pipeline->Illuminate\\Pipeline\\{closure}(Object(Illuminate\\Http\\Request))
#14 C:\\Users\\USER\\Desktop\\Ostad Classes\\PHP_BATCH6\\M22_C3\\blog-project\\vendor\\laravel\\framework\\src\\Illuminate\\Pipeline\\Pipeline.php(208): Illuminate\\Foundation\\Http\\Middleware\\VerifyCsrfToken->handle(Object(Illuminate\\Http\\Request), Object(Closure))
#15 C:\\Users\\USER\\Desktop\\Ostad Classes\\PHP_BATCH6\\M22_C3\\blog-project\\vendor\\laravel\\framework\\src\\Illuminate\\View\\Middleware\\ShareErrorsFromSession.php(48): Illuminate\\Pipeline\\Pipeline->Illuminate\\Pipeline\\{closure}(Object(Illuminate\\Http\\Request))
#16 C:\\Users\\USER\\Desktop\\Ostad Classes\\PHP_BATCH6\\M22_C3\\blog-project\\vendor\\laravel\\framework\\src\\Illuminate\\Pipeline\\Pipeline.php(208): Illuminate\\View\\Middleware\\ShareErrorsFromSession->handle(Object(Illuminate\\Http\\Request), Object(Closure))
#17 C:\\Users\\USER\\Desktop\\Ostad Classes\\PHP_BATCH6\\M22_C3\\blog-project\\vendor\\laravel\\framework\\src\\Illuminate\\Session\\Middleware\\StartSession.php(120): Illuminate\\Pipeline\\Pipeline->Illuminate\\Pipeline\\{closure}(Object(Illuminate\\Http\\Request))
#18 C:\\Users\\USER\\Desktop\\Ostad Classes\\PHP_BATCH6\\M22_C3\\blog-project\\vendor\\laravel\\framework\\src\\Illuminate\\Session\\Middleware\\StartSession.php(63): Illuminate\\Session\\Middleware\\StartSession->handleStatefulRequest(Object(Illuminate\\Http\\Request), Object(Illuminate\\Session\\Store), Object(Closure))
#19 C:\\Users\\USER\\Desktop\\Ostad Classes\\PHP_BATCH6\\M22_C3\\blog-project\\vendor\\laravel\\framework\\src\\Illuminate\\Pipeline\\Pipeline.php(208): Illuminate\\Session\\Middleware\\StartSession->handle(Object(Illuminate\\Http\\Request), Object(Closure))
#20 C:\\Users\\USER\\Desktop\\Ostad Classes\\PHP_BATCH6\\M22_C3\\blog-project\\vendor\\laravel\\framework\\src\\Illuminate\\Cookie\\Middleware\\AddQueuedCookiesToResponse.php(36): Illuminate\\Pipeline\\Pipeline->Illuminate\\Pipeline\\{closure}(Object(Illuminate\\Http\\Request))
#21 C:\\Users\\USER\\Desktop\\Ostad Classes\\PHP_BATCH6\\M22_C3\\blog-project\\vendor\\laravel\\framework\\src\\Illuminate\\Pipeline\\Pipeline.php(208): Illuminate\\Cookie\\Middleware\\AddQueuedCookiesToResponse->handle(Object(Illuminate\\Http\\Request), Object(Closure))
#22 C:\\Users\\USER\\Desktop\\Ostad Classes\\PHP_BATCH6\\M22_C3\\blog-project\\vendor\\laravel\\framework\\src\\Illuminate\\Cookie\\Middleware\\EncryptCookies.php(74): Illuminate\\Pipeline\\Pipeline->Illuminate\\Pipeline\\{closure}(Object(Illuminate\\Http\\Request))
#23 C:\\Users\\USER\\Desktop\\Ostad Classes\\PHP_BATCH6\\M22_C3\\blog-project\\vendor\\laravel\\framework\\src\\Illuminate\\Pipeline\\Pipeline.php(208): Illuminate\\Cookie\\Middleware\\EncryptCookies->handle(Object(Illuminate\\Http\\Request), Object(Closure))
#24 C:\\Users\\USER\\Desktop\\Ostad Classes\\PHP_BATCH6\\M22_C3\\blog-project\\vendor\\laravel\\framework\\src\\Illuminate\\Pipeline\\Pipeline.php(126): Illuminate\\Pipeline\\Pipeline->Illuminate\\Pipeline\\{closure}(Object(Illuminate\\Http\\Request))
#25 C:\\Users\\USER\\Desktop\\Ostad Classes\\PHP_BATCH6\\M22_C3\\blog-project\\vendor\\laravel\\framework\\src\\Illuminate\\Routing\\Router.php(807): Illuminate\\Pipeline\\Pipeline->then(Object(Closure))
#26 C:\\Users\\USER\\Desktop\\Ostad Classes\\PHP_BATCH6\\M22_C3\\blog-project\\vendor\\laravel\\framework\\src\\Illuminate\\Routing\\Router.php(786): Illuminate\\Routing\\Router->runRouteWithinStack(Object(Illuminate\\Routing\\Route), Object(Illuminate\\Http\\Request))
#27 C:\\Users\\USER\\Desktop\\Ostad Classes\\PHP_BATCH6\\M22_C3\\blog-project\\vendor\\laravel\\framework\\src\\Illuminate\\Routing\\Router.php(750): Illuminate\\Routing\\Router->runRoute(Object(Illuminate\\Http\\Request), Object(Illuminate\\Routing\\Route))
#28 C:\\Users\\USER\\Desktop\\Ostad Classes\\PHP_BATCH6\\M22_C3\\blog-project\\vendor\\laravel\\framework\\src\\Illuminate\\Routing\\Router.php(739): Illuminate\\Routing\\Router->dispatchToRoute(Object(Illuminate\\Http\\Request))
#29 C:\\Users\\USER\\Desktop\\Ostad Classes\\PHP_BATCH6\\M22_C3\\blog-project\\vendor\\laravel\\framework\\src\\Illuminate\\Foundation\\Http\\Kernel.php(200): Illuminate\\Routing\\Router->dispatch(Object(Illuminate\\Http\\Request))
#30 C:\\Users\\USER\\Desktop\\Ostad Classes\\PHP_BATCH6\\M22_C3\\blog-project\\vendor\\laravel\\framework\\src\\Illuminate\\Pipeline\\Pipeline.php(169): Illuminate\\Foundation\\Http\\Kernel->Illuminate\\Foundation\\Http\\{closure}(Object(Illuminate\\Http\\Request))
#31 C:\\Users\\USER\\Desktop\\Ostad Classes\\PHP_BATCH6\\M22_C3\\blog-project\\vendor\\laravel\\framework\\src\\Illuminate\\Foundation\\Http\\Middleware\\TransformsRequest.php(21): Illuminate\\Pipeline\\Pipeline->Illuminate\\Pipeline\\{closure}(Object(Illuminate\\Http\\Request))
#32 C:\\Users\\USER\\Desktop\\Ostad Classes\\PHP_BATCH6\\M22_C3\\blog-project\\vendor\\laravel\\framework\\src\\Illuminate\\Foundation\\Http\\Middleware\\ConvertEmptyStringsToNull.php(31): Illuminate\\Foundation\\Http\\Middleware\\TransformsRequest->handle(Object(Illuminate\\Http\\Request), Object(Closure))
#33 C:\\Users\\USER\\Desktop\\Ostad Classes\\PHP_BATCH6\\M22_C3\\blog-project\\vendor\\laravel\\framework\\src\\Illuminate\\Pipeline\\Pipeline.php(208): Illuminate\\Foundation\\Http\\Middleware\\ConvertEmptyStringsToNull->handle(Object(Illuminate\\Http\\Request), Object(Closure))
#34 C:\\Users\\USER\\Desktop\\Ostad Classes\\PHP_BATCH6\\M22_C3\\blog-project\\vendor\\laravel\\framework\\src\\Illuminate\\Foundation\\Http\\Middleware\\TransformsRequest.php(21): Illuminate\\Pipeline\\Pipeline->Illuminate\\Pipeline\\{closure}(Object(Illuminate\\Http\\Request))
#35 C:\\Users\\USER\\Desktop\\Ostad Classes\\PHP_BATCH6\\M22_C3\\blog-project\\vendor\\laravel\\framework\\src\\Illuminate\\Foundation\\Http\\Middleware\\TrimStrings.php(51): Illuminate\\Foundation\\Http\\Middleware\\TransformsRequest->handle(Object(Illuminate\\Http\\Request), Object(Closure))
#36 C:\\Users\\USER\\Desktop\\Ostad Classes\\PHP_BATCH6\\M22_C3\\blog-project\\vendor\\laravel\\framework\\src\\Illuminate\\Pipeline\\Pipeline.php(208): Illuminate\\Foundation\\Http\\Middleware\\TrimStrings->handle(Object(Illuminate\\Http\\Request), Object(Closure))
#37 C:\\Users\\USER\\Desktop\\Ostad Classes\\PHP_BATCH6\\M22_C3\\blog-project\\vendor\\laravel\\framework\\src\\Illuminate\\Http\\Middleware\\ValidatePostSize.php(27): Illuminate\\Pipeline\\Pipeline->Illuminate\\Pipeline\\{closure}(Object(Illuminate\\Http\\Request))
#38 C:\\Users\\USER\\Desktop\\Ostad Classes\\PHP_BATCH6\\M22_C3\\blog-project\\vendor\\laravel\\framework\\src\\Illuminate\\Pipeline\\Pipeline.php(208): Illuminate\\Http\\Middleware\\ValidatePostSize->handle(Object(Illuminate\\Http\\Request), Object(Closure))
#39 C:\\Users\\USER\\Desktop\\Ostad Classes\\PHP_BATCH6\\M22_C3\\blog-project\\vendor\\laravel\\framework\\src\\Illuminate\\Foundation\\Http\\Middleware\\PreventRequestsDuringMaintenance.php(109): Illuminate\\Pipeline\\Pipeline->Illuminate\\Pipeline\\{closure}(Object(Illuminate\\Http\\Request))
#40 C:\\Users\\USER\\Desktop\\Ostad Classes\\PHP_BATCH6\\M22_C3\\blog-project\\vendor\\laravel\\framework\\src\\Illuminate\\Pipeline\\Pipeline.php(208): Illuminate\\Foundation\\Http\\Middleware\\PreventRequestsDuringMaintenance->handle(Object(Illuminate\\Http\\Request), Object(Closure))
#41 C:\\Users\\USER\\Desktop\\Ostad Classes\\PHP_BATCH6\\M22_C3\\blog-project\\vendor\\laravel\\framework\\src\\Illuminate\\Http\\Middleware\\HandleCors.php(48): Illuminate\\Pipeline\\Pipeline->Illuminate\\Pipeline\\{closure}(Object(Illuminate\\Http\\Request))
#42 C:\\Users\\USER\\Desktop\\Ostad Classes\\PHP_BATCH6\\M22_C3\\blog-project\\vendor\\laravel\\framework\\src\\Illuminate\\Pipeline\\Pipeline.php(208): Illuminate\\Http\\Middleware\\HandleCors->handle(Object(Illuminate\\Http\\Request), Object(Closure))
#43 C:\\Users\\USER\\Desktop\\Ostad Classes\\PHP_BATCH6\\M22_C3\\blog-project\\vendor\\laravel\\framework\\src\\Illuminate\\Http\\Middleware\\TrustProxies.php(58): Illuminate\\Pipeline\\Pipeline->Illuminate\\Pipeline\\{closure}(Object(Illuminate\\Http\\Request))
#44 C:\\Users\\USER\\Desktop\\Ostad Classes\\PHP_BATCH6\\M22_C3\\blog-project\\vendor\\laravel\\framework\\src\\Illuminate\\Pipeline\\Pipeline.php(208): Illuminate\\Http\\Middleware\\TrustProxies->handle(Object(Illuminate\\Http\\Request), Object(Closure))
#45 C:\\Users\\USER\\Desktop\\Ostad Classes\\PHP_BATCH6\\M22_C3\\blog-project\\vendor\\laravel\\framework\\src\\Illuminate\\Foundation\\Http\\Middleware\\InvokeDeferredCallbacks.php(22): Illuminate\\Pipeline\\Pipeline->Illuminate\\Pipeline\\{closure}(Object(Illuminate\\Http\\Request))
#46 C:\\Users\\USER\\Desktop\\Ostad Classes\\PHP_BATCH6\\M22_C3\\blog-project\\vendor\\laravel\\framework\\src\\Illuminate\\Pipeline\\Pipeline.php(208): Illuminate\\Foundation\\Http\\Middleware\\InvokeDeferredCallbacks->handle(Object(Illuminate\\Http\\Request), Object(Closure))
#47 C:\\Users\\USER\\Desktop\\Ostad Classes\\PHP_BATCH6\\M22_C3\\blog-project\\vendor\\laravel\\framework\\src\\Illuminate\\Http\\Middleware\\ValidatePathEncoding.php(26): Illuminate\\Pipeline\\Pipeline->Illuminate\\Pipeline\\{closure}(Object(Illuminate\\Http\\Request))
#48 C:\\Users\\USER\\Desktop\\Ostad Classes\\PHP_BATCH6\\M22_C3\\blog-project\\vendor\\laravel\\framework\\src\\Illuminate\\Pipeline\\Pipeline.php(208): Illuminate\\Http\\Middleware\\ValidatePathEncoding->handle(Object(Illuminate\\Http\\Request), Object(Closure))
#49 C:\\Users\\USER\\Desktop\\Ostad Classes\\PHP_BATCH6\\M22_C3\\blog-project\\vendor\\laravel\\framework\\src\\Illuminate\\Pipeline\\Pipeline.php(126): Illuminate\\Pipeline\\Pipeline->Illuminate\\Pipeline\\{closure}(Object(Illuminate\\Http\\Request))
#50 C:\\Users\\USER\\Desktop\\Ostad Classes\\PHP_BATCH6\\M22_C3\\blog-project\\vendor\\laravel\\framework\\src\\Illuminate\\Foundation\\Http\\Kernel.php(175): Illuminate\\Pipeline\\Pipeline->then(Object(Closure))
#51 C:\\Users\\USER\\Desktop\\Ostad Classes\\PHP_BATCH6\\M22_C3\\blog-project\\vendor\\laravel\\framework\\src\\Illuminate\\Foundation\\Http\\Kernel.php(144): Illuminate\\Foundation\\Http\\Kernel->sendRequestThroughRouter(Object(Illuminate\\Http\\Request))
#52 C:\\Users\\USER\\Desktop\\Ostad Classes\\PHP_BATCH6\\M22_C3\\blog-project\\vendor\\laravel\\framework\\src\\Illuminate\\Foundation\\Application.php(1219): Illuminate\\Foundation\\Http\\Kernel->handle(Object(Illuminate\\Http\\Request))
#53 C:\\Users\\USER\\Desktop\\Ostad Classes\\PHP_BATCH6\\M22_C3\\blog-project\\public\\index.php(20): Illuminate\\Foundation\\Application->handleRequest(Object(Illuminate\\Http\\Request))
#54 C:\\Users\\USER\\Desktop\\Ostad Classes\\PHP_BATCH6\\M22_C3\\blog-project\\vendor\\laravel\\framework\\src\\Illuminate\\Foundation\\resources\\server.php(23): require_once('C:\\\\Users\\\\USER\\\\D...')
#55 {main}

[previous exception] [object] (BadMethodCallException(code: 0): Method Illuminate\\Database\\Eloquent\\Collection::links does not exist. at C:\\Users\\USER\\Desktop\\Ostad Classes\\PHP_BATCH6\\M22_C3\\blog-project\\vendor\\laravel\\framework\\src\\Illuminate\\Macroable\\Traits\\Macroable.php:115)
[stacktrace]
#0 C:\\Users\\USER\\Desktop\\Ostad Classes\\PHP_BATCH6\\M22_C3\\blog-project\\storage\\framework\\views\\884a90fd78139ae33db5fa58a2c5bd27.php(54): Illuminate\\Support\\Collection->__call('links', Array)
#1 C:\\Users\\USER\\Desktop\\Ostad Classes\\PHP_BATCH6\\M22_C3\\blog-project\\vendor\\laravel\\framework\\src\\Illuminate\\Filesystem\\Filesystem.php(123): require('C:\\\\Users\\\\USER\\\\D...')
#2 C:\\Users\\USER\\Desktop\\Ostad Classes\\PHP_BATCH6\\M22_C3\\blog-project\\vendor\\laravel\\framework\\src\\Illuminate\\Filesystem\\Filesystem.php(124): Illuminate\\Filesystem\\Filesystem::Illuminate\\Filesystem\\{closure}()
#3 C:\\Users\\USER\\Desktop\\Ostad Classes\\PHP_BATCH6\\M22_C3\\blog-project\\vendor\\laravel\\framework\\src\\Illuminate\\View\\Engines\\PhpEngine.php(57): Illuminate\\Filesystem\\Filesystem->getRequire('C:\\\\Users\\\\USER\\\\D...', Array)
#4 C:\\Users\\USER\\Desktop\\Ostad Classes\\PHP_BATCH6\\M22_C3\\blog-project\\vendor\\laravel\\framework\\src\\Illuminate\\View\\Engines\\CompilerEngine.php(74): Illuminate\\View\\Engines\\PhpEngine->evaluatePath('C:\\\\Users\\\\USER\\\\D...', Array)
#5 C:\\Users\\USER\\Desktop\\Ostad Classes\\PHP_BATCH6\\M22_C3\\blog-project\\vendor\\laravel\\framework\\src\\Illuminate\\View\\View.php(208): Illuminate\\View\\Engines\\CompilerEngine->get('C:\\\\Users\\\\USER\\\\D...', Array)
#6 C:\\Users\\USER\\Desktop\\Ostad Classes\\PHP_BATCH6\\M22_C3\\blog-project\\vendor\\laravel\\framework\\src\\Illuminate\\View\\View.php(191): Illuminate\\View\\View->getContents()
#7 C:\\Users\\USER\\Desktop\\Ostad Classes\\PHP_BATCH6\\M22_C3\\blog-project\\vendor\\laravel\\framework\\src\\Illuminate\\View\\View.php(160): Illuminate\\View\\View->renderContents()
#8 C:\\Users\\USER\\Desktop\\Ostad Classes\\PHP_BATCH6\\M22_C3\\blog-project\\vendor\\laravel\\framework\\src\\Illuminate\\Http\\Response.php(78): Illuminate\\View\\View->render()
#9 C:\\Users\\USER\\Desktop\\Ostad Classes\\PHP_BATCH6\\M22_C3\\blog-project\\vendor\\laravel\\framework\\src\\Illuminate\\Http\\Response.php(34): Illuminate\\Http\\Response->setContent(Object(Illuminate\\View\\View))
#10 C:\\Users\\USER\\Desktop\\Ostad Classes\\PHP_BATCH6\\M22_C3\\blog-project\\vendor\\laravel\\framework\\src\\Illuminate\\Routing\\Router.php(924): Illuminate\\Http\\Response->__construct(Object(Illuminate\\View\\View), 200, Array)
#11 C:\\Users\\USER\\Desktop\\Ostad Classes\\PHP_BATCH6\\M22_C3\\blog-project\\vendor\\laravel\\framework\\src\\Illuminate\\Routing\\Router.php(891): Illuminate\\Routing\\Router::toResponse(Object(Illuminate\\Http\\Request), Object(Illuminate\\View\\View))
#12 C:\\Users\\USER\\Desktop\\Ostad Classes\\PHP_BATCH6\\M22_C3\\blog-project\\vendor\\laravel\\framework\\src\\Illuminate\\Routing\\Router.php(807): Illuminate\\Routing\\Router->prepareResponse(Object(Illuminate\\Http\\Request), Object(Illuminate\\View\\View))
#13 C:\\Users\\USER\\Desktop\\Ostad Classes\\PHP_BATCH6\\M22_C3\\blog-project\\vendor\\laravel\\framework\\src\\Illuminate\\Pipeline\\Pipeline.php(169): Illuminate\\Routing\\Router->Illuminate\\Routing\\{closure}(Object(Illuminate\\Http\\Request))
#14 C:\\Users\\USER\\Desktop\\Ostad Classes\\PHP_BATCH6\\M22_C3\\blog-project\\vendor\\laravel\\framework\\src\\Illuminate\\Routing\\Middleware\\SubstituteBindings.php(50): Illuminate\\Pipeline\\Pipeline->Illuminate\\Pipeline\\{closure}(Object(Illuminate\\Http\\Request))
#15 C:\\Users\\USER\\Desktop\\Ostad Classes\\PHP_BATCH6\\M22_C3\\blog-project\\vendor\\laravel\\framework\\src\\Illuminate\\Pipeline\\Pipeline.php(208): Illuminate\\Routing\\Middleware\\SubstituteBindings->handle(Object(Illuminate\\Http\\Request), Object(Closure))
#16 C:\\Users\\USER\\Desktop\\Ostad Classes\\PHP_BATCH6\\M22_C3\\blog-project\\vendor\\laravel\\framework\\src\\Illuminate\\Foundation\\Http\\Middleware\\VerifyCsrfToken.php(87): Illuminate\\Pipeline\\Pipeline->Illuminate\\Pipeline\\{closure}(Object(Illuminate\\Http\\Request))
#17 C:\\Users\\USER\\Desktop\\Ostad Classes\\PHP_BATCH6\\M22_C3\\blog-project\\vendor\\laravel\\framework\\src\\Illuminate\\Pipeline\\Pipeline.php(208): Illuminate\\Foundation\\Http\\Middleware\\VerifyCsrfToken->handle(Object(Illuminate\\Http\\Request), Object(Closure))
#18 C:\\Users\\USER\\Desktop\\Ostad Classes\\PHP_BATCH6\\M22_C3\\blog-project\\vendor\\laravel\\framework\\src\\Illuminate\\View\\Middleware\\ShareErrorsFromSession.php(48): Illuminate\\Pipeline\\Pipeline->Illuminate\\Pipeline\\{closure}(Object(Illuminate\\Http\\Request))
#19 C:\\Users\\USER\\Desktop\\Ostad Classes\\PHP_BATCH6\\M22_C3\\blog-project\\vendor\\laravel\\framework\\src\\Illuminate\\Pipeline\\Pipeline.php(208): Illuminate\\View\\Middleware\\ShareErrorsFromSession->handle(Object(Illuminate\\Http\\Request), Object(Closure))
#20 C:\\Users\\USER\\Desktop\\Ostad Classes\\PHP_BATCH6\\M22_C3\\blog-project\\vendor\\laravel\\framework\\src\\Illuminate\\Session\\Middleware\\StartSession.php(120): Illuminate\\Pipeline\\Pipeline->Illuminate\\Pipeline\\{closure}(Object(Illuminate\\Http\\Request))
#21 C:\\Users\\USER\\Desktop\\Ostad Classes\\PHP_BATCH6\\M22_C3\\blog-project\\vendor\\laravel\\framework\\src\\Illuminate\\Session\\Middleware\\StartSession.php(63): Illuminate\\Session\\Middleware\\StartSession->handleStatefulRequest(Object(Illuminate\\Http\\Request), Object(Illuminate\\Session\\Store), Object(Closure))
#22 C:\\Users\\USER\\Desktop\\Ostad Classes\\PHP_BATCH6\\M22_C3\\blog-project\\vendor\\laravel\\framework\\src\\Illuminate\\Pipeline\\Pipeline.php(208): Illuminate\\Session\\Middleware\\StartSession->handle(Object(Illuminate\\Http\\Request), Object(Closure))
#23 C:\\Users\\USER\\Desktop\\Ostad Classes\\PHP_BATCH6\\M22_C3\\blog-project\\vendor\\laravel\\framework\\src\\Illuminate\\Cookie\\Middleware\\AddQueuedCookiesToResponse.php(36): Illuminate\\Pipeline\\Pipeline->Illuminate\\Pipeline\\{closure}(Object(Illuminate\\Http\\Request))
#24 C:\\Users\\USER\\Desktop\\Ostad Classes\\PHP_BATCH6\\M22_C3\\blog-project\\vendor\\laravel\\framework\\src\\Illuminate\\Pipeline\\Pipeline.php(208): Illuminate\\Cookie\\Middleware\\AddQueuedCookiesToResponse->handle(Object(Illuminate\\Http\\Request), Object(Closure))
#25 C:\\Users\\USER\\Desktop\\Ostad Classes\\PHP_BATCH6\\M22_C3\\blog-project\\vendor\\laravel\\framework\\src\\Illuminate\\Cookie\\Middleware\\EncryptCookies.php(74): Illuminate\\Pipeline\\Pipeline->Illuminate\\Pipeline\\{closure}(Object(Illuminate\\Http\\Request))
#26 C:\\Users\\USER\\Desktop\\Ostad Classes\\PHP_BATCH6\\M22_C3\\blog-project\\vendor\\laravel\\framework\\src\\Illuminate\\Pipeline\\Pipeline.php(208): Illuminate\\Cookie\\Middleware\\EncryptCookies->handle(Object(Illuminate\\Http\\Request), Object(Closure))
#27 C:\\Users\\USER\\Desktop\\Ostad Classes\\PHP_BATCH6\\M22_C3\\blog-project\\vendor\\laravel\\framework\\src\\Illuminate\\Pipeline\\Pipeline.php(126): Illuminate\\Pipeline\\Pipeline->Illuminate\\Pipeline\\{closure}(Object(Illuminate\\Http\\Request))
#28 C:\\Users\\USER\\Desktop\\Ostad Classes\\PHP_BATCH6\\M22_C3\\blog-project\\vendor\\laravel\\framework\\src\\Illuminate\\Routing\\Router.php(807): Illuminate\\Pipeline\\Pipeline->then(Object(Closure))
#29 C:\\Users\\USER\\Desktop\\Ostad Classes\\PHP_BATCH6\\M22_C3\\blog-project\\vendor\\laravel\\framework\\src\\Illuminate\\Routing\\Router.php(786): Illuminate\\Routing\\Router->runRouteWithinStack(Object(Illuminate\\Routing\\Route), Object(Illuminate\\Http\\Request))
#30 C:\\Users\\USER\\Desktop\\Ostad Classes\\PHP_BATCH6\\M22_C3\\blog-project\\vendor\\laravel\\framework\\src\\Illuminate\\Routing\\Router.php(750): Illuminate\\Routing\\Router->runRoute(Object(Illuminate\\Http\\Request), Object(Illuminate\\Routing\\Route))
#31 C:\\Users\\USER\\Desktop\\Ostad Classes\\PHP_BATCH6\\M22_C3\\blog-project\\vendor\\laravel\\framework\\src\\Illuminate\\Routing\\Router.php(739): Illuminate\\Routing\\Router->dispatchToRoute(Object(Illuminate\\Http\\Request))
#32 C:\\Users\\USER\\Desktop\\Ostad Classes\\PHP_BATCH6\\M22_C3\\blog-project\\vendor\\laravel\\framework\\src\\Illuminate\\Foundation\\Http\\Kernel.php(200): Illuminate\\Routing\\Router->dispatch(Object(Illuminate\\Http\\Request))
#33 C:\\Users\\USER\\Desktop\\Ostad Classes\\PHP_BATCH6\\M22_C3\\blog-project\\vendor\\laravel\\framework\\src\\Illuminate\\Pipeline\\Pipeline.php(169): Illuminate\\Foundation\\Http\\Kernel->Illuminate\\Foundation\\Http\\{closure}(Object(Illuminate\\Http\\Request))
#34 C:\\Users\\USER\\Desktop\\Ostad Classes\\PHP_BATCH6\\M22_C3\\blog-project\\vendor\\laravel\\framework\\src\\Illuminate\\Foundation\\Http\\Middleware\\TransformsRequest.php(21): Illuminate\\Pipeline\\Pipeline->Illuminate\\Pipeline\\{closure}(Object(Illuminate\\Http\\Request))
#35 C:\\Users\\USER\\Desktop\\Ostad Classes\\PHP_BATCH6\\M22_C3\\blog-project\\vendor\\laravel\\framework\\src\\Illuminate\\Foundation\\Http\\Middleware\\ConvertEmptyStringsToNull.php(31): Illuminate\\Foundation\\Http\\Middleware\\TransformsRequest->handle(Object(Illuminate\\Http\\Request), Object(Closure))
#36 C:\\Users\\USER\\Desktop\\Ostad Classes\\PHP_BATCH6\\M22_C3\\blog-project\\vendor\\laravel\\framework\\src\\Illuminate\\Pipeline\\Pipeline.php(208): Illuminate\\Foundation\\Http\\Middleware\\ConvertEmptyStringsToNull->handle(Object(Illuminate\\Http\\Request), Object(Closure))
#37 C:\\Users\\USER\\Desktop\\Ostad Classes\\PHP_BATCH6\\M22_C3\\blog-project\\vendor\\laravel\\framework\\src\\Illuminate\\Foundation\\Http\\Middleware\\TransformsRequest.php(21): Illuminate\\Pipeline\\Pipeline->Illuminate\\Pipeline\\{closure}(Object(Illuminate\\Http\\Request))
#38 C:\\Users\\USER\\Desktop\\Ostad Classes\\PHP_BATCH6\\M22_C3\\blog-project\\vendor\\laravel\\framework\\src\\Illuminate\\Foundation\\Http\\Middleware\\TrimStrings.php(51): Illuminate\\Foundation\\Http\\Middleware\\TransformsRequest->handle(Object(Illuminate\\Http\\Request), Object(Closure))
#39 C:\\Users\\USER\\Desktop\\Ostad Classes\\PHP_BATCH6\\M22_C3\\blog-project\\vendor\\laravel\\framework\\src\\Illuminate\\Pipeline\\Pipeline.php(208): Illuminate\\Foundation\\Http\\Middleware\\TrimStrings->handle(Object(Illuminate\\Http\\Request), Object(Closure))
#40 C:\\Users\\USER\\Desktop\\Ostad Classes\\PHP_BATCH6\\M22_C3\\blog-project\\vendor\\laravel\\framework\\src\\Illuminate\\Http\\Middleware\\ValidatePostSize.php(27): Illuminate\\Pipeline\\Pipeline->Illuminate\\Pipeline\\{closure}(Object(Illuminate\\Http\\Request))
#41 C:\\Users\\USER\\Desktop\\Ostad Classes\\PHP_BATCH6\\M22_C3\\blog-project\\vendor\\laravel\\framework\\src\\Illuminate\\Pipeline\\Pipeline.php(208): Illuminate\\Http\\Middleware\\ValidatePostSize->handle(Object(Illuminate\\Http\\Request), Object(Closure))
#42 C:\\Users\\USER\\Desktop\\Ostad Classes\\PHP_BATCH6\\M22_C3\\blog-project\\vendor\\laravel\\framework\\src\\Illuminate\\Foundation\\Http\\Middleware\\PreventRequestsDuringMaintenance.php(109): Illuminate\\Pipeline\\Pipeline->Illuminate\\Pipeline\\{closure}(Object(Illuminate\\Http\\Request))
#43 C:\\Users\\USER\\Desktop\\Ostad Classes\\PHP_BATCH6\\M22_C3\\blog-project\\vendor\\laravel\\framework\\src\\Illuminate\\Pipeline\\Pipeline.php(208): Illuminate\\Foundation\\Http\\Middleware\\PreventRequestsDuringMaintenance->handle(Object(Illuminate\\Http\\Request), Object(Closure))
#44 C:\\Users\\USER\\Desktop\\Ostad Classes\\PHP_BATCH6\\M22_C3\\blog-project\\vendor\\laravel\\framework\\src\\Illuminate\\Http\\Middleware\\HandleCors.php(48): Illuminate\\Pipeline\\Pipeline->Illuminate\\Pipeline\\{closure}(Object(Illuminate\\Http\\Request))
#45 C:\\Users\\USER\\Desktop\\Ostad Classes\\PHP_BATCH6\\M22_C3\\blog-project\\vendor\\laravel\\framework\\src\\Illuminate\\Pipeline\\Pipeline.php(208): Illuminate\\Http\\Middleware\\HandleCors->handle(Object(Illuminate\\Http\\Request), Object(Closure))
#46 C:\\Users\\USER\\Desktop\\Ostad Classes\\PHP_BATCH6\\M22_C3\\blog-project\\vendor\\laravel\\framework\\src\\Illuminate\\Http\\Middleware\\TrustProxies.php(58): Illuminate\\Pipeline\\Pipeline->Illuminate\\Pipeline\\{closure}(Object(Illuminate\\Http\\Request))
#47 C:\\Users\\USER\\Desktop\\Ostad Classes\\PHP_BATCH6\\M22_C3\\blog-project\\vendor\\laravel\\framework\\src\\Illuminate\\Pipeline\\Pipeline.php(208): Illuminate\\Http\\Middleware\\TrustProxies->handle(Object(Illuminate\\Http\\Request), Object(Closure))
#48 C:\\Users\\USER\\Desktop\\Ostad Classes\\PHP_BATCH6\\M22_C3\\blog-project\\vendor\\laravel\\framework\\src\\Illuminate\\Foundation\\Http\\Middleware\\InvokeDeferredCallbacks.php(22): Illuminate\\Pipeline\\Pipeline->Illuminate\\Pipeline\\{closure}(Object(Illuminate\\Http\\Request))
#49 C:\\Users\\USER\\Desktop\\Ostad Classes\\PHP_BATCH6\\M22_C3\\blog-project\\vendor\\laravel\\framework\\src\\Illuminate\\Pipeline\\Pipeline.php(208): Illuminate\\Foundation\\Http\\Middleware\\InvokeDeferredCallbacks->handle(Object(Illuminate\\Http\\Request), Object(Closure))
#50 C:\\Users\\USER\\Desktop\\Ostad Classes\\PHP_BATCH6\\M22_C3\\blog-project\\vendor\\laravel\\framework\\src\\Illuminate\\Http\\Middleware\\ValidatePathEncoding.php(26): Illuminate\\Pipeline\\Pipeline->Illuminate\\Pipeline\\{closure}(Object(Illuminate\\Http\\Request))
#51 C:\\Users\\USER\\Desktop\\Ostad Classes\\PHP_BATCH6\\M22_C3\\blog-project\\vendor\\laravel\\framework\\src\\Illuminate\\Pipeline\\Pipeline.php(208): Illuminate\\Http\\Middleware\\ValidatePathEncoding->handle(Object(Illuminate\\Http\\Request), Object(Closure))
#52 C:\\Users\\USER\\Desktop\\Ostad Classes\\PHP_BATCH6\\M22_C3\\blog-project\\vendor\\laravel\\framework\\src\\Illuminate\\Pipeline\\Pipeline.php(126): Illuminate\\Pipeline\\Pipeline->Illuminate\\Pipeline\\{closure}(Object(Illuminate\\Http\\Request))
#53 C:\\Users\\USER\\Desktop\\Ostad Classes\\PHP_BATCH6\\M22_C3\\blog-project\\vendor\\laravel\\framework\\src\\Illuminate\\Foundation\\Http\\Kernel.php(175): Illuminate\\Pipeline\\Pipeline->then(Object(Closure))
#54 C:\\Users\\USER\\Desktop\\Ostad Classes\\PHP_BATCH6\\M22_C3\\blog-project\\vendor\\laravel\\framework\\src\\Illuminate\\Foundation\\Http\\Kernel.php(144): Illuminate\\Foundation\\Http\\Kernel->sendRequestThroughRouter(Object(Illuminate\\Http\\Request))
#55 C:\\Users\\USER\\Desktop\\Ostad Classes\\PHP_BATCH6\\M22_C3\\blog-project\\vendor\\laravel\\framework\\src\\Illuminate\\Foundation\\Application.php(1219): Illuminate\\Foundation\\Http\\Kernel->handle(Object(Illuminate\\Http\\Request))
#56 C:\\Users\\USER\\Desktop\\Ostad Classes\\PHP_BATCH6\\M22_C3\\blog-project\\public\\index.php(20): Illuminate\\Foundation\\Application->handleRequest(Object(Illuminate\\Http\\Request))
#57 C:\\Users\\USER\\Desktop\\Ostad Classes\\PHP_BATCH6\\M22_C3\\blog-project\\vendor\\laravel\\framework\\src\\Illuminate\\Foundation\\resources\\server.php(23): require_once('C:\\\\Users\\\\USER\\\\D...')
#58 {main}
"} 
[2025-05-01 16:24:48] local.ERROR: Non-static method Illuminate\Database\Eloquent\Model::update() cannot be called statically {"exception":"[object] (Error(code: 0): Non-static method Illuminate\\Database\\Eloquent\\Model::update() cannot be called statically at C:\\Users\\USER\\Desktop\\Ostad Classes\\PHP_BATCH6\\M22_C3\\blog-project\\app\\Http\\Controllers\\CategoryController.php:71)
[stacktrace]
#0 C:\\Users\\USER\\Desktop\\Ostad Classes\\PHP_BATCH6\\M22_C3\\blog-project\\vendor\\laravel\\framework\\src\\Illuminate\\Routing\\ControllerDispatcher.php(46): App\\Http\\Controllers\\CategoryController->update(Object(Illuminate\\Http\\Request), '3')
#1 C:\\Users\\USER\\Desktop\\Ostad Classes\\PHP_BATCH6\\M22_C3\\blog-project\\vendor\\laravel\\framework\\src\\Illuminate\\Routing\\Route.php(265): Illuminate\\Routing\\ControllerDispatcher->dispatch(Object(Illuminate\\Routing\\Route), Object(App\\Http\\Controllers\\CategoryController), 'update')
#2 C:\\Users\\USER\\Desktop\\Ostad Classes\\PHP_BATCH6\\M22_C3\\blog-project\\vendor\\laravel\\framework\\src\\Illuminate\\Routing\\Route.php(211): Illuminate\\Routing\\Route->runController()
#3 C:\\Users\\USER\\Desktop\\Ostad Classes\\PHP_BATCH6\\M22_C3\\blog-project\\vendor\\laravel\\framework\\src\\Illuminate\\Routing\\Router.php(808): Illuminate\\Routing\\Route->run()
#4 C:\\Users\\USER\\Desktop\\Ostad Classes\\PHP_BATCH6\\M22_C3\\blog-project\\vendor\\laravel\\framework\\src\\Illuminate\\Pipeline\\Pipeline.php(169): Illuminate\\Routing\\Router->Illuminate\\Routing\\{closure}(Object(Illuminate\\Http\\Request))
#5 C:\\Users\\USER\\Desktop\\Ostad Classes\\PHP_BATCH6\\M22_C3\\blog-project\\vendor\\laravel\\framework\\src\\Illuminate\\Routing\\Middleware\\SubstituteBindings.php(50): Illuminate\\Pipeline\\Pipeline->Illuminate\\Pipeline\\{closure}(Object(Illuminate\\Http\\Request))
#6 C:\\Users\\USER\\Desktop\\Ostad Classes\\PHP_BATCH6\\M22_C3\\blog-project\\vendor\\laravel\\framework\\src\\Illuminate\\Pipeline\\Pipeline.php(208): Illuminate\\Routing\\Middleware\\SubstituteBindings->handle(Object(Illuminate\\Http\\Request), Object(Closure))
#7 C:\\Users\\USER\\Desktop\\Ostad Classes\\PHP_BATCH6\\M22_C3\\blog-project\\vendor\\laravel\\framework\\src\\Illuminate\\Foundation\\Http\\Middleware\\VerifyCsrfToken.php(87): Illuminate\\Pipeline\\Pipeline->Illuminate\\Pipeline\\{closure}(Object(Illuminate\\Http\\Request))
#8 C:\\Users\\USER\\Desktop\\Ostad Classes\\PHP_BATCH6\\M22_C3\\blog-project\\vendor\\laravel\\framework\\src\\Illuminate\\Pipeline\\Pipeline.php(208): Illuminate\\Foundation\\Http\\Middleware\\VerifyCsrfToken->handle(Object(Illuminate\\Http\\Request), Object(Closure))
#9 C:\\Users\\USER\\Desktop\\Ostad Classes\\PHP_BATCH6\\M22_C3\\blog-project\\vendor\\laravel\\framework\\src\\Illuminate\\View\\Middleware\\ShareErrorsFromSession.php(48): Illuminate\\Pipeline\\Pipeline->Illuminate\\Pipeline\\{closure}(Object(Illuminate\\Http\\Request))
#10 C:\\Users\\USER\\Desktop\\Ostad Classes\\PHP_BATCH6\\M22_C3\\blog-project\\vendor\\laravel\\framework\\src\\Illuminate\\Pipeline\\Pipeline.php(208): Illuminate\\View\\Middleware\\ShareErrorsFromSession->handle(Object(Illuminate\\Http\\Request), Object(Closure))
#11 C:\\Users\\USER\\Desktop\\Ostad Classes\\PHP_BATCH6\\M22_C3\\blog-project\\vendor\\laravel\\framework\\src\\Illuminate\\Session\\Middleware\\StartSession.php(120): Illuminate\\Pipeline\\Pipeline->Illuminate\\Pipeline\\{closure}(Object(Illuminate\\Http\\Request))
#12 C:\\Users\\USER\\Desktop\\Ostad Classes\\PHP_BATCH6\\M22_C3\\blog-project\\vendor\\laravel\\framework\\src\\Illuminate\\Session\\Middleware\\StartSession.php(63): Illuminate\\Session\\Middleware\\StartSession->handleStatefulRequest(Object(Illuminate\\Http\\Request), Object(Illuminate\\Session\\Store), Object(Closure))
#13 C:\\Users\\USER\\Desktop\\Ostad Classes\\PHP_BATCH6\\M22_C3\\blog-project\\vendor\\laravel\\framework\\src\\Illuminate\\Pipeline\\Pipeline.php(208): Illuminate\\Session\\Middleware\\StartSession->handle(Object(Illuminate\\Http\\Request), Object(Closure))
#14 C:\\Users\\USER\\Desktop\\Ostad Classes\\PHP_BATCH6\\M22_C3\\blog-project\\vendor\\laravel\\framework\\src\\Illuminate\\Cookie\\Middleware\\AddQueuedCookiesToResponse.php(36): Illuminate\\Pipeline\\Pipeline->Illuminate\\Pipeline\\{closure}(Object(Illuminate\\Http\\Request))
#15 C:\\Users\\USER\\Desktop\\Ostad Classes\\PHP_BATCH6\\M22_C3\\blog-project\\vendor\\laravel\\framework\\src\\Illuminate\\Pipeline\\Pipeline.php(208): Illuminate\\Cookie\\Middleware\\AddQueuedCookiesToResponse->handle(Object(Illuminate\\Http\\Request), Object(Closure))
#16 C:\\Users\\USER\\Desktop\\Ostad Classes\\PHP_BATCH6\\M22_C3\\blog-project\\vendor\\laravel\\framework\\src\\Illuminate\\Cookie\\Middleware\\EncryptCookies.php(74): Illuminate\\Pipeline\\Pipeline->Illuminate\\Pipeline\\{closure}(Object(Illuminate\\Http\\Request))
#17 C:\\Users\\USER\\Desktop\\Ostad Classes\\PHP_BATCH6\\M22_C3\\blog-project\\vendor\\laravel\\framework\\src\\Illuminate\\Pipeline\\Pipeline.php(208): Illuminate\\Cookie\\Middleware\\EncryptCookies->handle(Object(Illuminate\\Http\\Request), Object(Closure))
#18 C:\\Users\\USER\\Desktop\\Ostad Classes\\PHP_BATCH6\\M22_C3\\blog-project\\vendor\\laravel\\framework\\src\\Illuminate\\Pipeline\\Pipeline.php(126): Illuminate\\Pipeline\\Pipeline->Illuminate\\Pipeline\\{closure}(Object(Illuminate\\Http\\Request))
#19 C:\\Users\\USER\\Desktop\\Ostad Classes\\PHP_BATCH6\\M22_C3\\blog-project\\vendor\\laravel\\framework\\src\\Illuminate\\Routing\\Router.php(807): Illuminate\\Pipeline\\Pipeline->then(Object(Closure))
#20 C:\\Users\\USER\\Desktop\\Ostad Classes\\PHP_BATCH6\\M22_C3\\blog-project\\vendor\\laravel\\framework\\src\\Illuminate\\Routing\\Router.php(786): Illuminate\\Routing\\Router->runRouteWithinStack(Object(Illuminate\\Routing\\Route), Object(Illuminate\\Http\\Request))
#21 C:\\Users\\USER\\Desktop\\Ostad Classes\\PHP_BATCH6\\M22_C3\\blog-project\\vendor\\laravel\\framework\\src\\Illuminate\\Routing\\Router.php(750): Illuminate\\Routing\\Router->runRoute(Object(Illuminate\\Http\\Request), Object(Illuminate\\Routing\\Route))
#22 C:\\Users\\USER\\Desktop\\Ostad Classes\\PHP_BATCH6\\M22_C3\\blog-project\\vendor\\laravel\\framework\\src\\Illuminate\\Routing\\Router.php(739): Illuminate\\Routing\\Router->dispatchToRoute(Object(Illuminate\\Http\\Request))
#23 C:\\Users\\USER\\Desktop\\Ostad Classes\\PHP_BATCH6\\M22_C3\\blog-project\\vendor\\laravel\\framework\\src\\Illuminate\\Foundation\\Http\\Kernel.php(200): Illuminate\\Routing\\Router->dispatch(Object(Illuminate\\Http\\Request))
#24 C:\\Users\\USER\\Desktop\\Ostad Classes\\PHP_BATCH6\\M22_C3\\blog-project\\vendor\\laravel\\framework\\src\\Illuminate\\Pipeline\\Pipeline.php(169): Illuminate\\Foundation\\Http\\Kernel->Illuminate\\Foundation\\Http\\{closure}(Object(Illuminate\\Http\\Request))
#25 C:\\Users\\USER\\Desktop\\Ostad Classes\\PHP_BATCH6\\M22_C3\\blog-project\\vendor\\laravel\\framework\\src\\Illuminate\\Foundation\\Http\\Middleware\\TransformsRequest.php(21): Illuminate\\Pipeline\\Pipeline->Illuminate\\Pipeline\\{closure}(Object(Illuminate\\Http\\Request))
#26 C:\\Users\\USER\\Desktop\\Ostad Classes\\PHP_BATCH6\\M22_C3\\blog-project\\vendor\\laravel\\framework\\src\\Illuminate\\Foundation\\Http\\Middleware\\ConvertEmptyStringsToNull.php(31): Illuminate\\Foundation\\Http\\Middleware\\TransformsRequest->handle(Object(Illuminate\\Http\\Request), Object(Closure))
#27 C:\\Users\\USER\\Desktop\\Ostad Classes\\PHP_BATCH6\\M22_C3\\blog-project\\vendor\\laravel\\framework\\src\\Illuminate\\Pipeline\\Pipeline.php(208): Illuminate\\Foundation\\Http\\Middleware\\ConvertEmptyStringsToNull->handle(Object(Illuminate\\Http\\Request), Object(Closure))
#28 C:\\Users\\USER\\Desktop\\Ostad Classes\\PHP_BATCH6\\M22_C3\\blog-project\\vendor\\laravel\\framework\\src\\Illuminate\\Foundation\\Http\\Middleware\\TransformsRequest.php(21): Illuminate\\Pipeline\\Pipeline->Illuminate\\Pipeline\\{closure}(Object(Illuminate\\Http\\Request))
#29 C:\\Users\\USER\\Desktop\\Ostad Classes\\PHP_BATCH6\\M22_C3\\blog-project\\vendor\\laravel\\framework\\src\\Illuminate\\Foundation\\Http\\Middleware\\TrimStrings.php(51): Illuminate\\Foundation\\Http\\Middleware\\TransformsRequest->handle(Object(Illuminate\\Http\\Request), Object(Closure))
#30 C:\\Users\\USER\\Desktop\\Ostad Classes\\PHP_BATCH6\\M22_C3\\blog-project\\vendor\\laravel\\framework\\src\\Illuminate\\Pipeline\\Pipeline.php(208): Illuminate\\Foundation\\Http\\Middleware\\TrimStrings->handle(Object(Illuminate\\Http\\Request), Object(Closure))
#31 C:\\Users\\USER\\Desktop\\Ostad Classes\\PHP_BATCH6\\M22_C3\\blog-project\\vendor\\laravel\\framework\\src\\Illuminate\\Http\\Middleware\\ValidatePostSize.php(27): Illuminate\\Pipeline\\Pipeline->Illuminate\\Pipeline\\{closure}(Object(Illuminate\\Http\\Request))
#32 C:\\Users\\USER\\Desktop\\Ostad Classes\\PHP_BATCH6\\M22_C3\\blog-project\\vendor\\laravel\\framework\\src\\Illuminate\\Pipeline\\Pipeline.php(208): Illuminate\\Http\\Middleware\\ValidatePostSize->handle(Object(Illuminate\\Http\\Request), Object(Closure))
#33 C:\\Users\\USER\\Desktop\\Ostad Classes\\PHP_BATCH6\\M22_C3\\blog-project\\vendor\\laravel\\framework\\src\\Illuminate\\Foundation\\Http\\Middleware\\PreventRequestsDuringMaintenance.php(109): Illuminate\\Pipeline\\Pipeline->Illuminate\\Pipeline\\{closure}(Object(Illuminate\\Http\\Request))
#34 C:\\Users\\USER\\Desktop\\Ostad Classes\\PHP_BATCH6\\M22_C3\\blog-project\\vendor\\laravel\\framework\\src\\Illuminate\\Pipeline\\Pipeline.php(208): Illuminate\\Foundation\\Http\\Middleware\\PreventRequestsDuringMaintenance->handle(Object(Illuminate\\Http\\Request), Object(Closure))
#35 C:\\Users\\USER\\Desktop\\Ostad Classes\\PHP_BATCH6\\M22_C3\\blog-project\\vendor\\laravel\\framework\\src\\Illuminate\\Http\\Middleware\\HandleCors.php(48): Illuminate\\Pipeline\\Pipeline->Illuminate\\Pipeline\\{closure}(Object(Illuminate\\Http\\Request))
#36 C:\\Users\\USER\\Desktop\\Ostad Classes\\PHP_BATCH6\\M22_C3\\blog-project\\vendor\\laravel\\framework\\src\\Illuminate\\Pipeline\\Pipeline.php(208): Illuminate\\Http\\Middleware\\HandleCors->handle(Object(Illuminate\\Http\\Request), Object(Closure))
#37 C:\\Users\\USER\\Desktop\\Ostad Classes\\PHP_BATCH6\\M22_C3\\blog-project\\vendor\\laravel\\framework\\src\\Illuminate\\Http\\Middleware\\TrustProxies.php(58): Illuminate\\Pipeline\\Pipeline->Illuminate\\Pipeline\\{closure}(Object(Illuminate\\Http\\Request))
#38 C:\\Users\\USER\\Desktop\\Ostad Classes\\PHP_BATCH6\\M22_C3\\blog-project\\vendor\\laravel\\framework\\src\\Illuminate\\Pipeline\\Pipeline.php(208): Illuminate\\Http\\Middleware\\TrustProxies->handle(Object(Illuminate\\Http\\Request), Object(Closure))
#39 C:\\Users\\USER\\Desktop\\Ostad Classes\\PHP_BATCH6\\M22_C3\\blog-project\\vendor\\laravel\\framework\\src\\Illuminate\\Foundation\\Http\\Middleware\\InvokeDeferredCallbacks.php(22): Illuminate\\Pipeline\\Pipeline->Illuminate\\Pipeline\\{closure}(Object(Illuminate\\Http\\Request))
#40 C:\\Users\\USER\\Desktop\\Ostad Classes\\PHP_BATCH6\\M22_C3\\blog-project\\vendor\\laravel\\framework\\src\\Illuminate\\Pipeline\\Pipeline.php(208): Illuminate\\Foundation\\Http\\Middleware\\InvokeDeferredCallbacks->handle(Object(Illuminate\\Http\\Request), Object(Closure))
#41 C:\\Users\\USER\\Desktop\\Ostad Classes\\PHP_BATCH6\\M22_C3\\blog-project\\vendor\\laravel\\framework\\src\\Illuminate\\Http\\Middleware\\ValidatePathEncoding.php(26): Illuminate\\Pipeline\\Pipeline->Illuminate\\Pipeline\\{closure}(Object(Illuminate\\Http\\Request))
#42 C:\\Users\\USER\\Desktop\\Ostad Classes\\PHP_BATCH6\\M22_C3\\blog-project\\vendor\\laravel\\framework\\src\\Illuminate\\Pipeline\\Pipeline.php(208): Illuminate\\Http\\Middleware\\ValidatePathEncoding->handle(Object(Illuminate\\Http\\Request), Object(Closure))
#43 C:\\Users\\USER\\Desktop\\Ostad Classes\\PHP_BATCH6\\M22_C3\\blog-project\\vendor\\laravel\\framework\\src\\Illuminate\\Pipeline\\Pipeline.php(126): Illuminate\\Pipeline\\Pipeline->Illuminate\\Pipeline\\{closure}(Object(Illuminate\\Http\\Request))
#44 C:\\Users\\USER\\Desktop\\Ostad Classes\\PHP_BATCH6\\M22_C3\\blog-project\\vendor\\laravel\\framework\\src\\Illuminate\\Foundation\\Http\\Kernel.php(175): Illuminate\\Pipeline\\Pipeline->then(Object(Closure))
#45 C:\\Users\\USER\\Desktop\\Ostad Classes\\PHP_BATCH6\\M22_C3\\blog-project\\vendor\\laravel\\framework\\src\\Illuminate\\Foundation\\Http\\Kernel.php(144): Illuminate\\Foundation\\Http\\Kernel->sendRequestThroughRouter(Object(Illuminate\\Http\\Request))
#46 C:\\Users\\USER\\Desktop\\Ostad Classes\\PHP_BATCH6\\M22_C3\\blog-project\\vendor\\laravel\\framework\\src\\Illuminate\\Foundation\\Application.php(1219): Illuminate\\Foundation\\Http\\Kernel->handle(Object(Illuminate\\Http\\Request))
#47 C:\\Users\\USER\\Desktop\\Ostad Classes\\PHP_BATCH6\\M22_C3\\blog-project\\public\\index.php(20): Illuminate\\Foundation\\Application->handleRequest(Object(Illuminate\\Http\\Request))
#48 C:\\Users\\USER\\Desktop\\Ostad Classes\\PHP_BATCH6\\M22_C3\\blog-project\\vendor\\laravel\\framework\\src\\Illuminate\\Foundation\\resources\\server.php(23): require_once('C:\\\\Users\\\\USER\\\\D...')
#49 {main}
"} 
[2025-05-01 16:36:43] local.ERROR: Undefined variable $categories (View: C:\Users\USER\Desktop\Ostad Classes\PHP_BATCH6\M22_C3\blog-project\resources\views\admin\posts\create.blade.php) {"exception":"[object] (Illuminate\\View\\ViewException(code: 0): Undefined variable $categories (View: C:\\Users\\USER\\Desktop\\Ostad Classes\\PHP_BATCH6\\M22_C3\\blog-project\\resources\\views\\admin\\posts\\create.blade.php) at C:\\Users\\USER\\Desktop\\Ostad Classes\\PHP_BATCH6\\M22_C3\\blog-project\\storage\\framework\\views\\5deeec99457c478acd90debc79ceadff.php:47)
[stacktrace]
#0 C:\\Users\\USER\\Desktop\\Ostad Classes\\PHP_BATCH6\\M22_C3\\blog-project\\vendor\\laravel\\framework\\src\\Illuminate\\View\\Engines\\PhpEngine.php(59): Illuminate\\View\\Engines\\CompilerEngine->handleViewException(Object(ErrorException), 1)
#1 C:\\Users\\USER\\Desktop\\Ostad Classes\\PHP_BATCH6\\M22_C3\\blog-project\\vendor\\laravel\\framework\\src\\Illuminate\\View\\Engines\\CompilerEngine.php(74): Illuminate\\View\\Engines\\PhpEngine->evaluatePath('C:\\\\Users\\\\USER\\\\D...', Array)
#2 C:\\Users\\USER\\Desktop\\Ostad Classes\\PHP_BATCH6\\M22_C3\\blog-project\\vendor\\laravel\\framework\\src\\Illuminate\\View\\View.php(208): Illuminate\\View\\Engines\\CompilerEngine->get('C:\\\\Users\\\\USER\\\\D...', Array)
#3 C:\\Users\\USER\\Desktop\\Ostad Classes\\PHP_BATCH6\\M22_C3\\blog-project\\vendor\\laravel\\framework\\src\\Illuminate\\View\\View.php(191): Illuminate\\View\\View->getContents()
#4 C:\\Users\\USER\\Desktop\\Ostad Classes\\PHP_BATCH6\\M22_C3\\blog-project\\vendor\\laravel\\framework\\src\\Illuminate\\View\\View.php(160): Illuminate\\View\\View->renderContents()
#5 C:\\Users\\USER\\Desktop\\Ostad Classes\\PHP_BATCH6\\M22_C3\\blog-project\\vendor\\laravel\\framework\\src\\Illuminate\\Http\\Response.php(78): Illuminate\\View\\View->render()
#6 C:\\Users\\USER\\Desktop\\Ostad Classes\\PHP_BATCH6\\M22_C3\\blog-project\\vendor\\laravel\\framework\\src\\Illuminate\\Http\\Response.php(34): Illuminate\\Http\\Response->setContent(Object(Illuminate\\View\\View))
#7 C:\\Users\\USER\\Desktop\\Ostad Classes\\PHP_BATCH6\\M22_C3\\blog-project\\vendor\\laravel\\framework\\src\\Illuminate\\Routing\\Router.php(924): Illuminate\\Http\\Response->__construct(Object(Illuminate\\View\\View), 200, Array)
#8 C:\\Users\\USER\\Desktop\\Ostad Classes\\PHP_BATCH6\\M22_C3\\blog-project\\vendor\\laravel\\framework\\src\\Illuminate\\Routing\\Router.php(891): Illuminate\\Routing\\Router::toResponse(Object(Illuminate\\Http\\Request), Object(Illuminate\\View\\View))
#9 C:\\Users\\USER\\Desktop\\Ostad Classes\\PHP_BATCH6\\M22_C3\\blog-project\\vendor\\laravel\\framework\\src\\Illuminate\\Routing\\Router.php(807): Illuminate\\Routing\\Router->prepareResponse(Object(Illuminate\\Http\\Request), Object(Illuminate\\View\\View))
#10 C:\\Users\\USER\\Desktop\\Ostad Classes\\PHP_BATCH6\\M22_C3\\blog-project\\vendor\\laravel\\framework\\src\\Illuminate\\Pipeline\\Pipeline.php(169): Illuminate\\Routing\\Router->Illuminate\\Routing\\{closure}(Object(Illuminate\\Http\\Request))
#11 C:\\Users\\USER\\Desktop\\Ostad Classes\\PHP_BATCH6\\M22_C3\\blog-project\\vendor\\laravel\\framework\\src\\Illuminate\\Routing\\Middleware\\SubstituteBindings.php(50): Illuminate\\Pipeline\\Pipeline->Illuminate\\Pipeline\\{closure}(Object(Illuminate\\Http\\Request))
#12 C:\\Users\\USER\\Desktop\\Ostad Classes\\PHP_BATCH6\\M22_C3\\blog-project\\vendor\\laravel\\framework\\src\\Illuminate\\Pipeline\\Pipeline.php(208): Illuminate\\Routing\\Middleware\\SubstituteBindings->handle(Object(Illuminate\\Http\\Request), Object(Closure))
#13 C:\\Users\\USER\\Desktop\\Ostad Classes\\PHP_BATCH6\\M22_C3\\blog-project\\vendor\\laravel\\framework\\src\\Illuminate\\Foundation\\Http\\Middleware\\VerifyCsrfToken.php(87): Illuminate\\Pipeline\\Pipeline->Illuminate\\Pipeline\\{closure}(Object(Illuminate\\Http\\Request))
#14 C:\\Users\\USER\\Desktop\\Ostad Classes\\PHP_BATCH6\\M22_C3\\blog-project\\vendor\\laravel\\framework\\src\\Illuminate\\Pipeline\\Pipeline.php(208): Illuminate\\Foundation\\Http\\Middleware\\VerifyCsrfToken->handle(Object(Illuminate\\Http\\Request), Object(Closure))
#15 C:\\Users\\USER\\Desktop\\Ostad Classes\\PHP_BATCH6\\M22_C3\\blog-project\\vendor\\laravel\\framework\\src\\Illuminate\\View\\Middleware\\ShareErrorsFromSession.php(48): Illuminate\\Pipeline\\Pipeline->Illuminate\\Pipeline\\{closure}(Object(Illuminate\\Http\\Request))
#16 C:\\Users\\USER\\Desktop\\Ostad Classes\\PHP_BATCH6\\M22_C3\\blog-project\\vendor\\laravel\\framework\\src\\Illuminate\\Pipeline\\Pipeline.php(208): Illuminate\\View\\Middleware\\ShareErrorsFromSession->handle(Object(Illuminate\\Http\\Request), Object(Closure))
#17 C:\\Users\\USER\\Desktop\\Ostad Classes\\PHP_BATCH6\\M22_C3\\blog-project\\vendor\\laravel\\framework\\src\\Illuminate\\Session\\Middleware\\StartSession.php(120): Illuminate\\Pipeline\\Pipeline->Illuminate\\Pipeline\\{closure}(Object(Illuminate\\Http\\Request))
#18 C:\\Users\\USER\\Desktop\\Ostad Classes\\PHP_BATCH6\\M22_C3\\blog-project\\vendor\\laravel\\framework\\src\\Illuminate\\Session\\Middleware\\StartSession.php(63): Illuminate\\Session\\Middleware\\StartSession->handleStatefulRequest(Object(Illuminate\\Http\\Request), Object(Illuminate\\Session\\Store), Object(Closure))
#19 C:\\Users\\USER\\Desktop\\Ostad Classes\\PHP_BATCH6\\M22_C3\\blog-project\\vendor\\laravel\\framework\\src\\Illuminate\\Pipeline\\Pipeline.php(208): Illuminate\\Session\\Middleware\\StartSession->handle(Object(Illuminate\\Http\\Request), Object(Closure))
#20 C:\\Users\\USER\\Desktop\\Ostad Classes\\PHP_BATCH6\\M22_C3\\blog-project\\vendor\\laravel\\framework\\src\\Illuminate\\Cookie\\Middleware\\AddQueuedCookiesToResponse.php(36): Illuminate\\Pipeline\\Pipeline->Illuminate\\Pipeline\\{closure}(Object(Illuminate\\Http\\Request))
#21 C:\\Users\\USER\\Desktop\\Ostad Classes\\PHP_BATCH6\\M22_C3\\blog-project\\vendor\\laravel\\framework\\src\\Illuminate\\Pipeline\\Pipeline.php(208): Illuminate\\Cookie\\Middleware\\AddQueuedCookiesToResponse->handle(Object(Illuminate\\Http\\Request), Object(Closure))
#22 C:\\Users\\USER\\Desktop\\Ostad Classes\\PHP_BATCH6\\M22_C3\\blog-project\\vendor\\laravel\\framework\\src\\Illuminate\\Cookie\\Middleware\\EncryptCookies.php(74): Illuminate\\Pipeline\\Pipeline->Illuminate\\Pipeline\\{closure}(Object(Illuminate\\Http\\Request))
#23 C:\\Users\\USER\\Desktop\\Ostad Classes\\PHP_BATCH6\\M22_C3\\blog-project\\vendor\\laravel\\framework\\src\\Illuminate\\Pipeline\\Pipeline.php(208): Illuminate\\Cookie\\Middleware\\EncryptCookies->handle(Object(Illuminate\\Http\\Request), Object(Closure))
#24 C:\\Users\\USER\\Desktop\\Ostad Classes\\PHP_BATCH6\\M22_C3\\blog-project\\vendor\\laravel\\framework\\src\\Illuminate\\Pipeline\\Pipeline.php(126): Illuminate\\Pipeline\\Pipeline->Illuminate\\Pipeline\\{closure}(Object(Illuminate\\Http\\Request))
#25 C:\\Users\\USER\\Desktop\\Ostad Classes\\PHP_BATCH6\\M22_C3\\blog-project\\vendor\\laravel\\framework\\src\\Illuminate\\Routing\\Router.php(807): Illuminate\\Pipeline\\Pipeline->then(Object(Closure))
#26 C:\\Users\\USER\\Desktop\\Ostad Classes\\PHP_BATCH6\\M22_C3\\blog-project\\vendor\\laravel\\framework\\src\\Illuminate\\Routing\\Router.php(786): Illuminate\\Routing\\Router->runRouteWithinStack(Object(Illuminate\\Routing\\Route), Object(Illuminate\\Http\\Request))
#27 C:\\Users\\USER\\Desktop\\Ostad Classes\\PHP_BATCH6\\M22_C3\\blog-project\\vendor\\laravel\\framework\\src\\Illuminate\\Routing\\Router.php(750): Illuminate\\Routing\\Router->runRoute(Object(Illuminate\\Http\\Request), Object(Illuminate\\Routing\\Route))
#28 C:\\Users\\USER\\Desktop\\Ostad Classes\\PHP_BATCH6\\M22_C3\\blog-project\\vendor\\laravel\\framework\\src\\Illuminate\\Routing\\Router.php(739): Illuminate\\Routing\\Router->dispatchToRoute(Object(Illuminate\\Http\\Request))
#29 C:\\Users\\USER\\Desktop\\Ostad Classes\\PHP_BATCH6\\M22_C3\\blog-project\\vendor\\laravel\\framework\\src\\Illuminate\\Foundation\\Http\\Kernel.php(200): Illuminate\\Routing\\Router->dispatch(Object(Illuminate\\Http\\Request))
#30 C:\\Users\\USER\\Desktop\\Ostad Classes\\PHP_BATCH6\\M22_C3\\blog-project\\vendor\\laravel\\framework\\src\\Illuminate\\Pipeline\\Pipeline.php(169): Illuminate\\Foundation\\Http\\Kernel->Illuminate\\Foundation\\Http\\{closure}(Object(Illuminate\\Http\\Request))
#31 C:\\Users\\USER\\Desktop\\Ostad Classes\\PHP_BATCH6\\M22_C3\\blog-project\\vendor\\laravel\\framework\\src\\Illuminate\\Foundation\\Http\\Middleware\\TransformsRequest.php(21): Illuminate\\Pipeline\\Pipeline->Illuminate\\Pipeline\\{closure}(Object(Illuminate\\Http\\Request))
#32 C:\\Users\\USER\\Desktop\\Ostad Classes\\PHP_BATCH6\\M22_C3\\blog-project\\vendor\\laravel\\framework\\src\\Illuminate\\Foundation\\Http\\Middleware\\ConvertEmptyStringsToNull.php(31): Illuminate\\Foundation\\Http\\Middleware\\TransformsRequest->handle(Object(Illuminate\\Http\\Request), Object(Closure))
#33 C:\\Users\\USER\\Desktop\\Ostad Classes\\PHP_BATCH6\\M22_C3\\blog-project\\vendor\\laravel\\framework\\src\\Illuminate\\Pipeline\\Pipeline.php(208): Illuminate\\Foundation\\Http\\Middleware\\ConvertEmptyStringsToNull->handle(Object(Illuminate\\Http\\Request), Object(Closure))
#34 C:\\Users\\USER\\Desktop\\Ostad Classes\\PHP_BATCH6\\M22_C3\\blog-project\\vendor\\laravel\\framework\\src\\Illuminate\\Foundation\\Http\\Middleware\\TransformsRequest.php(21): Illuminate\\Pipeline\\Pipeline->Illuminate\\Pipeline\\{closure}(Object(Illuminate\\Http\\Request))
#35 C:\\Users\\USER\\Desktop\\Ostad Classes\\PHP_BATCH6\\M22_C3\\blog-project\\vendor\\laravel\\framework\\src\\Illuminate\\Foundation\\Http\\Middleware\\TrimStrings.php(51): Illuminate\\Foundation\\Http\\Middleware\\TransformsRequest->handle(Object(Illuminate\\Http\\Request), Object(Closure))
#36 C:\\Users\\USER\\Desktop\\Ostad Classes\\PHP_BATCH6\\M22_C3\\blog-project\\vendor\\laravel\\framework\\src\\Illuminate\\Pipeline\\Pipeline.php(208): Illuminate\\Foundation\\Http\\Middleware\\TrimStrings->handle(Object(Illuminate\\Http\\Request), Object(Closure))
#37 C:\\Users\\USER\\Desktop\\Ostad Classes\\PHP_BATCH6\\M22_C3\\blog-project\\vendor\\laravel\\framework\\src\\Illuminate\\Http\\Middleware\\ValidatePostSize.php(27): Illuminate\\Pipeline\\Pipeline->Illuminate\\Pipeline\\{closure}(Object(Illuminate\\Http\\Request))
#38 C:\\Users\\USER\\Desktop\\Ostad Classes\\PHP_BATCH6\\M22_C3\\blog-project\\vendor\\laravel\\framework\\src\\Illuminate\\Pipeline\\Pipeline.php(208): Illuminate\\Http\\Middleware\\ValidatePostSize->handle(Object(Illuminate\\Http\\Request), Object(Closure))
#39 C:\\Users\\USER\\Desktop\\Ostad Classes\\PHP_BATCH6\\M22_C3\\blog-project\\vendor\\laravel\\framework\\src\\Illuminate\\Foundation\\Http\\Middleware\\PreventRequestsDuringMaintenance.php(109): Illuminate\\Pipeline\\Pipeline->Illuminate\\Pipeline\\{closure}(Object(Illuminate\\Http\\Request))
#40 C:\\Users\\USER\\Desktop\\Ostad Classes\\PHP_BATCH6\\M22_C3\\blog-project\\vendor\\laravel\\framework\\src\\Illuminate\\Pipeline\\Pipeline.php(208): Illuminate\\Foundation\\Http\\Middleware\\PreventRequestsDuringMaintenance->handle(Object(Illuminate\\Http\\Request), Object(Closure))
#41 C:\\Users\\USER\\Desktop\\Ostad Classes\\PHP_BATCH6\\M22_C3\\blog-project\\vendor\\laravel\\framework\\src\\Illuminate\\Http\\Middleware\\HandleCors.php(48): Illuminate\\Pipeline\\Pipeline->Illuminate\\Pipeline\\{closure}(Object(Illuminate\\Http\\Request))
#42 C:\\Users\\USER\\Desktop\\Ostad Classes\\PHP_BATCH6\\M22_C3\\blog-project\\vendor\\laravel\\framework\\src\\Illuminate\\Pipeline\\Pipeline.php(208): Illuminate\\Http\\Middleware\\HandleCors->handle(Object(Illuminate\\Http\\Request), Object(Closure))
#43 C:\\Users\\USER\\Desktop\\Ostad Classes\\PHP_BATCH6\\M22_C3\\blog-project\\vendor\\laravel\\framework\\src\\Illuminate\\Http\\Middleware\\TrustProxies.php(58): Illuminate\\Pipeline\\Pipeline->Illuminate\\Pipeline\\{closure}(Object(Illuminate\\Http\\Request))
#44 C:\\Users\\USER\\Desktop\\Ostad Classes\\PHP_BATCH6\\M22_C3\\blog-project\\vendor\\laravel\\framework\\src\\Illuminate\\Pipeline\\Pipeline.php(208): Illuminate\\Http\\Middleware\\TrustProxies->handle(Object(Illuminate\\Http\\Request), Object(Closure))
#45 C:\\Users\\USER\\Desktop\\Ostad Classes\\PHP_BATCH6\\M22_C3\\blog-project\\vendor\\laravel\\framework\\src\\Illuminate\\Foundation\\Http\\Middleware\\InvokeDeferredCallbacks.php(22): Illuminate\\Pipeline\\Pipeline->Illuminate\\Pipeline\\{closure}(Object(Illuminate\\Http\\Request))
#46 C:\\Users\\USER\\Desktop\\Ostad Classes\\PHP_BATCH6\\M22_C3\\blog-project\\vendor\\laravel\\framework\\src\\Illuminate\\Pipeline\\Pipeline.php(208): Illuminate\\Foundation\\Http\\Middleware\\InvokeDeferredCallbacks->handle(Object(Illuminate\\Http\\Request), Object(Closure))
#47 C:\\Users\\USER\\Desktop\\Ostad Classes\\PHP_BATCH6\\M22_C3\\blog-project\\vendor\\laravel\\framework\\src\\Illuminate\\Http\\Middleware\\ValidatePathEncoding.php(26): Illuminate\\Pipeline\\Pipeline->Illuminate\\Pipeline\\{closure}(Object(Illuminate\\Http\\Request))
#48 C:\\Users\\USER\\Desktop\\Ostad Classes\\PHP_BATCH6\\M22_C3\\blog-project\\vendor\\laravel\\framework\\src\\Illuminate\\Pipeline\\Pipeline.php(208): Illuminate\\Http\\Middleware\\ValidatePathEncoding->handle(Object(Illuminate\\Http\\Request), Object(Closure))
#49 C:\\Users\\USER\\Desktop\\Ostad Classes\\PHP_BATCH6\\M22_C3\\blog-project\\vendor\\laravel\\framework\\src\\Illuminate\\Pipeline\\Pipeline.php(126): Illuminate\\Pipeline\\Pipeline->Illuminate\\Pipeline\\{closure}(Object(Illuminate\\Http\\Request))
#50 C:\\Users\\USER\\Desktop\\Ostad Classes\\PHP_BATCH6\\M22_C3\\blog-project\\vendor\\laravel\\framework\\src\\Illuminate\\Foundation\\Http\\Kernel.php(175): Illuminate\\Pipeline\\Pipeline->then(Object(Closure))
#51 C:\\Users\\USER\\Desktop\\Ostad Classes\\PHP_BATCH6\\M22_C3\\blog-project\\vendor\\laravel\\framework\\src\\Illuminate\\Foundation\\Http\\Kernel.php(144): Illuminate\\Foundation\\Http\\Kernel->sendRequestThroughRouter(Object(Illuminate\\Http\\Request))
#52 C:\\Users\\USER\\Desktop\\Ostad Classes\\PHP_BATCH6\\M22_C3\\blog-project\\vendor\\laravel\\framework\\src\\Illuminate\\Foundation\\Application.php(1219): Illuminate\\Foundation\\Http\\Kernel->handle(Object(Illuminate\\Http\\Request))
#53 C:\\Users\\USER\\Desktop\\Ostad Classes\\PHP_BATCH6\\M22_C3\\blog-project\\public\\index.php(20): Illuminate\\Foundation\\Application->handleRequest(Object(Illuminate\\Http\\Request))
#54 C:\\Users\\USER\\Desktop\\Ostad Classes\\PHP_BATCH6\\M22_C3\\blog-project\\vendor\\laravel\\framework\\src\\Illuminate\\Foundation\\resources\\server.php(23): require_once('C:\\\\Users\\\\USER\\\\D...')
#55 {main}

[previous exception] [object] (ErrorException(code: 0): Undefined variable $categories at C:\\Users\\USER\\Desktop\\Ostad Classes\\PHP_BATCH6\\M22_C3\\blog-project\\storage\\framework\\views\\5deeec99457c478acd90debc79ceadff.php:47)
[stacktrace]
#0 C:\\Users\\USER\\Desktop\\Ostad Classes\\PHP_BATCH6\\M22_C3\\blog-project\\vendor\\laravel\\framework\\src\\Illuminate\\Foundation\\Bootstrap\\HandleExceptions.php(256): Illuminate\\Foundation\\Bootstrap\\HandleExceptions->handleError(2, 'Undefined varia...', 'C:\\\\Users\\\\USER\\\\D...', 47)
#1 C:\\Users\\USER\\Desktop\\Ostad Classes\\PHP_BATCH6\\M22_C3\\blog-project\\storage\\framework\\views\\5deeec99457c478acd90debc79ceadff.php(47): Illuminate\\Foundation\\Bootstrap\\HandleExceptions->Illuminate\\Foundation\\Bootstrap\\{closure}(2, 'Undefined varia...', 'C:\\\\Users\\\\USER\\\\D...', 47)
#2 C:\\Users\\USER\\Desktop\\Ostad Classes\\PHP_BATCH6\\M22_C3\\blog-project\\vendor\\laravel\\framework\\src\\Illuminate\\Filesystem\\Filesystem.php(123): require('C:\\\\Users\\\\USER\\\\D...')
#3 C:\\Users\\USER\\Desktop\\Ostad Classes\\PHP_BATCH6\\M22_C3\\blog-project\\vendor\\laravel\\framework\\src\\Illuminate\\Filesystem\\Filesystem.php(124): Illuminate\\Filesystem\\Filesystem::Illuminate\\Filesystem\\{closure}()
#4 C:\\Users\\USER\\Desktop\\Ostad Classes\\PHP_BATCH6\\M22_C3\\blog-project\\vendor\\laravel\\framework\\src\\Illuminate\\View\\Engines\\PhpEngine.php(57): Illuminate\\Filesystem\\Filesystem->getRequire('C:\\\\Users\\\\USER\\\\D...', Array)
#5 C:\\Users\\USER\\Desktop\\Ostad Classes\\PHP_BATCH6\\M22_C3\\blog-project\\vendor\\laravel\\framework\\src\\Illuminate\\View\\Engines\\CompilerEngine.php(74): Illuminate\\View\\Engines\\PhpEngine->evaluatePath('C:\\\\Users\\\\USER\\\\D...', Array)
#6 C:\\Users\\USER\\Desktop\\Ostad Classes\\PHP_BATCH6\\M22_C3\\blog-project\\vendor\\laravel\\framework\\src\\Illuminate\\View\\View.php(208): Illuminate\\View\\Engines\\CompilerEngine->get('C:\\\\Users\\\\USER\\\\D...', Array)
#7 C:\\Users\\USER\\Desktop\\Ostad Classes\\PHP_BATCH6\\M22_C3\\blog-project\\vendor\\laravel\\framework\\src\\Illuminate\\View\\View.php(191): Illuminate\\View\\View->getContents()
#8 C:\\Users\\USER\\Desktop\\Ostad Classes\\PHP_BATCH6\\M22_C3\\blog-project\\vendor\\laravel\\framework\\src\\Illuminate\\View\\View.php(160): Illuminate\\View\\View->renderContents()
#9 C:\\Users\\USER\\Desktop\\Ostad Classes\\PHP_BATCH6\\M22_C3\\blog-project\\vendor\\laravel\\framework\\src\\Illuminate\\Http\\Response.php(78): Illuminate\\View\\View->render()
#10 C:\\Users\\USER\\Desktop\\Ostad Classes\\PHP_BATCH6\\M22_C3\\blog-project\\vendor\\laravel\\framework\\src\\Illuminate\\Http\\Response.php(34): Illuminate\\Http\\Response->setContent(Object(Illuminate\\View\\View))
#11 C:\\Users\\USER\\Desktop\\Ostad Classes\\PHP_BATCH6\\M22_C3\\blog-project\\vendor\\laravel\\framework\\src\\Illuminate\\Routing\\Router.php(924): Illuminate\\Http\\Response->__construct(Object(Illuminate\\View\\View), 200, Array)
#12 C:\\Users\\USER\\Desktop\\Ostad Classes\\PHP_BATCH6\\M22_C3\\blog-project\\vendor\\laravel\\framework\\src\\Illuminate\\Routing\\Router.php(891): Illuminate\\Routing\\Router::toResponse(Object(Illuminate\\Http\\Request), Object(Illuminate\\View\\View))
#13 C:\\Users\\USER\\Desktop\\Ostad Classes\\PHP_BATCH6\\M22_C3\\blog-project\\vendor\\laravel\\framework\\src\\Illuminate\\Routing\\Router.php(807): Illuminate\\Routing\\Router->prepareResponse(Object(Illuminate\\Http\\Request), Object(Illuminate\\View\\View))
#14 C:\\Users\\USER\\Desktop\\Ostad Classes\\PHP_BATCH6\\M22_C3\\blog-project\\vendor\\laravel\\framework\\src\\Illuminate\\Pipeline\\Pipeline.php(169): Illuminate\\Routing\\Router->Illuminate\\Routing\\{closure}(Object(Illuminate\\Http\\Request))
#15 C:\\Users\\USER\\Desktop\\Ostad Classes\\PHP_BATCH6\\M22_C3\\blog-project\\vendor\\laravel\\framework\\src\\Illuminate\\Routing\\Middleware\\SubstituteBindings.php(50): Illuminate\\Pipeline\\Pipeline->Illuminate\\Pipeline\\{closure}(Object(Illuminate\\Http\\Request))
#16 C:\\Users\\USER\\Desktop\\Ostad Classes\\PHP_BATCH6\\M22_C3\\blog-project\\vendor\\laravel\\framework\\src\\Illuminate\\Pipeline\\Pipeline.php(208): Illuminate\\Routing\\Middleware\\SubstituteBindings->handle(Object(Illuminate\\Http\\Request), Object(Closure))
#17 C:\\Users\\USER\\Desktop\\Ostad Classes\\PHP_BATCH6\\M22_C3\\blog-project\\vendor\\laravel\\framework\\src\\Illuminate\\Foundation\\Http\\Middleware\\VerifyCsrfToken.php(87): Illuminate\\Pipeline\\Pipeline->Illuminate\\Pipeline\\{closure}(Object(Illuminate\\Http\\Request))
#18 C:\\Users\\USER\\Desktop\\Ostad Classes\\PHP_BATCH6\\M22_C3\\blog-project\\vendor\\laravel\\framework\\src\\Illuminate\\Pipeline\\Pipeline.php(208): Illuminate\\Foundation\\Http\\Middleware\\VerifyCsrfToken->handle(Object(Illuminate\\Http\\Request), Object(Closure))
#19 C:\\Users\\USER\\Desktop\\Ostad Classes\\PHP_BATCH6\\M22_C3\\blog-project\\vendor\\laravel\\framework\\src\\Illuminate\\View\\Middleware\\ShareErrorsFromSession.php(48): Illuminate\\Pipeline\\Pipeline->Illuminate\\Pipeline\\{closure}(Object(Illuminate\\Http\\Request))
#20 C:\\Users\\USER\\Desktop\\Ostad Classes\\PHP_BATCH6\\M22_C3\\blog-project\\vendor\\laravel\\framework\\src\\Illuminate\\Pipeline\\Pipeline.php(208): Illuminate\\View\\Middleware\\ShareErrorsFromSession->handle(Object(Illuminate\\Http\\Request), Object(Closure))
#21 C:\\Users\\USER\\Desktop\\Ostad Classes\\PHP_BATCH6\\M22_C3\\blog-project\\vendor\\laravel\\framework\\src\\Illuminate\\Session\\Middleware\\StartSession.php(120): Illuminate\\Pipeline\\Pipeline->Illuminate\\Pipeline\\{closure}(Object(Illuminate\\Http\\Request))
#22 C:\\Users\\USER\\Desktop\\Ostad Classes\\PHP_BATCH6\\M22_C3\\blog-project\\vendor\\laravel\\framework\\src\\Illuminate\\Session\\Middleware\\StartSession.php(63): Illuminate\\Session\\Middleware\\StartSession->handleStatefulRequest(Object(Illuminate\\Http\\Request), Object(Illuminate\\Session\\Store), Object(Closure))
#23 C:\\Users\\USER\\Desktop\\Ostad Classes\\PHP_BATCH6\\M22_C3\\blog-project\\vendor\\laravel\\framework\\src\\Illuminate\\Pipeline\\Pipeline.php(208): Illuminate\\Session\\Middleware\\StartSession->handle(Object(Illuminate\\Http\\Request), Object(Closure))
#24 C:\\Users\\USER\\Desktop\\Ostad Classes\\PHP_BATCH6\\M22_C3\\blog-project\\vendor\\laravel\\framework\\src\\Illuminate\\Cookie\\Middleware\\AddQueuedCookiesToResponse.php(36): Illuminate\\Pipeline\\Pipeline->Illuminate\\Pipeline\\{closure}(Object(Illuminate\\Http\\Request))
#25 C:\\Users\\USER\\Desktop\\Ostad Classes\\PHP_BATCH6\\M22_C3\\blog-project\\vendor\\laravel\\framework\\src\\Illuminate\\Pipeline\\Pipeline.php(208): Illuminate\\Cookie\\Middleware\\AddQueuedCookiesToResponse->handle(Object(Illuminate\\Http\\Request), Object(Closure))
#26 C:\\Users\\USER\\Desktop\\Ostad Classes\\PHP_BATCH6\\M22_C3\\blog-project\\vendor\\laravel\\framework\\src\\Illuminate\\Cookie\\Middleware\\EncryptCookies.php(74): Illuminate\\Pipeline\\Pipeline->Illuminate\\Pipeline\\{closure}(Object(Illuminate\\Http\\Request))
#27 C:\\Users\\USER\\Desktop\\Ostad Classes\\PHP_BATCH6\\M22_C3\\blog-project\\vendor\\laravel\\framework\\src\\Illuminate\\Pipeline\\Pipeline.php(208): Illuminate\\Cookie\\Middleware\\EncryptCookies->handle(Object(Illuminate\\Http\\Request), Object(Closure))
#28 C:\\Users\\USER\\Desktop\\Ostad Classes\\PHP_BATCH6\\M22_C3\\blog-project\\vendor\\laravel\\framework\\src\\Illuminate\\Pipeline\\Pipeline.php(126): Illuminate\\Pipeline\\Pipeline->Illuminate\\Pipeline\\{closure}(Object(Illuminate\\Http\\Request))
#29 C:\\Users\\USER\\Desktop\\Ostad Classes\\PHP_BATCH6\\M22_C3\\blog-project\\vendor\\laravel\\framework\\src\\Illuminate\\Routing\\Router.php(807): Illuminate\\Pipeline\\Pipeline->then(Object(Closure))
#30 C:\\Users\\USER\\Desktop\\Ostad Classes\\PHP_BATCH6\\M22_C3\\blog-project\\vendor\\laravel\\framework\\src\\Illuminate\\Routing\\Router.php(786): Illuminate\\Routing\\Router->runRouteWithinStack(Object(Illuminate\\Routing\\Route), Object(Illuminate\\Http\\Request))
#31 C:\\Users\\USER\\Desktop\\Ostad Classes\\PHP_BATCH6\\M22_C3\\blog-project\\vendor\\laravel\\framework\\src\\Illuminate\\Routing\\Router.php(750): Illuminate\\Routing\\Router->runRoute(Object(Illuminate\\Http\\Request), Object(Illuminate\\Routing\\Route))
#32 C:\\Users\\USER\\Desktop\\Ostad Classes\\PHP_BATCH6\\M22_C3\\blog-project\\vendor\\laravel\\framework\\src\\Illuminate\\Routing\\Router.php(739): Illuminate\\Routing\\Router->dispatchToRoute(Object(Illuminate\\Http\\Request))
#33 C:\\Users\\USER\\Desktop\\Ostad Classes\\PHP_BATCH6\\M22_C3\\blog-project\\vendor\\laravel\\framework\\src\\Illuminate\\Foundation\\Http\\Kernel.php(200): Illuminate\\Routing\\Router->dispatch(Object(Illuminate\\Http\\Request))
#34 C:\\Users\\USER\\Desktop\\Ostad Classes\\PHP_BATCH6\\M22_C3\\blog-project\\vendor\\laravel\\framework\\src\\Illuminate\\Pipeline\\Pipeline.php(169): Illuminate\\Foundation\\Http\\Kernel->Illuminate\\Foundation\\Http\\{closure}(Object(Illuminate\\Http\\Request))
#35 C:\\Users\\USER\\Desktop\\Ostad Classes\\PHP_BATCH6\\M22_C3\\blog-project\\vendor\\laravel\\framework\\src\\Illuminate\\Foundation\\Http\\Middleware\\TransformsRequest.php(21): Illuminate\\Pipeline\\Pipeline->Illuminate\\Pipeline\\{closure}(Object(Illuminate\\Http\\Request))
#36 C:\\Users\\USER\\Desktop\\Ostad Classes\\PHP_BATCH6\\M22_C3\\blog-project\\vendor\\laravel\\framework\\src\\Illuminate\\Foundation\\Http\\Middleware\\ConvertEmptyStringsToNull.php(31): Illuminate\\Foundation\\Http\\Middleware\\TransformsRequest->handle(Object(Illuminate\\Http\\Request), Object(Closure))
#37 C:\\Users\\USER\\Desktop\\Ostad Classes\\PHP_BATCH6\\M22_C3\\blog-project\\vendor\\laravel\\framework\\src\\Illuminate\\Pipeline\\Pipeline.php(208): Illuminate\\Foundation\\Http\\Middleware\\ConvertEmptyStringsToNull->handle(Object(Illuminate\\Http\\Request), Object(Closure))
#38 C:\\Users\\USER\\Desktop\\Ostad Classes\\PHP_BATCH6\\M22_C3\\blog-project\\vendor\\laravel\\framework\\src\\Illuminate\\Foundation\\Http\\Middleware\\TransformsRequest.php(21): Illuminate\\Pipeline\\Pipeline->Illuminate\\Pipeline\\{closure}(Object(Illuminate\\Http\\Request))
#39 C:\\Users\\USER\\Desktop\\Ostad Classes\\PHP_BATCH6\\M22_C3\\blog-project\\vendor\\laravel\\framework\\src\\Illuminate\\Foundation\\Http\\Middleware\\TrimStrings.php(51): Illuminate\\Foundation\\Http\\Middleware\\TransformsRequest->handle(Object(Illuminate\\Http\\Request), Object(Closure))
#40 C:\\Users\\USER\\Desktop\\Ostad Classes\\PHP_BATCH6\\M22_C3\\blog-project\\vendor\\laravel\\framework\\src\\Illuminate\\Pipeline\\Pipeline.php(208): Illuminate\\Foundation\\Http\\Middleware\\TrimStrings->handle(Object(Illuminate\\Http\\Request), Object(Closure))
#41 C:\\Users\\USER\\Desktop\\Ostad Classes\\PHP_BATCH6\\M22_C3\\blog-project\\vendor\\laravel\\framework\\src\\Illuminate\\Http\\Middleware\\ValidatePostSize.php(27): Illuminate\\Pipeline\\Pipeline->Illuminate\\Pipeline\\{closure}(Object(Illuminate\\Http\\Request))
#42 C:\\Users\\USER\\Desktop\\Ostad Classes\\PHP_BATCH6\\M22_C3\\blog-project\\vendor\\laravel\\framework\\src\\Illuminate\\Pipeline\\Pipeline.php(208): Illuminate\\Http\\Middleware\\ValidatePostSize->handle(Object(Illuminate\\Http\\Request), Object(Closure))
#43 C:\\Users\\USER\\Desktop\\Ostad Classes\\PHP_BATCH6\\M22_C3\\blog-project\\vendor\\laravel\\framework\\src\\Illuminate\\Foundation\\Http\\Middleware\\PreventRequestsDuringMaintenance.php(109): Illuminate\\Pipeline\\Pipeline->Illuminate\\Pipeline\\{closure}(Object(Illuminate\\Http\\Request))
#44 C:\\Users\\USER\\Desktop\\Ostad Classes\\PHP_BATCH6\\M22_C3\\blog-project\\vendor\\laravel\\framework\\src\\Illuminate\\Pipeline\\Pipeline.php(208): Illuminate\\Foundation\\Http\\Middleware\\PreventRequestsDuringMaintenance->handle(Object(Illuminate\\Http\\Request), Object(Closure))
#45 C:\\Users\\USER\\Desktop\\Ostad Classes\\PHP_BATCH6\\M22_C3\\blog-project\\vendor\\laravel\\framework\\src\\Illuminate\\Http\\Middleware\\HandleCors.php(48): Illuminate\\Pipeline\\Pipeline->Illuminate\\Pipeline\\{closure}(Object(Illuminate\\Http\\Request))
#46 C:\\Users\\USER\\Desktop\\Ostad Classes\\PHP_BATCH6\\M22_C3\\blog-project\\vendor\\laravel\\framework\\src\\Illuminate\\Pipeline\\Pipeline.php(208): Illuminate\\Http\\Middleware\\HandleCors->handle(Object(Illuminate\\Http\\Request), Object(Closure))
#47 C:\\Users\\USER\\Desktop\\Ostad Classes\\PHP_BATCH6\\M22_C3\\blog-project\\vendor\\laravel\\framework\\src\\Illuminate\\Http\\Middleware\\TrustProxies.php(58): Illuminate\\Pipeline\\Pipeline->Illuminate\\Pipeline\\{closure}(Object(Illuminate\\Http\\Request))
#48 C:\\Users\\USER\\Desktop\\Ostad Classes\\PHP_BATCH6\\M22_C3\\blog-project\\vendor\\laravel\\framework\\src\\Illuminate\\Pipeline\\Pipeline.php(208): Illuminate\\Http\\Middleware\\TrustProxies->handle(Object(Illuminate\\Http\\Request), Object(Closure))
#49 C:\\Users\\USER\\Desktop\\Ostad Classes\\PHP_BATCH6\\M22_C3\\blog-project\\vendor\\laravel\\framework\\src\\Illuminate\\Foundation\\Http\\Middleware\\InvokeDeferredCallbacks.php(22): Illuminate\\Pipeline\\Pipeline->Illuminate\\Pipeline\\{closure}(Object(Illuminate\\Http\\Request))
#50 C:\\Users\\USER\\Desktop\\Ostad Classes\\PHP_BATCH6\\M22_C3\\blog-project\\vendor\\laravel\\framework\\src\\Illuminate\\Pipeline\\Pipeline.php(208): Illuminate\\Foundation\\Http\\Middleware\\InvokeDeferredCallbacks->handle(Object(Illuminate\\Http\\Request), Object(Closure))
#51 C:\\Users\\USER\\Desktop\\Ostad Classes\\PHP_BATCH6\\M22_C3\\blog-project\\vendor\\laravel\\framework\\src\\Illuminate\\Http\\Middleware\\ValidatePathEncoding.php(26): Illuminate\\Pipeline\\Pipeline->Illuminate\\Pipeline\\{closure}(Object(Illuminate\\Http\\Request))
#52 C:\\Users\\USER\\Desktop\\Ostad Classes\\PHP_BATCH6\\M22_C3\\blog-project\\vendor\\laravel\\framework\\src\\Illuminate\\Pipeline\\Pipeline.php(208): Illuminate\\Http\\Middleware\\ValidatePathEncoding->handle(Object(Illuminate\\Http\\Request), Object(Closure))
#53 C:\\Users\\USER\\Desktop\\Ostad Classes\\PHP_BATCH6\\M22_C3\\blog-project\\vendor\\laravel\\framework\\src\\Illuminate\\Pipeline\\Pipeline.php(126): Illuminate\\Pipeline\\Pipeline->Illuminate\\Pipeline\\{closure}(Object(Illuminate\\Http\\Request))
#54 C:\\Users\\USER\\Desktop\\Ostad Classes\\PHP_BATCH6\\M22_C3\\blog-project\\vendor\\laravel\\framework\\src\\Illuminate\\Foundation\\Http\\Kernel.php(175): Illuminate\\Pipeline\\Pipeline->then(Object(Closure))
#55 C:\\Users\\USER\\Desktop\\Ostad Classes\\PHP_BATCH6\\M22_C3\\blog-project\\vendor\\laravel\\framework\\src\\Illuminate\\Foundation\\Http\\Kernel.php(144): Illuminate\\Foundation\\Http\\Kernel->sendRequestThroughRouter(Object(Illuminate\\Http\\Request))
#56 C:\\Users\\USER\\Desktop\\Ostad Classes\\PHP_BATCH6\\M22_C3\\blog-project\\vendor\\laravel\\framework\\src\\Illuminate\\Foundation\\Application.php(1219): Illuminate\\Foundation\\Http\\Kernel->handle(Object(Illuminate\\Http\\Request))
#57 C:\\Users\\USER\\Desktop\\Ostad Classes\\PHP_BATCH6\\M22_C3\\blog-project\\public\\index.php(20): Illuminate\\Foundation\\Application->handleRequest(Object(Illuminate\\Http\\Request))
#58 C:\\Users\\USER\\Desktop\\Ostad Classes\\PHP_BATCH6\\M22_C3\\blog-project\\vendor\\laravel\\framework\\src\\Illuminate\\Foundation\\resources\\server.php(23): require_once('C:\\\\Users\\\\USER\\\\D...')
#59 {main}
"} 
[2025-05-01 16:52:18] local.ERROR: Undefined variable $categories (View: C:\Users\USER\Desktop\Ostad Classes\PHP_BATCH6\M22_C3\blog-project\resources\views\admin\posts\create.blade.php) {"exception":"[object] (Illuminate\\View\\ViewException(code: 0): Undefined variable $categories (View: C:\\Users\\USER\\Desktop\\Ostad Classes\\PHP_BATCH6\\M22_C3\\blog-project\\resources\\views\\admin\\posts\\create.blade.php) at C:\\Users\\USER\\Desktop\\Ostad Classes\\PHP_BATCH6\\M22_C3\\blog-project\\storage\\framework\\views\\5deeec99457c478acd90debc79ceadff.php:47)
[stacktrace]
#0 C:\\Users\\USER\\Desktop\\Ostad Classes\\PHP_BATCH6\\M22_C3\\blog-project\\vendor\\laravel\\framework\\src\\Illuminate\\View\\Engines\\PhpEngine.php(59): Illuminate\\View\\Engines\\CompilerEngine->handleViewException(Object(ErrorException), 1)
#1 C:\\Users\\USER\\Desktop\\Ostad Classes\\PHP_BATCH6\\M22_C3\\blog-project\\vendor\\laravel\\framework\\src\\Illuminate\\View\\Engines\\CompilerEngine.php(74): Illuminate\\View\\Engines\\PhpEngine->evaluatePath('C:\\\\Users\\\\USER\\\\D...', Array)
#2 C:\\Users\\USER\\Desktop\\Ostad Classes\\PHP_BATCH6\\M22_C3\\blog-project\\vendor\\laravel\\framework\\src\\Illuminate\\View\\View.php(208): Illuminate\\View\\Engines\\CompilerEngine->get('C:\\\\Users\\\\USER\\\\D...', Array)
#3 C:\\Users\\USER\\Desktop\\Ostad Classes\\PHP_BATCH6\\M22_C3\\blog-project\\vendor\\laravel\\framework\\src\\Illuminate\\View\\View.php(191): Illuminate\\View\\View->getContents()
#4 C:\\Users\\USER\\Desktop\\Ostad Classes\\PHP_BATCH6\\M22_C3\\blog-project\\vendor\\laravel\\framework\\src\\Illuminate\\View\\View.php(160): Illuminate\\View\\View->renderContents()
#5 C:\\Users\\USER\\Desktop\\Ostad Classes\\PHP_BATCH6\\M22_C3\\blog-project\\vendor\\laravel\\framework\\src\\Illuminate\\Http\\Response.php(78): Illuminate\\View\\View->render()
#6 C:\\Users\\USER\\Desktop\\Ostad Classes\\PHP_BATCH6\\M22_C3\\blog-project\\vendor\\laravel\\framework\\src\\Illuminate\\Http\\Response.php(34): Illuminate\\Http\\Response->setContent(Object(Illuminate\\View\\View))
#7 C:\\Users\\USER\\Desktop\\Ostad Classes\\PHP_BATCH6\\M22_C3\\blog-project\\vendor\\laravel\\framework\\src\\Illuminate\\Routing\\Router.php(924): Illuminate\\Http\\Response->__construct(Object(Illuminate\\View\\View), 200, Array)
#8 C:\\Users\\USER\\Desktop\\Ostad Classes\\PHP_BATCH6\\M22_C3\\blog-project\\vendor\\laravel\\framework\\src\\Illuminate\\Routing\\Router.php(891): Illuminate\\Routing\\Router::toResponse(Object(Illuminate\\Http\\Request), Object(Illuminate\\View\\View))
#9 C:\\Users\\USER\\Desktop\\Ostad Classes\\PHP_BATCH6\\M22_C3\\blog-project\\vendor\\laravel\\framework\\src\\Illuminate\\Routing\\Router.php(807): Illuminate\\Routing\\Router->prepareResponse(Object(Illuminate\\Http\\Request), Object(Illuminate\\View\\View))
#10 C:\\Users\\USER\\Desktop\\Ostad Classes\\PHP_BATCH6\\M22_C3\\blog-project\\vendor\\laravel\\framework\\src\\Illuminate\\Pipeline\\Pipeline.php(169): Illuminate\\Routing\\Router->Illuminate\\Routing\\{closure}(Object(Illuminate\\Http\\Request))
#11 C:\\Users\\USER\\Desktop\\Ostad Classes\\PHP_BATCH6\\M22_C3\\blog-project\\vendor\\laravel\\framework\\src\\Illuminate\\Routing\\Middleware\\SubstituteBindings.php(50): Illuminate\\Pipeline\\Pipeline->Illuminate\\Pipeline\\{closure}(Object(Illuminate\\Http\\Request))
#12 C:\\Users\\USER\\Desktop\\Ostad Classes\\PHP_BATCH6\\M22_C3\\blog-project\\vendor\\laravel\\framework\\src\\Illuminate\\Pipeline\\Pipeline.php(208): Illuminate\\Routing\\Middleware\\SubstituteBindings->handle(Object(Illuminate\\Http\\Request), Object(Closure))
#13 C:\\Users\\USER\\Desktop\\Ostad Classes\\PHP_BATCH6\\M22_C3\\blog-project\\vendor\\laravel\\framework\\src\\Illuminate\\Foundation\\Http\\Middleware\\VerifyCsrfToken.php(87): Illuminate\\Pipeline\\Pipeline->Illuminate\\Pipeline\\{closure}(Object(Illuminate\\Http\\Request))
#14 C:\\Users\\USER\\Desktop\\Ostad Classes\\PHP_BATCH6\\M22_C3\\blog-project\\vendor\\laravel\\framework\\src\\Illuminate\\Pipeline\\Pipeline.php(208): Illuminate\\Foundation\\Http\\Middleware\\VerifyCsrfToken->handle(Object(Illuminate\\Http\\Request), Object(Closure))
#15 C:\\Users\\USER\\Desktop\\Ostad Classes\\PHP_BATCH6\\M22_C3\\blog-project\\vendor\\laravel\\framework\\src\\Illuminate\\View\\Middleware\\ShareErrorsFromSession.php(48): Illuminate\\Pipeline\\Pipeline->Illuminate\\Pipeline\\{closure}(Object(Illuminate\\Http\\Request))
#16 C:\\Users\\USER\\Desktop\\Ostad Classes\\PHP_BATCH6\\M22_C3\\blog-project\\vendor\\laravel\\framework\\src\\Illuminate\\Pipeline\\Pipeline.php(208): Illuminate\\View\\Middleware\\ShareErrorsFromSession->handle(Object(Illuminate\\Http\\Request), Object(Closure))
#17 C:\\Users\\USER\\Desktop\\Ostad Classes\\PHP_BATCH6\\M22_C3\\blog-project\\vendor\\laravel\\framework\\src\\Illuminate\\Session\\Middleware\\StartSession.php(120): Illuminate\\Pipeline\\Pipeline->Illuminate\\Pipeline\\{closure}(Object(Illuminate\\Http\\Request))
#18 C:\\Users\\USER\\Desktop\\Ostad Classes\\PHP_BATCH6\\M22_C3\\blog-project\\vendor\\laravel\\framework\\src\\Illuminate\\Session\\Middleware\\StartSession.php(63): Illuminate\\Session\\Middleware\\StartSession->handleStatefulRequest(Object(Illuminate\\Http\\Request), Object(Illuminate\\Session\\Store), Object(Closure))
#19 C:\\Users\\USER\\Desktop\\Ostad Classes\\PHP_BATCH6\\M22_C3\\blog-project\\vendor\\laravel\\framework\\src\\Illuminate\\Pipeline\\Pipeline.php(208): Illuminate\\Session\\Middleware\\StartSession->handle(Object(Illuminate\\Http\\Request), Object(Closure))
#20 C:\\Users\\USER\\Desktop\\Ostad Classes\\PHP_BATCH6\\M22_C3\\blog-project\\vendor\\laravel\\framework\\src\\Illuminate\\Cookie\\Middleware\\AddQueuedCookiesToResponse.php(36): Illuminate\\Pipeline\\Pipeline->Illuminate\\Pipeline\\{closure}(Object(Illuminate\\Http\\Request))
#21 C:\\Users\\USER\\Desktop\\Ostad Classes\\PHP_BATCH6\\M22_C3\\blog-project\\vendor\\laravel\\framework\\src\\Illuminate\\Pipeline\\Pipeline.php(208): Illuminate\\Cookie\\Middleware\\AddQueuedCookiesToResponse->handle(Object(Illuminate\\Http\\Request), Object(Closure))
#22 C:\\Users\\USER\\Desktop\\Ostad Classes\\PHP_BATCH6\\M22_C3\\blog-project\\vendor\\laravel\\framework\\src\\Illuminate\\Cookie\\Middleware\\EncryptCookies.php(74): Illuminate\\Pipeline\\Pipeline->Illuminate\\Pipeline\\{closure}(Object(Illuminate\\Http\\Request))
#23 C:\\Users\\USER\\Desktop\\Ostad Classes\\PHP_BATCH6\\M22_C3\\blog-project\\vendor\\laravel\\framework\\src\\Illuminate\\Pipeline\\Pipeline.php(208): Illuminate\\Cookie\\Middleware\\EncryptCookies->handle(Object(Illuminate\\Http\\Request), Object(Closure))
#24 C:\\Users\\USER\\Desktop\\Ostad Classes\\PHP_BATCH6\\M22_C3\\blog-project\\vendor\\laravel\\framework\\src\\Illuminate\\Pipeline\\Pipeline.php(126): Illuminate\\Pipeline\\Pipeline->Illuminate\\Pipeline\\{closure}(Object(Illuminate\\Http\\Request))
#25 C:\\Users\\USER\\Desktop\\Ostad Classes\\PHP_BATCH6\\M22_C3\\blog-project\\vendor\\laravel\\framework\\src\\Illuminate\\Routing\\Router.php(807): Illuminate\\Pipeline\\Pipeline->then(Object(Closure))
#26 C:\\Users\\USER\\Desktop\\Ostad Classes\\PHP_BATCH6\\M22_C3\\blog-project\\vendor\\laravel\\framework\\src\\Illuminate\\Routing\\Router.php(786): Illuminate\\Routing\\Router->runRouteWithinStack(Object(Illuminate\\Routing\\Route), Object(Illuminate\\Http\\Request))
#27 C:\\Users\\USER\\Desktop\\Ostad Classes\\PHP_BATCH6\\M22_C3\\blog-project\\vendor\\laravel\\framework\\src\\Illuminate\\Routing\\Router.php(750): Illuminate\\Routing\\Router->runRoute(Object(Illuminate\\Http\\Request), Object(Illuminate\\Routing\\Route))
#28 C:\\Users\\USER\\Desktop\\Ostad Classes\\PHP_BATCH6\\M22_C3\\blog-project\\vendor\\laravel\\framework\\src\\Illuminate\\Routing\\Router.php(739): Illuminate\\Routing\\Router->dispatchToRoute(Object(Illuminate\\Http\\Request))
#29 C:\\Users\\USER\\Desktop\\Ostad Classes\\PHP_BATCH6\\M22_C3\\blog-project\\vendor\\laravel\\framework\\src\\Illuminate\\Foundation\\Http\\Kernel.php(200): Illuminate\\Routing\\Router->dispatch(Object(Illuminate\\Http\\Request))
#30 C:\\Users\\USER\\Desktop\\Ostad Classes\\PHP_BATCH6\\M22_C3\\blog-project\\vendor\\laravel\\framework\\src\\Illuminate\\Pipeline\\Pipeline.php(169): Illuminate\\Foundation\\Http\\Kernel->Illuminate\\Foundation\\Http\\{closure}(Object(Illuminate\\Http\\Request))
#31 C:\\Users\\USER\\Desktop\\Ostad Classes\\PHP_BATCH6\\M22_C3\\blog-project\\vendor\\laravel\\framework\\src\\Illuminate\\Foundation\\Http\\Middleware\\TransformsRequest.php(21): Illuminate\\Pipeline\\Pipeline->Illuminate\\Pipeline\\{closure}(Object(Illuminate\\Http\\Request))
#32 C:\\Users\\USER\\Desktop\\Ostad Classes\\PHP_BATCH6\\M22_C3\\blog-project\\vendor\\laravel\\framework\\src\\Illuminate\\Foundation\\Http\\Middleware\\ConvertEmptyStringsToNull.php(31): Illuminate\\Foundation\\Http\\Middleware\\TransformsRequest->handle(Object(Illuminate\\Http\\Request), Object(Closure))
#33 C:\\Users\\USER\\Desktop\\Ostad Classes\\PHP_BATCH6\\M22_C3\\blog-project\\vendor\\laravel\\framework\\src\\Illuminate\\Pipeline\\Pipeline.php(208): Illuminate\\Foundation\\Http\\Middleware\\ConvertEmptyStringsToNull->handle(Object(Illuminate\\Http\\Request), Object(Closure))
#34 C:\\Users\\USER\\Desktop\\Ostad Classes\\PHP_BATCH6\\M22_C3\\blog-project\\vendor\\laravel\\framework\\src\\Illuminate\\Foundation\\Http\\Middleware\\TransformsRequest.php(21): Illuminate\\Pipeline\\Pipeline->Illuminate\\Pipeline\\{closure}(Object(Illuminate\\Http\\Request))
#35 C:\\Users\\USER\\Desktop\\Ostad Classes\\PHP_BATCH6\\M22_C3\\blog-project\\vendor\\laravel\\framework\\src\\Illuminate\\Foundation\\Http\\Middleware\\TrimStrings.php(51): Illuminate\\Foundation\\Http\\Middleware\\TransformsRequest->handle(Object(Illuminate\\Http\\Request), Object(Closure))
#36 C:\\Users\\USER\\Desktop\\Ostad Classes\\PHP_BATCH6\\M22_C3\\blog-project\\vendor\\laravel\\framework\\src\\Illuminate\\Pipeline\\Pipeline.php(208): Illuminate\\Foundation\\Http\\Middleware\\TrimStrings->handle(Object(Illuminate\\Http\\Request), Object(Closure))
#37 C:\\Users\\USER\\Desktop\\Ostad Classes\\PHP_BATCH6\\M22_C3\\blog-project\\vendor\\laravel\\framework\\src\\Illuminate\\Http\\Middleware\\ValidatePostSize.php(27): Illuminate\\Pipeline\\Pipeline->Illuminate\\Pipeline\\{closure}(Object(Illuminate\\Http\\Request))
#38 C:\\Users\\USER\\Desktop\\Ostad Classes\\PHP_BATCH6\\M22_C3\\blog-project\\vendor\\laravel\\framework\\src\\Illuminate\\Pipeline\\Pipeline.php(208): Illuminate\\Http\\Middleware\\ValidatePostSize->handle(Object(Illuminate\\Http\\Request), Object(Closure))
#39 C:\\Users\\USER\\Desktop\\Ostad Classes\\PHP_BATCH6\\M22_C3\\blog-project\\vendor\\laravel\\framework\\src\\Illuminate\\Foundation\\Http\\Middleware\\PreventRequestsDuringMaintenance.php(109): Illuminate\\Pipeline\\Pipeline->Illuminate\\Pipeline\\{closure}(Object(Illuminate\\Http\\Request))
#40 C:\\Users\\USER\\Desktop\\Ostad Classes\\PHP_BATCH6\\M22_C3\\blog-project\\vendor\\laravel\\framework\\src\\Illuminate\\Pipeline\\Pipeline.php(208): Illuminate\\Foundation\\Http\\Middleware\\PreventRequestsDuringMaintenance->handle(Object(Illuminate\\Http\\Request), Object(Closure))
#41 C:\\Users\\USER\\Desktop\\Ostad Classes\\PHP_BATCH6\\M22_C3\\blog-project\\vendor\\laravel\\framework\\src\\Illuminate\\Http\\Middleware\\HandleCors.php(48): Illuminate\\Pipeline\\Pipeline->Illuminate\\Pipeline\\{closure}(Object(Illuminate\\Http\\Request))
#42 C:\\Users\\USER\\Desktop\\Ostad Classes\\PHP_BATCH6\\M22_C3\\blog-project\\vendor\\laravel\\framework\\src\\Illuminate\\Pipeline\\Pipeline.php(208): Illuminate\\Http\\Middleware\\HandleCors->handle(Object(Illuminate\\Http\\Request), Object(Closure))
#43 C:\\Users\\USER\\Desktop\\Ostad Classes\\PHP_BATCH6\\M22_C3\\blog-project\\vendor\\laravel\\framework\\src\\Illuminate\\Http\\Middleware\\TrustProxies.php(58): Illuminate\\Pipeline\\Pipeline->Illuminate\\Pipeline\\{closure}(Object(Illuminate\\Http\\Request))
#44 C:\\Users\\USER\\Desktop\\Ostad Classes\\PHP_BATCH6\\M22_C3\\blog-project\\vendor\\laravel\\framework\\src\\Illuminate\\Pipeline\\Pipeline.php(208): Illuminate\\Http\\Middleware\\TrustProxies->handle(Object(Illuminate\\Http\\Request), Object(Closure))
#45 C:\\Users\\USER\\Desktop\\Ostad Classes\\PHP_BATCH6\\M22_C3\\blog-project\\vendor\\laravel\\framework\\src\\Illuminate\\Foundation\\Http\\Middleware\\InvokeDeferredCallbacks.php(22): Illuminate\\Pipeline\\Pipeline->Illuminate\\Pipeline\\{closure}(Object(Illuminate\\Http\\Request))
#46 C:\\Users\\USER\\Desktop\\Ostad Classes\\PHP_BATCH6\\M22_C3\\blog-project\\vendor\\laravel\\framework\\src\\Illuminate\\Pipeline\\Pipeline.php(208): Illuminate\\Foundation\\Http\\Middleware\\InvokeDeferredCallbacks->handle(Object(Illuminate\\Http\\Request), Object(Closure))
#47 C:\\Users\\USER\\Desktop\\Ostad Classes\\PHP_BATCH6\\M22_C3\\blog-project\\vendor\\laravel\\framework\\src\\Illuminate\\Http\\Middleware\\ValidatePathEncoding.php(26): Illuminate\\Pipeline\\Pipeline->Illuminate\\Pipeline\\{closure}(Object(Illuminate\\Http\\Request))
#48 C:\\Users\\USER\\Desktop\\Ostad Classes\\PHP_BATCH6\\M22_C3\\blog-project\\vendor\\laravel\\framework\\src\\Illuminate\\Pipeline\\Pipeline.php(208): Illuminate\\Http\\Middleware\\ValidatePathEncoding->handle(Object(Illuminate\\Http\\Request), Object(Closure))
#49 C:\\Users\\USER\\Desktop\\Ostad Classes\\PHP_BATCH6\\M22_C3\\blog-project\\vendor\\laravel\\framework\\src\\Illuminate\\Pipeline\\Pipeline.php(126): Illuminate\\Pipeline\\Pipeline->Illuminate\\Pipeline\\{closure}(Object(Illuminate\\Http\\Request))
#50 C:\\Users\\USER\\Desktop\\Ostad Classes\\PHP_BATCH6\\M22_C3\\blog-project\\vendor\\laravel\\framework\\src\\Illuminate\\Foundation\\Http\\Kernel.php(175): Illuminate\\Pipeline\\Pipeline->then(Object(Closure))
#51 C:\\Users\\USER\\Desktop\\Ostad Classes\\PHP_BATCH6\\M22_C3\\blog-project\\vendor\\laravel\\framework\\src\\Illuminate\\Foundation\\Http\\Kernel.php(144): Illuminate\\Foundation\\Http\\Kernel->sendRequestThroughRouter(Object(Illuminate\\Http\\Request))
#52 C:\\Users\\USER\\Desktop\\Ostad Classes\\PHP_BATCH6\\M22_C3\\blog-project\\vendor\\laravel\\framework\\src\\Illuminate\\Foundation\\Application.php(1219): Illuminate\\Foundation\\Http\\Kernel->handle(Object(Illuminate\\Http\\Request))
#53 C:\\Users\\USER\\Desktop\\Ostad Classes\\PHP_BATCH6\\M22_C3\\blog-project\\public\\index.php(20): Illuminate\\Foundation\\Application->handleRequest(Object(Illuminate\\Http\\Request))
#54 C:\\Users\\USER\\Desktop\\Ostad Classes\\PHP_BATCH6\\M22_C3\\blog-project\\vendor\\laravel\\framework\\src\\Illuminate\\Foundation\\resources\\server.php(23): require_once('C:\\\\Users\\\\USER\\\\D...')
#55 {main}

[previous exception] [object] (ErrorException(code: 0): Undefined variable $categories at C:\\Users\\USER\\Desktop\\Ostad Classes\\PHP_BATCH6\\M22_C3\\blog-project\\storage\\framework\\views\\5deeec99457c478acd90debc79ceadff.php:47)
[stacktrace]
#0 C:\\Users\\USER\\Desktop\\Ostad Classes\\PHP_BATCH6\\M22_C3\\blog-project\\vendor\\laravel\\framework\\src\\Illuminate\\Foundation\\Bootstrap\\HandleExceptions.php(256): Illuminate\\Foundation\\Bootstrap\\HandleExceptions->handleError(2, 'Undefined varia...', 'C:\\\\Users\\\\USER\\\\D...', 47)
#1 C:\\Users\\USER\\Desktop\\Ostad Classes\\PHP_BATCH6\\M22_C3\\blog-project\\storage\\framework\\views\\5deeec99457c478acd90debc79ceadff.php(47): Illuminate\\Foundation\\Bootstrap\\HandleExceptions->Illuminate\\Foundation\\Bootstrap\\{closure}(2, 'Undefined varia...', 'C:\\\\Users\\\\USER\\\\D...', 47)
#2 C:\\Users\\USER\\Desktop\\Ostad Classes\\PHP_BATCH6\\M22_C3\\blog-project\\vendor\\laravel\\framework\\src\\Illuminate\\Filesystem\\Filesystem.php(123): require('C:\\\\Users\\\\USER\\\\D...')
#3 C:\\Users\\USER\\Desktop\\Ostad Classes\\PHP_BATCH6\\M22_C3\\blog-project\\vendor\\laravel\\framework\\src\\Illuminate\\Filesystem\\Filesystem.php(124): Illuminate\\Filesystem\\Filesystem::Illuminate\\Filesystem\\{closure}()
#4 C:\\Users\\USER\\Desktop\\Ostad Classes\\PHP_BATCH6\\M22_C3\\blog-project\\vendor\\laravel\\framework\\src\\Illuminate\\View\\Engines\\PhpEngine.php(57): Illuminate\\Filesystem\\Filesystem->getRequire('C:\\\\Users\\\\USER\\\\D...', Array)
#5 C:\\Users\\USER\\Desktop\\Ostad Classes\\PHP_BATCH6\\M22_C3\\blog-project\\vendor\\laravel\\framework\\src\\Illuminate\\View\\Engines\\CompilerEngine.php(74): Illuminate\\View\\Engines\\PhpEngine->evaluatePath('C:\\\\Users\\\\USER\\\\D...', Array)
#6 C:\\Users\\USER\\Desktop\\Ostad Classes\\PHP_BATCH6\\M22_C3\\blog-project\\vendor\\laravel\\framework\\src\\Illuminate\\View\\View.php(208): Illuminate\\View\\Engines\\CompilerEngine->get('C:\\\\Users\\\\USER\\\\D...', Array)
#7 C:\\Users\\USER\\Desktop\\Ostad Classes\\PHP_BATCH6\\M22_C3\\blog-project\\vendor\\laravel\\framework\\src\\Illuminate\\View\\View.php(191): Illuminate\\View\\View->getContents()
#8 C:\\Users\\USER\\Desktop\\Ostad Classes\\PHP_BATCH6\\M22_C3\\blog-project\\vendor\\laravel\\framework\\src\\Illuminate\\View\\View.php(160): Illuminate\\View\\View->renderContents()
#9 C:\\Users\\USER\\Desktop\\Ostad Classes\\PHP_BATCH6\\M22_C3\\blog-project\\vendor\\laravel\\framework\\src\\Illuminate\\Http\\Response.php(78): Illuminate\\View\\View->render()
#10 C:\\Users\\USER\\Desktop\\Ostad Classes\\PHP_BATCH6\\M22_C3\\blog-project\\vendor\\laravel\\framework\\src\\Illuminate\\Http\\Response.php(34): Illuminate\\Http\\Response->setContent(Object(Illuminate\\View\\View))
#11 C:\\Users\\USER\\Desktop\\Ostad Classes\\PHP_BATCH6\\M22_C3\\blog-project\\vendor\\laravel\\framework\\src\\Illuminate\\Routing\\Router.php(924): Illuminate\\Http\\Response->__construct(Object(Illuminate\\View\\View), 200, Array)
#12 C:\\Users\\USER\\Desktop\\Ostad Classes\\PHP_BATCH6\\M22_C3\\blog-project\\vendor\\laravel\\framework\\src\\Illuminate\\Routing\\Router.php(891): Illuminate\\Routing\\Router::toResponse(Object(Illuminate\\Http\\Request), Object(Illuminate\\View\\View))
#13 C:\\Users\\USER\\Desktop\\Ostad Classes\\PHP_BATCH6\\M22_C3\\blog-project\\vendor\\laravel\\framework\\src\\Illuminate\\Routing\\Router.php(807): Illuminate\\Routing\\Router->prepareResponse(Object(Illuminate\\Http\\Request), Object(Illuminate\\View\\View))
#14 C:\\Users\\USER\\Desktop\\Ostad Classes\\PHP_BATCH6\\M22_C3\\blog-project\\vendor\\laravel\\framework\\src\\Illuminate\\Pipeline\\Pipeline.php(169): Illuminate\\Routing\\Router->Illuminate\\Routing\\{closure}(Object(Illuminate\\Http\\Request))
#15 C:\\Users\\USER\\Desktop\\Ostad Classes\\PHP_BATCH6\\M22_C3\\blog-project\\vendor\\laravel\\framework\\src\\Illuminate\\Routing\\Middleware\\SubstituteBindings.php(50): Illuminate\\Pipeline\\Pipeline->Illuminate\\Pipeline\\{closure}(Object(Illuminate\\Http\\Request))
#16 C:\\Users\\USER\\Desktop\\Ostad Classes\\PHP_BATCH6\\M22_C3\\blog-project\\vendor\\laravel\\framework\\src\\Illuminate\\Pipeline\\Pipeline.php(208): Illuminate\\Routing\\Middleware\\SubstituteBindings->handle(Object(Illuminate\\Http\\Request), Object(Closure))
#17 C:\\Users\\USER\\Desktop\\Ostad Classes\\PHP_BATCH6\\M22_C3\\blog-project\\vendor\\laravel\\framework\\src\\Illuminate\\Foundation\\Http\\Middleware\\VerifyCsrfToken.php(87): Illuminate\\Pipeline\\Pipeline->Illuminate\\Pipeline\\{closure}(Object(Illuminate\\Http\\Request))
#18 C:\\Users\\USER\\Desktop\\Ostad Classes\\PHP_BATCH6\\M22_C3\\blog-project\\vendor\\laravel\\framework\\src\\Illuminate\\Pipeline\\Pipeline.php(208): Illuminate\\Foundation\\Http\\Middleware\\VerifyCsrfToken->handle(Object(Illuminate\\Http\\Request), Object(Closure))
#19 C:\\Users\\USER\\Desktop\\Ostad Classes\\PHP_BATCH6\\M22_C3\\blog-project\\vendor\\laravel\\framework\\src\\Illuminate\\View\\Middleware\\ShareErrorsFromSession.php(48): Illuminate\\Pipeline\\Pipeline->Illuminate\\Pipeline\\{closure}(Object(Illuminate\\Http\\Request))
#20 C:\\Users\\USER\\Desktop\\Ostad Classes\\PHP_BATCH6\\M22_C3\\blog-project\\vendor\\laravel\\framework\\src\\Illuminate\\Pipeline\\Pipeline.php(208): Illuminate\\View\\Middleware\\ShareErrorsFromSession->handle(Object(Illuminate\\Http\\Request), Object(Closure))
#21 C:\\Users\\USER\\Desktop\\Ostad Classes\\PHP_BATCH6\\M22_C3\\blog-project\\vendor\\laravel\\framework\\src\\Illuminate\\Session\\Middleware\\StartSession.php(120): Illuminate\\Pipeline\\Pipeline->Illuminate\\Pipeline\\{closure}(Object(Illuminate\\Http\\Request))
#22 C:\\Users\\USER\\Desktop\\Ostad Classes\\PHP_BATCH6\\M22_C3\\blog-project\\vendor\\laravel\\framework\\src\\Illuminate\\Session\\Middleware\\StartSession.php(63): Illuminate\\Session\\Middleware\\StartSession->handleStatefulRequest(Object(Illuminate\\Http\\Request), Object(Illuminate\\Session\\Store), Object(Closure))
#23 C:\\Users\\USER\\Desktop\\Ostad Classes\\PHP_BATCH6\\M22_C3\\blog-project\\vendor\\laravel\\framework\\src\\Illuminate\\Pipeline\\Pipeline.php(208): Illuminate\\Session\\Middleware\\StartSession->handle(Object(Illuminate\\Http\\Request), Object(Closure))
#24 C:\\Users\\USER\\Desktop\\Ostad Classes\\PHP_BATCH6\\M22_C3\\blog-project\\vendor\\laravel\\framework\\src\\Illuminate\\Cookie\\Middleware\\AddQueuedCookiesToResponse.php(36): Illuminate\\Pipeline\\Pipeline->Illuminate\\Pipeline\\{closure}(Object(Illuminate\\Http\\Request))
#25 C:\\Users\\USER\\Desktop\\Ostad Classes\\PHP_BATCH6\\M22_C3\\blog-project\\vendor\\laravel\\framework\\src\\Illuminate\\Pipeline\\Pipeline.php(208): Illuminate\\Cookie\\Middleware\\AddQueuedCookiesToResponse->handle(Object(Illuminate\\Http\\Request), Object(Closure))
#26 C:\\Users\\USER\\Desktop\\Ostad Classes\\PHP_BATCH6\\M22_C3\\blog-project\\vendor\\laravel\\framework\\src\\Illuminate\\Cookie\\Middleware\\EncryptCookies.php(74): Illuminate\\Pipeline\\Pipeline->Illuminate\\Pipeline\\{closure}(Object(Illuminate\\Http\\Request))
#27 C:\\Users\\USER\\Desktop\\Ostad Classes\\PHP_BATCH6\\M22_C3\\blog-project\\vendor\\laravel\\framework\\src\\Illuminate\\Pipeline\\Pipeline.php(208): Illuminate\\Cookie\\Middleware\\EncryptCookies->handle(Object(Illuminate\\Http\\Request), Object(Closure))
#28 C:\\Users\\USER\\Desktop\\Ostad Classes\\PHP_BATCH6\\M22_C3\\blog-project\\vendor\\laravel\\framework\\src\\Illuminate\\Pipeline\\Pipeline.php(126): Illuminate\\Pipeline\\Pipeline->Illuminate\\Pipeline\\{closure}(Object(Illuminate\\Http\\Request))
#29 C:\\Users\\USER\\Desktop\\Ostad Classes\\PHP_BATCH6\\M22_C3\\blog-project\\vendor\\laravel\\framework\\src\\Illuminate\\Routing\\Router.php(807): Illuminate\\Pipeline\\Pipeline->then(Object(Closure))
#30 C:\\Users\\USER\\Desktop\\Ostad Classes\\PHP_BATCH6\\M22_C3\\blog-project\\vendor\\laravel\\framework\\src\\Illuminate\\Routing\\Router.php(786): Illuminate\\Routing\\Router->runRouteWithinStack(Object(Illuminate\\Routing\\Route), Object(Illuminate\\Http\\Request))
#31 C:\\Users\\USER\\Desktop\\Ostad Classes\\PHP_BATCH6\\M22_C3\\blog-project\\vendor\\laravel\\framework\\src\\Illuminate\\Routing\\Router.php(750): Illuminate\\Routing\\Router->runRoute(Object(Illuminate\\Http\\Request), Object(Illuminate\\Routing\\Route))
#32 C:\\Users\\USER\\Desktop\\Ostad Classes\\PHP_BATCH6\\M22_C3\\blog-project\\vendor\\laravel\\framework\\src\\Illuminate\\Routing\\Router.php(739): Illuminate\\Routing\\Router->dispatchToRoute(Object(Illuminate\\Http\\Request))
#33 C:\\Users\\USER\\Desktop\\Ostad Classes\\PHP_BATCH6\\M22_C3\\blog-project\\vendor\\laravel\\framework\\src\\Illuminate\\Foundation\\Http\\Kernel.php(200): Illuminate\\Routing\\Router->dispatch(Object(Illuminate\\Http\\Request))
#34 C:\\Users\\USER\\Desktop\\Ostad Classes\\PHP_BATCH6\\M22_C3\\blog-project\\vendor\\laravel\\framework\\src\\Illuminate\\Pipeline\\Pipeline.php(169): Illuminate\\Foundation\\Http\\Kernel->Illuminate\\Foundation\\Http\\{closure}(Object(Illuminate\\Http\\Request))
#35 C:\\Users\\USER\\Desktop\\Ostad Classes\\PHP_BATCH6\\M22_C3\\blog-project\\vendor\\laravel\\framework\\src\\Illuminate\\Foundation\\Http\\Middleware\\TransformsRequest.php(21): Illuminate\\Pipeline\\Pipeline->Illuminate\\Pipeline\\{closure}(Object(Illuminate\\Http\\Request))
#36 C:\\Users\\USER\\Desktop\\Ostad Classes\\PHP_BATCH6\\M22_C3\\blog-project\\vendor\\laravel\\framework\\src\\Illuminate\\Foundation\\Http\\Middleware\\ConvertEmptyStringsToNull.php(31): Illuminate\\Foundation\\Http\\Middleware\\TransformsRequest->handle(Object(Illuminate\\Http\\Request), Object(Closure))
#37 C:\\Users\\USER\\Desktop\\Ostad Classes\\PHP_BATCH6\\M22_C3\\blog-project\\vendor\\laravel\\framework\\src\\Illuminate\\Pipeline\\Pipeline.php(208): Illuminate\\Foundation\\Http\\Middleware\\ConvertEmptyStringsToNull->handle(Object(Illuminate\\Http\\Request), Object(Closure))
#38 C:\\Users\\USER\\Desktop\\Ostad Classes\\PHP_BATCH6\\M22_C3\\blog-project\\vendor\\laravel\\framework\\src\\Illuminate\\Foundation\\Http\\Middleware\\TransformsRequest.php(21): Illuminate\\Pipeline\\Pipeline->Illuminate\\Pipeline\\{closure}(Object(Illuminate\\Http\\Request))
#39 C:\\Users\\USER\\Desktop\\Ostad Classes\\PHP_BATCH6\\M22_C3\\blog-project\\vendor\\laravel\\framework\\src\\Illuminate\\Foundation\\Http\\Middleware\\TrimStrings.php(51): Illuminate\\Foundation\\Http\\Middleware\\TransformsRequest->handle(Object(Illuminate\\Http\\Request), Object(Closure))
#40 C:\\Users\\USER\\Desktop\\Ostad Classes\\PHP_BATCH6\\M22_C3\\blog-project\\vendor\\laravel\\framework\\src\\Illuminate\\Pipeline\\Pipeline.php(208): Illuminate\\Foundation\\Http\\Middleware\\TrimStrings->handle(Object(Illuminate\\Http\\Request), Object(Closure))
#41 C:\\Users\\USER\\Desktop\\Ostad Classes\\PHP_BATCH6\\M22_C3\\blog-project\\vendor\\laravel\\framework\\src\\Illuminate\\Http\\Middleware\\ValidatePostSize.php(27): Illuminate\\Pipeline\\Pipeline->Illuminate\\Pipeline\\{closure}(Object(Illuminate\\Http\\Request))
#42 C:\\Users\\USER\\Desktop\\Ostad Classes\\PHP_BATCH6\\M22_C3\\blog-project\\vendor\\laravel\\framework\\src\\Illuminate\\Pipeline\\Pipeline.php(208): Illuminate\\Http\\Middleware\\ValidatePostSize->handle(Object(Illuminate\\Http\\Request), Object(Closure))
#43 C:\\Users\\USER\\Desktop\\Ostad Classes\\PHP_BATCH6\\M22_C3\\blog-project\\vendor\\laravel\\framework\\src\\Illuminate\\Foundation\\Http\\Middleware\\PreventRequestsDuringMaintenance.php(109): Illuminate\\Pipeline\\Pipeline->Illuminate\\Pipeline\\{closure}(Object(Illuminate\\Http\\Request))
#44 C:\\Users\\USER\\Desktop\\Ostad Classes\\PHP_BATCH6\\M22_C3\\blog-project\\vendor\\laravel\\framework\\src\\Illuminate\\Pipeline\\Pipeline.php(208): Illuminate\\Foundation\\Http\\Middleware\\PreventRequestsDuringMaintenance->handle(Object(Illuminate\\Http\\Request), Object(Closure))
#45 C:\\Users\\USER\\Desktop\\Ostad Classes\\PHP_BATCH6\\M22_C3\\blog-project\\vendor\\laravel\\framework\\src\\Illuminate\\Http\\Middleware\\HandleCors.php(48): Illuminate\\Pipeline\\Pipeline->Illuminate\\Pipeline\\{closure}(Object(Illuminate\\Http\\Request))
#46 C:\\Users\\USER\\Desktop\\Ostad Classes\\PHP_BATCH6\\M22_C3\\blog-project\\vendor\\laravel\\framework\\src\\Illuminate\\Pipeline\\Pipeline.php(208): Illuminate\\Http\\Middleware\\HandleCors->handle(Object(Illuminate\\Http\\Request), Object(Closure))
#47 C:\\Users\\USER\\Desktop\\Ostad Classes\\PHP_BATCH6\\M22_C3\\blog-project\\vendor\\laravel\\framework\\src\\Illuminate\\Http\\Middleware\\TrustProxies.php(58): Illuminate\\Pipeline\\Pipeline->Illuminate\\Pipeline\\{closure}(Object(Illuminate\\Http\\Request))
#48 C:\\Users\\USER\\Desktop\\Ostad Classes\\PHP_BATCH6\\M22_C3\\blog-project\\vendor\\laravel\\framework\\src\\Illuminate\\Pipeline\\Pipeline.php(208): Illuminate\\Http\\Middleware\\TrustProxies->handle(Object(Illuminate\\Http\\Request), Object(Closure))
#49 C:\\Users\\USER\\Desktop\\Ostad Classes\\PHP_BATCH6\\M22_C3\\blog-project\\vendor\\laravel\\framework\\src\\Illuminate\\Foundation\\Http\\Middleware\\InvokeDeferredCallbacks.php(22): Illuminate\\Pipeline\\Pipeline->Illuminate\\Pipeline\\{closure}(Object(Illuminate\\Http\\Request))
#50 C:\\Users\\USER\\Desktop\\Ostad Classes\\PHP_BATCH6\\M22_C3\\blog-project\\vendor\\laravel\\framework\\src\\Illuminate\\Pipeline\\Pipeline.php(208): Illuminate\\Foundation\\Http\\Middleware\\InvokeDeferredCallbacks->handle(Object(Illuminate\\Http\\Request), Object(Closure))
#51 C:\\Users\\USER\\Desktop\\Ostad Classes\\PHP_BATCH6\\M22_C3\\blog-project\\vendor\\laravel\\framework\\src\\Illuminate\\Http\\Middleware\\ValidatePathEncoding.php(26): Illuminate\\Pipeline\\Pipeline->Illuminate\\Pipeline\\{closure}(Object(Illuminate\\Http\\Request))
#52 C:\\Users\\USER\\Desktop\\Ostad Classes\\PHP_BATCH6\\M22_C3\\blog-project\\vendor\\laravel\\framework\\src\\Illuminate\\Pipeline\\Pipeline.php(208): Illuminate\\Http\\Middleware\\ValidatePathEncoding->handle(Object(Illuminate\\Http\\Request), Object(Closure))
#53 C:\\Users\\USER\\Desktop\\Ostad Classes\\PHP_BATCH6\\M22_C3\\blog-project\\vendor\\laravel\\framework\\src\\Illuminate\\Pipeline\\Pipeline.php(126): Illuminate\\Pipeline\\Pipeline->Illuminate\\Pipeline\\{closure}(Object(Illuminate\\Http\\Request))
#54 C:\\Users\\USER\\Desktop\\Ostad Classes\\PHP_BATCH6\\M22_C3\\blog-project\\vendor\\laravel\\framework\\src\\Illuminate\\Foundation\\Http\\Kernel.php(175): Illuminate\\Pipeline\\Pipeline->then(Object(Closure))
#55 C:\\Users\\USER\\Desktop\\Ostad Classes\\PHP_BATCH6\\M22_C3\\blog-project\\vendor\\laravel\\framework\\src\\Illuminate\\Foundation\\Http\\Kernel.php(144): Illuminate\\Foundation\\Http\\Kernel->sendRequestThroughRouter(Object(Illuminate\\Http\\Request))
#56 C:\\Users\\USER\\Desktop\\Ostad Classes\\PHP_BATCH6\\M22_C3\\blog-project\\vendor\\laravel\\framework\\src\\Illuminate\\Foundation\\Application.php(1219): Illuminate\\Foundation\\Http\\Kernel->handle(Object(Illuminate\\Http\\Request))
#57 C:\\Users\\USER\\Desktop\\Ostad Classes\\PHP_BATCH6\\M22_C3\\blog-project\\public\\index.php(20): Illuminate\\Foundation\\Application->handleRequest(Object(Illuminate\\Http\\Request))
#58 C:\\Users\\USER\\Desktop\\Ostad Classes\\PHP_BATCH6\\M22_C3\\blog-project\\vendor\\laravel\\framework\\src\\Illuminate\\Foundation\\resources\\server.php(23): require_once('C:\\\\Users\\\\USER\\\\D...')
#59 {main}
"} 
[2025-05-01 17:43:55] local.ERROR: Attempt to read property "name" on null (View: C:\Users\USER\Desktop\Ostad Classes\PHP_BATCH6\M22_C3\blog-project\resources\views\admin\layouts\master.blade.php) (View: C:\Users\USER\Desktop\Ostad Classes\PHP_BATCH6\M22_C3\blog-project\resources\views\admin\layouts\master.blade.php) {"exception":"[object] (Illuminate\\View\\ViewException(code: 0): Attempt to read property \"name\" on null (View: C:\\Users\\USER\\Desktop\\Ostad Classes\\PHP_BATCH6\\M22_C3\\blog-project\\resources\\views\\admin\\layouts\\master.blade.php) (View: C:\\Users\\USER\\Desktop\\Ostad Classes\\PHP_BATCH6\\M22_C3\\blog-project\\resources\\views\\admin\\layouts\\master.blade.php) at C:\\Users\\USER\\Desktop\\Ostad Classes\\PHP_BATCH6\\M22_C3\\blog-project\\storage\\framework\\views\\f828056aa17d1a723dcba5cf62408edb.php:60)
[stacktrace]
#0 C:\\Users\\USER\\Desktop\\Ostad Classes\\PHP_BATCH6\\M22_C3\\blog-project\\vendor\\laravel\\framework\\src\\Illuminate\\View\\Engines\\PhpEngine.php(59): Illuminate\\View\\Engines\\CompilerEngine->handleViewException(Object(Illuminate\\View\\ViewException), 1)
#1 C:\\Users\\USER\\Desktop\\Ostad Classes\\PHP_BATCH6\\M22_C3\\blog-project\\vendor\\laravel\\framework\\src\\Illuminate\\View\\Engines\\CompilerEngine.php(74): Illuminate\\View\\Engines\\PhpEngine->evaluatePath('C:\\\\Users\\\\USER\\\\D...', Array)
#2 C:\\Users\\USER\\Desktop\\Ostad Classes\\PHP_BATCH6\\M22_C3\\blog-project\\vendor\\laravel\\framework\\src\\Illuminate\\View\\View.php(208): Illuminate\\View\\Engines\\CompilerEngine->get('C:\\\\Users\\\\USER\\\\D...', Array)
#3 C:\\Users\\USER\\Desktop\\Ostad Classes\\PHP_BATCH6\\M22_C3\\blog-project\\vendor\\laravel\\framework\\src\\Illuminate\\View\\View.php(191): Illuminate\\View\\View->getContents()
#4 C:\\Users\\USER\\Desktop\\Ostad Classes\\PHP_BATCH6\\M22_C3\\blog-project\\vendor\\laravel\\framework\\src\\Illuminate\\View\\View.php(160): Illuminate\\View\\View->renderContents()
#5 C:\\Users\\USER\\Desktop\\Ostad Classes\\PHP_BATCH6\\M22_C3\\blog-project\\vendor\\laravel\\framework\\src\\Illuminate\\Http\\Response.php(78): Illuminate\\View\\View->render()
#6 C:\\Users\\USER\\Desktop\\Ostad Classes\\PHP_BATCH6\\M22_C3\\blog-project\\vendor\\laravel\\framework\\src\\Illuminate\\Http\\Response.php(34): Illuminate\\Http\\Response->setContent(Object(Illuminate\\View\\View))
#7 C:\\Users\\USER\\Desktop\\Ostad Classes\\PHP_BATCH6\\M22_C3\\blog-project\\vendor\\laravel\\framework\\src\\Illuminate\\Routing\\Router.php(924): Illuminate\\Http\\Response->__construct(Object(Illuminate\\View\\View), 200, Array)
#8 C:\\Users\\USER\\Desktop\\Ostad Classes\\PHP_BATCH6\\M22_C3\\blog-project\\vendor\\laravel\\framework\\src\\Illuminate\\Routing\\Router.php(891): Illuminate\\Routing\\Router::toResponse(Object(Illuminate\\Http\\Request), Object(Illuminate\\View\\View))
#9 C:\\Users\\USER\\Desktop\\Ostad Classes\\PHP_BATCH6\\M22_C3\\blog-project\\vendor\\laravel\\framework\\src\\Illuminate\\Routing\\Router.php(807): Illuminate\\Routing\\Router->prepareResponse(Object(Illuminate\\Http\\Request), Object(Illuminate\\View\\View))
#10 C:\\Users\\USER\\Desktop\\Ostad Classes\\PHP_BATCH6\\M22_C3\\blog-project\\vendor\\laravel\\framework\\src\\Illuminate\\Pipeline\\Pipeline.php(169): Illuminate\\Routing\\Router->Illuminate\\Routing\\{closure}(Object(Illuminate\\Http\\Request))
#11 C:\\Users\\USER\\Desktop\\Ostad Classes\\PHP_BATCH6\\M22_C3\\blog-project\\vendor\\laravel\\framework\\src\\Illuminate\\Routing\\Middleware\\SubstituteBindings.php(50): Illuminate\\Pipeline\\Pipeline->Illuminate\\Pipeline\\{closure}(Object(Illuminate\\Http\\Request))
#12 C:\\Users\\USER\\Desktop\\Ostad Classes\\PHP_BATCH6\\M22_C3\\blog-project\\vendor\\laravel\\framework\\src\\Illuminate\\Pipeline\\Pipeline.php(208): Illuminate\\Routing\\Middleware\\SubstituteBindings->handle(Object(Illuminate\\Http\\Request), Object(Closure))
#13 C:\\Users\\USER\\Desktop\\Ostad Classes\\PHP_BATCH6\\M22_C3\\blog-project\\vendor\\laravel\\framework\\src\\Illuminate\\Foundation\\Http\\Middleware\\VerifyCsrfToken.php(87): Illuminate\\Pipeline\\Pipeline->Illuminate\\Pipeline\\{closure}(Object(Illuminate\\Http\\Request))
#14 C:\\Users\\USER\\Desktop\\Ostad Classes\\PHP_BATCH6\\M22_C3\\blog-project\\vendor\\laravel\\framework\\src\\Illuminate\\Pipeline\\Pipeline.php(208): Illuminate\\Foundation\\Http\\Middleware\\VerifyCsrfToken->handle(Object(Illuminate\\Http\\Request), Object(Closure))
#15 C:\\Users\\USER\\Desktop\\Ostad Classes\\PHP_BATCH6\\M22_C3\\blog-project\\vendor\\laravel\\framework\\src\\Illuminate\\View\\Middleware\\ShareErrorsFromSession.php(48): Illuminate\\Pipeline\\Pipeline->Illuminate\\Pipeline\\{closure}(Object(Illuminate\\Http\\Request))
#16 C:\\Users\\USER\\Desktop\\Ostad Classes\\PHP_BATCH6\\M22_C3\\blog-project\\vendor\\laravel\\framework\\src\\Illuminate\\Pipeline\\Pipeline.php(208): Illuminate\\View\\Middleware\\ShareErrorsFromSession->handle(Object(Illuminate\\Http\\Request), Object(Closure))
#17 C:\\Users\\USER\\Desktop\\Ostad Classes\\PHP_BATCH6\\M22_C3\\blog-project\\vendor\\laravel\\framework\\src\\Illuminate\\Session\\Middleware\\StartSession.php(120): Illuminate\\Pipeline\\Pipeline->Illuminate\\Pipeline\\{closure}(Object(Illuminate\\Http\\Request))
#18 C:\\Users\\USER\\Desktop\\Ostad Classes\\PHP_BATCH6\\M22_C3\\blog-project\\vendor\\laravel\\framework\\src\\Illuminate\\Session\\Middleware\\StartSession.php(63): Illuminate\\Session\\Middleware\\StartSession->handleStatefulRequest(Object(Illuminate\\Http\\Request), Object(Illuminate\\Session\\Store), Object(Closure))
#19 C:\\Users\\USER\\Desktop\\Ostad Classes\\PHP_BATCH6\\M22_C3\\blog-project\\vendor\\laravel\\framework\\src\\Illuminate\\Pipeline\\Pipeline.php(208): Illuminate\\Session\\Middleware\\StartSession->handle(Object(Illuminate\\Http\\Request), Object(Closure))
#20 C:\\Users\\USER\\Desktop\\Ostad Classes\\PHP_BATCH6\\M22_C3\\blog-project\\vendor\\laravel\\framework\\src\\Illuminate\\Cookie\\Middleware\\AddQueuedCookiesToResponse.php(36): Illuminate\\Pipeline\\Pipeline->Illuminate\\Pipeline\\{closure}(Object(Illuminate\\Http\\Request))
#21 C:\\Users\\USER\\Desktop\\Ostad Classes\\PHP_BATCH6\\M22_C3\\blog-project\\vendor\\laravel\\framework\\src\\Illuminate\\Pipeline\\Pipeline.php(208): Illuminate\\Cookie\\Middleware\\AddQueuedCookiesToResponse->handle(Object(Illuminate\\Http\\Request), Object(Closure))
#22 C:\\Users\\USER\\Desktop\\Ostad Classes\\PHP_BATCH6\\M22_C3\\blog-project\\vendor\\laravel\\framework\\src\\Illuminate\\Cookie\\Middleware\\EncryptCookies.php(74): Illuminate\\Pipeline\\Pipeline->Illuminate\\Pipeline\\{closure}(Object(Illuminate\\Http\\Request))
#23 C:\\Users\\USER\\Desktop\\Ostad Classes\\PHP_BATCH6\\M22_C3\\blog-project\\vendor\\laravel\\framework\\src\\Illuminate\\Pipeline\\Pipeline.php(208): Illuminate\\Cookie\\Middleware\\EncryptCookies->handle(Object(Illuminate\\Http\\Request), Object(Closure))
#24 C:\\Users\\USER\\Desktop\\Ostad Classes\\PHP_BATCH6\\M22_C3\\blog-project\\vendor\\laravel\\framework\\src\\Illuminate\\Pipeline\\Pipeline.php(126): Illuminate\\Pipeline\\Pipeline->Illuminate\\Pipeline\\{closure}(Object(Illuminate\\Http\\Request))
#25 C:\\Users\\USER\\Desktop\\Ostad Classes\\PHP_BATCH6\\M22_C3\\blog-project\\vendor\\laravel\\framework\\src\\Illuminate\\Routing\\Router.php(807): Illuminate\\Pipeline\\Pipeline->then(Object(Closure))
#26 C:\\Users\\USER\\Desktop\\Ostad Classes\\PHP_BATCH6\\M22_C3\\blog-project\\vendor\\laravel\\framework\\src\\Illuminate\\Routing\\Router.php(786): Illuminate\\Routing\\Router->runRouteWithinStack(Object(Illuminate\\Routing\\Route), Object(Illuminate\\Http\\Request))
#27 C:\\Users\\USER\\Desktop\\Ostad Classes\\PHP_BATCH6\\M22_C3\\blog-project\\vendor\\laravel\\framework\\src\\Illuminate\\Routing\\Router.php(750): Illuminate\\Routing\\Router->runRoute(Object(Illuminate\\Http\\Request), Object(Illuminate\\Routing\\Route))
#28 C:\\Users\\USER\\Desktop\\Ostad Classes\\PHP_BATCH6\\M22_C3\\blog-project\\vendor\\laravel\\framework\\src\\Illuminate\\Routing\\Router.php(739): Illuminate\\Routing\\Router->dispatchToRoute(Object(Illuminate\\Http\\Request))
#29 C:\\Users\\USER\\Desktop\\Ostad Classes\\PHP_BATCH6\\M22_C3\\blog-project\\vendor\\laravel\\framework\\src\\Illuminate\\Foundation\\Http\\Kernel.php(200): Illuminate\\Routing\\Router->dispatch(Object(Illuminate\\Http\\Request))
#30 C:\\Users\\USER\\Desktop\\Ostad Classes\\PHP_BATCH6\\M22_C3\\blog-project\\vendor\\laravel\\framework\\src\\Illuminate\\Pipeline\\Pipeline.php(169): Illuminate\\Foundation\\Http\\Kernel->Illuminate\\Foundation\\Http\\{closure}(Object(Illuminate\\Http\\Request))
#31 C:\\Users\\USER\\Desktop\\Ostad Classes\\PHP_BATCH6\\M22_C3\\blog-project\\vendor\\laravel\\framework\\src\\Illuminate\\Foundation\\Http\\Middleware\\TransformsRequest.php(21): Illuminate\\Pipeline\\Pipeline->Illuminate\\Pipeline\\{closure}(Object(Illuminate\\Http\\Request))
#32 C:\\Users\\USER\\Desktop\\Ostad Classes\\PHP_BATCH6\\M22_C3\\blog-project\\vendor\\laravel\\framework\\src\\Illuminate\\Foundation\\Http\\Middleware\\ConvertEmptyStringsToNull.php(31): Illuminate\\Foundation\\Http\\Middleware\\TransformsRequest->handle(Object(Illuminate\\Http\\Request), Object(Closure))
#33 C:\\Users\\USER\\Desktop\\Ostad Classes\\PHP_BATCH6\\M22_C3\\blog-project\\vendor\\laravel\\framework\\src\\Illuminate\\Pipeline\\Pipeline.php(208): Illuminate\\Foundation\\Http\\Middleware\\ConvertEmptyStringsToNull->handle(Object(Illuminate\\Http\\Request), Object(Closure))
#34 C:\\Users\\USER\\Desktop\\Ostad Classes\\PHP_BATCH6\\M22_C3\\blog-project\\vendor\\laravel\\framework\\src\\Illuminate\\Foundation\\Http\\Middleware\\TransformsRequest.php(21): Illuminate\\Pipeline\\Pipeline->Illuminate\\Pipeline\\{closure}(Object(Illuminate\\Http\\Request))
#35 C:\\Users\\USER\\Desktop\\Ostad Classes\\PHP_BATCH6\\M22_C3\\blog-project\\vendor\\laravel\\framework\\src\\Illuminate\\Foundation\\Http\\Middleware\\TrimStrings.php(51): Illuminate\\Foundation\\Http\\Middleware\\TransformsRequest->handle(Object(Illuminate\\Http\\Request), Object(Closure))
#36 C:\\Users\\USER\\Desktop\\Ostad Classes\\PHP_BATCH6\\M22_C3\\blog-project\\vendor\\laravel\\framework\\src\\Illuminate\\Pipeline\\Pipeline.php(208): Illuminate\\Foundation\\Http\\Middleware\\TrimStrings->handle(Object(Illuminate\\Http\\Request), Object(Closure))
#37 C:\\Users\\USER\\Desktop\\Ostad Classes\\PHP_BATCH6\\M22_C3\\blog-project\\vendor\\laravel\\framework\\src\\Illuminate\\Http\\Middleware\\ValidatePostSize.php(27): Illuminate\\Pipeline\\Pipeline->Illuminate\\Pipeline\\{closure}(Object(Illuminate\\Http\\Request))
#38 C:\\Users\\USER\\Desktop\\Ostad Classes\\PHP_BATCH6\\M22_C3\\blog-project\\vendor\\laravel\\framework\\src\\Illuminate\\Pipeline\\Pipeline.php(208): Illuminate\\Http\\Middleware\\ValidatePostSize->handle(Object(Illuminate\\Http\\Request), Object(Closure))
#39 C:\\Users\\USER\\Desktop\\Ostad Classes\\PHP_BATCH6\\M22_C3\\blog-project\\vendor\\laravel\\framework\\src\\Illuminate\\Foundation\\Http\\Middleware\\PreventRequestsDuringMaintenance.php(109): Illuminate\\Pipeline\\Pipeline->Illuminate\\Pipeline\\{closure}(Object(Illuminate\\Http\\Request))
#40 C:\\Users\\USER\\Desktop\\Ostad Classes\\PHP_BATCH6\\M22_C3\\blog-project\\vendor\\laravel\\framework\\src\\Illuminate\\Pipeline\\Pipeline.php(208): Illuminate\\Foundation\\Http\\Middleware\\PreventRequestsDuringMaintenance->handle(Object(Illuminate\\Http\\Request), Object(Closure))
#41 C:\\Users\\USER\\Desktop\\Ostad Classes\\PHP_BATCH6\\M22_C3\\blog-project\\vendor\\laravel\\framework\\src\\Illuminate\\Http\\Middleware\\HandleCors.php(48): Illuminate\\Pipeline\\Pipeline->Illuminate\\Pipeline\\{closure}(Object(Illuminate\\Http\\Request))
#42 C:\\Users\\USER\\Desktop\\Ostad Classes\\PHP_BATCH6\\M22_C3\\blog-project\\vendor\\laravel\\framework\\src\\Illuminate\\Pipeline\\Pipeline.php(208): Illuminate\\Http\\Middleware\\HandleCors->handle(Object(Illuminate\\Http\\Request), Object(Closure))
#43 C:\\Users\\USER\\Desktop\\Ostad Classes\\PHP_BATCH6\\M22_C3\\blog-project\\vendor\\laravel\\framework\\src\\Illuminate\\Http\\Middleware\\TrustProxies.php(58): Illuminate\\Pipeline\\Pipeline->Illuminate\\Pipeline\\{closure}(Object(Illuminate\\Http\\Request))
#44 C:\\Users\\USER\\Desktop\\Ostad Classes\\PHP_BATCH6\\M22_C3\\blog-project\\vendor\\laravel\\framework\\src\\Illuminate\\Pipeline\\Pipeline.php(208): Illuminate\\Http\\Middleware\\TrustProxies->handle(Object(Illuminate\\Http\\Request), Object(Closure))
#45 C:\\Users\\USER\\Desktop\\Ostad Classes\\PHP_BATCH6\\M22_C3\\blog-project\\vendor\\laravel\\framework\\src\\Illuminate\\Foundation\\Http\\Middleware\\InvokeDeferredCallbacks.php(22): Illuminate\\Pipeline\\Pipeline->Illuminate\\Pipeline\\{closure}(Object(Illuminate\\Http\\Request))
#46 C:\\Users\\USER\\Desktop\\Ostad Classes\\PHP_BATCH6\\M22_C3\\blog-project\\vendor\\laravel\\framework\\src\\Illuminate\\Pipeline\\Pipeline.php(208): Illuminate\\Foundation\\Http\\Middleware\\InvokeDeferredCallbacks->handle(Object(Illuminate\\Http\\Request), Object(Closure))
#47 C:\\Users\\USER\\Desktop\\Ostad Classes\\PHP_BATCH6\\M22_C3\\blog-project\\vendor\\laravel\\framework\\src\\Illuminate\\Http\\Middleware\\ValidatePathEncoding.php(26): Illuminate\\Pipeline\\Pipeline->Illuminate\\Pipeline\\{closure}(Object(Illuminate\\Http\\Request))
#48 C:\\Users\\USER\\Desktop\\Ostad Classes\\PHP_BATCH6\\M22_C3\\blog-project\\vendor\\laravel\\framework\\src\\Illuminate\\Pipeline\\Pipeline.php(208): Illuminate\\Http\\Middleware\\ValidatePathEncoding->handle(Object(Illuminate\\Http\\Request), Object(Closure))
#49 C:\\Users\\USER\\Desktop\\Ostad Classes\\PHP_BATCH6\\M22_C3\\blog-project\\vendor\\laravel\\framework\\src\\Illuminate\\Pipeline\\Pipeline.php(126): Illuminate\\Pipeline\\Pipeline->Illuminate\\Pipeline\\{closure}(Object(Illuminate\\Http\\Request))
#50 C:\\Users\\USER\\Desktop\\Ostad Classes\\PHP_BATCH6\\M22_C3\\blog-project\\vendor\\laravel\\framework\\src\\Illuminate\\Foundation\\Http\\Kernel.php(175): Illuminate\\Pipeline\\Pipeline->then(Object(Closure))
#51 C:\\Users\\USER\\Desktop\\Ostad Classes\\PHP_BATCH6\\M22_C3\\blog-project\\vendor\\laravel\\framework\\src\\Illuminate\\Foundation\\Http\\Kernel.php(144): Illuminate\\Foundation\\Http\\Kernel->sendRequestThroughRouter(Object(Illuminate\\Http\\Request))
#52 C:\\Users\\USER\\Desktop\\Ostad Classes\\PHP_BATCH6\\M22_C3\\blog-project\\vendor\\laravel\\framework\\src\\Illuminate\\Foundation\\Application.php(1219): Illuminate\\Foundation\\Http\\Kernel->handle(Object(Illuminate\\Http\\Request))
#53 C:\\Users\\USER\\Desktop\\Ostad Classes\\PHP_BATCH6\\M22_C3\\blog-project\\public\\index.php(20): Illuminate\\Foundation\\Application->handleRequest(Object(Illuminate\\Http\\Request))
#54 C:\\Users\\USER\\Desktop\\Ostad Classes\\PHP_BATCH6\\M22_C3\\blog-project\\vendor\\laravel\\framework\\src\\Illuminate\\Foundation\\resources\\server.php(23): require_once('C:\\\\Users\\\\USER\\\\D...')
#55 {main}

[previous exception] [object] (Illuminate\\View\\ViewException(code: 0): Attempt to read property \"name\" on null (View: C:\\Users\\USER\\Desktop\\Ostad Classes\\PHP_BATCH6\\M22_C3\\blog-project\\resources\\views\\admin\\layouts\\master.blade.php) at C:\\Users\\USER\\Desktop\\Ostad Classes\\PHP_BATCH6\\M22_C3\\blog-project\\storage\\framework\\views\\f828056aa17d1a723dcba5cf62408edb.php:60)
[stacktrace]
#0 C:\\Users\\USER\\Desktop\\Ostad Classes\\PHP_BATCH6\\M22_C3\\blog-project\\vendor\\laravel\\framework\\src\\Illuminate\\View\\Engines\\PhpEngine.php(59): Illuminate\\View\\Engines\\CompilerEngine->handleViewException(Object(ErrorException), 2)
#1 C:\\Users\\USER\\Desktop\\Ostad Classes\\PHP_BATCH6\\M22_C3\\blog-project\\vendor\\laravel\\framework\\src\\Illuminate\\View\\Engines\\CompilerEngine.php(74): Illuminate\\View\\Engines\\PhpEngine->evaluatePath('C:\\\\Users\\\\USER\\\\D...', Array)
#2 C:\\Users\\USER\\Desktop\\Ostad Classes\\PHP_BATCH6\\M22_C3\\blog-project\\vendor\\laravel\\framework\\src\\Illuminate\\View\\View.php(208): Illuminate\\View\\Engines\\CompilerEngine->get('C:\\\\Users\\\\USER\\\\D...', Array)
#3 C:\\Users\\USER\\Desktop\\Ostad Classes\\PHP_BATCH6\\M22_C3\\blog-project\\vendor\\laravel\\framework\\src\\Illuminate\\View\\View.php(191): Illuminate\\View\\View->getContents()
#4 C:\\Users\\USER\\Desktop\\Ostad Classes\\PHP_BATCH6\\M22_C3\\blog-project\\vendor\\laravel\\framework\\src\\Illuminate\\View\\View.php(160): Illuminate\\View\\View->renderContents()
#5 C:\\Users\\USER\\Desktop\\Ostad Classes\\PHP_BATCH6\\M22_C3\\blog-project\\storage\\framework\\views\\9289a33442b3d65efc5aa89674bce533.php(57): Illuminate\\View\\View->render()
#6 C:\\Users\\USER\\Desktop\\Ostad Classes\\PHP_BATCH6\\M22_C3\\blog-project\\vendor\\laravel\\framework\\src\\Illuminate\\Filesystem\\Filesystem.php(123): require('C:\\\\Users\\\\USER\\\\D...')
#7 C:\\Users\\USER\\Desktop\\Ostad Classes\\PHP_BATCH6\\M22_C3\\blog-project\\vendor\\laravel\\framework\\src\\Illuminate\\Filesystem\\Filesystem.php(124): Illuminate\\Filesystem\\Filesystem::Illuminate\\Filesystem\\{closure}()
#8 C:\\Users\\USER\\Desktop\\Ostad Classes\\PHP_BATCH6\\M22_C3\\blog-project\\vendor\\laravel\\framework\\src\\Illuminate\\View\\Engines\\PhpEngine.php(57): Illuminate\\Filesystem\\Filesystem->getRequire('C:\\\\Users\\\\USER\\\\D...', Array)
#9 C:\\Users\\USER\\Desktop\\Ostad Classes\\PHP_BATCH6\\M22_C3\\blog-project\\vendor\\laravel\\framework\\src\\Illuminate\\View\\Engines\\CompilerEngine.php(74): Illuminate\\View\\Engines\\PhpEngine->evaluatePath('C:\\\\Users\\\\USER\\\\D...', Array)
#10 C:\\Users\\USER\\Desktop\\Ostad Classes\\PHP_BATCH6\\M22_C3\\blog-project\\vendor\\laravel\\framework\\src\\Illuminate\\View\\View.php(208): Illuminate\\View\\Engines\\CompilerEngine->get('C:\\\\Users\\\\USER\\\\D...', Array)
#11 C:\\Users\\USER\\Desktop\\Ostad Classes\\PHP_BATCH6\\M22_C3\\blog-project\\vendor\\laravel\\framework\\src\\Illuminate\\View\\View.php(191): Illuminate\\View\\View->getContents()
#12 C:\\Users\\USER\\Desktop\\Ostad Classes\\PHP_BATCH6\\M22_C3\\blog-project\\vendor\\laravel\\framework\\src\\Illuminate\\View\\View.php(160): Illuminate\\View\\View->renderContents()
#13 C:\\Users\\USER\\Desktop\\Ostad Classes\\PHP_BATCH6\\M22_C3\\blog-project\\vendor\\laravel\\framework\\src\\Illuminate\\Http\\Response.php(78): Illuminate\\View\\View->render()
#14 C:\\Users\\USER\\Desktop\\Ostad Classes\\PHP_BATCH6\\M22_C3\\blog-project\\vendor\\laravel\\framework\\src\\Illuminate\\Http\\Response.php(34): Illuminate\\Http\\Response->setContent(Object(Illuminate\\View\\View))
#15 C:\\Users\\USER\\Desktop\\Ostad Classes\\PHP_BATCH6\\M22_C3\\blog-project\\vendor\\laravel\\framework\\src\\Illuminate\\Routing\\Router.php(924): Illuminate\\Http\\Response->__construct(Object(Illuminate\\View\\View), 200, Array)
#16 C:\\Users\\USER\\Desktop\\Ostad Classes\\PHP_BATCH6\\M22_C3\\blog-project\\vendor\\laravel\\framework\\src\\Illuminate\\Routing\\Router.php(891): Illuminate\\Routing\\Router::toResponse(Object(Illuminate\\Http\\Request), Object(Illuminate\\View\\View))
#17 C:\\Users\\USER\\Desktop\\Ostad Classes\\PHP_BATCH6\\M22_C3\\blog-project\\vendor\\laravel\\framework\\src\\Illuminate\\Routing\\Router.php(807): Illuminate\\Routing\\Router->prepareResponse(Object(Illuminate\\Http\\Request), Object(Illuminate\\View\\View))
#18 C:\\Users\\USER\\Desktop\\Ostad Classes\\PHP_BATCH6\\M22_C3\\blog-project\\vendor\\laravel\\framework\\src\\Illuminate\\Pipeline\\Pipeline.php(169): Illuminate\\Routing\\Router->Illuminate\\Routing\\{closure}(Object(Illuminate\\Http\\Request))
#19 C:\\Users\\USER\\Desktop\\Ostad Classes\\PHP_BATCH6\\M22_C3\\blog-project\\vendor\\laravel\\framework\\src\\Illuminate\\Routing\\Middleware\\SubstituteBindings.php(50): Illuminate\\Pipeline\\Pipeline->Illuminate\\Pipeline\\{closure}(Object(Illuminate\\Http\\Request))
#20 C:\\Users\\USER\\Desktop\\Ostad Classes\\PHP_BATCH6\\M22_C3\\blog-project\\vendor\\laravel\\framework\\src\\Illuminate\\Pipeline\\Pipeline.php(208): Illuminate\\Routing\\Middleware\\SubstituteBindings->handle(Object(Illuminate\\Http\\Request), Object(Closure))
#21 C:\\Users\\USER\\Desktop\\Ostad Classes\\PHP_BATCH6\\M22_C3\\blog-project\\vendor\\laravel\\framework\\src\\Illuminate\\Foundation\\Http\\Middleware\\VerifyCsrfToken.php(87): Illuminate\\Pipeline\\Pipeline->Illuminate\\Pipeline\\{closure}(Object(Illuminate\\Http\\Request))
#22 C:\\Users\\USER\\Desktop\\Ostad Classes\\PHP_BATCH6\\M22_C3\\blog-project\\vendor\\laravel\\framework\\src\\Illuminate\\Pipeline\\Pipeline.php(208): Illuminate\\Foundation\\Http\\Middleware\\VerifyCsrfToken->handle(Object(Illuminate\\Http\\Request), Object(Closure))
#23 C:\\Users\\USER\\Desktop\\Ostad Classes\\PHP_BATCH6\\M22_C3\\blog-project\\vendor\\laravel\\framework\\src\\Illuminate\\View\\Middleware\\ShareErrorsFromSession.php(48): Illuminate\\Pipeline\\Pipeline->Illuminate\\Pipeline\\{closure}(Object(Illuminate\\Http\\Request))
#24 C:\\Users\\USER\\Desktop\\Ostad Classes\\PHP_BATCH6\\M22_C3\\blog-project\\vendor\\laravel\\framework\\src\\Illuminate\\Pipeline\\Pipeline.php(208): Illuminate\\View\\Middleware\\ShareErrorsFromSession->handle(Object(Illuminate\\Http\\Request), Object(Closure))
#25 C:\\Users\\USER\\Desktop\\Ostad Classes\\PHP_BATCH6\\M22_C3\\blog-project\\vendor\\laravel\\framework\\src\\Illuminate\\Session\\Middleware\\StartSession.php(120): Illuminate\\Pipeline\\Pipeline->Illuminate\\Pipeline\\{closure}(Object(Illuminate\\Http\\Request))
#26 C:\\Users\\USER\\Desktop\\Ostad Classes\\PHP_BATCH6\\M22_C3\\blog-project\\vendor\\laravel\\framework\\src\\Illuminate\\Session\\Middleware\\StartSession.php(63): Illuminate\\Session\\Middleware\\StartSession->handleStatefulRequest(Object(Illuminate\\Http\\Request), Object(Illuminate\\Session\\Store), Object(Closure))
#27 C:\\Users\\USER\\Desktop\\Ostad Classes\\PHP_BATCH6\\M22_C3\\blog-project\\vendor\\laravel\\framework\\src\\Illuminate\\Pipeline\\Pipeline.php(208): Illuminate\\Session\\Middleware\\StartSession->handle(Object(Illuminate\\Http\\Request), Object(Closure))
#28 C:\\Users\\USER\\Desktop\\Ostad Classes\\PHP_BATCH6\\M22_C3\\blog-project\\vendor\\laravel\\framework\\src\\Illuminate\\Cookie\\Middleware\\AddQueuedCookiesToResponse.php(36): Illuminate\\Pipeline\\Pipeline->Illuminate\\Pipeline\\{closure}(Object(Illuminate\\Http\\Request))
#29 C:\\Users\\USER\\Desktop\\Ostad Classes\\PHP_BATCH6\\M22_C3\\blog-project\\vendor\\laravel\\framework\\src\\Illuminate\\Pipeline\\Pipeline.php(208): Illuminate\\Cookie\\Middleware\\AddQueuedCookiesToResponse->handle(Object(Illuminate\\Http\\Request), Object(Closure))
#30 C:\\Users\\USER\\Desktop\\Ostad Classes\\PHP_BATCH6\\M22_C3\\blog-project\\vendor\\laravel\\framework\\src\\Illuminate\\Cookie\\Middleware\\EncryptCookies.php(74): Illuminate\\Pipeline\\Pipeline->Illuminate\\Pipeline\\{closure}(Object(Illuminate\\Http\\Request))
#31 C:\\Users\\USER\\Desktop\\Ostad Classes\\PHP_BATCH6\\M22_C3\\blog-project\\vendor\\laravel\\framework\\src\\Illuminate\\Pipeline\\Pipeline.php(208): Illuminate\\Cookie\\Middleware\\EncryptCookies->handle(Object(Illuminate\\Http\\Request), Object(Closure))
#32 C:\\Users\\USER\\Desktop\\Ostad Classes\\PHP_BATCH6\\M22_C3\\blog-project\\vendor\\laravel\\framework\\src\\Illuminate\\Pipeline\\Pipeline.php(126): Illuminate\\Pipeline\\Pipeline->Illuminate\\Pipeline\\{closure}(Object(Illuminate\\Http\\Request))
#33 C:\\Users\\USER\\Desktop\\Ostad Classes\\PHP_BATCH6\\M22_C3\\blog-project\\vendor\\laravel\\framework\\src\\Illuminate\\Routing\\Router.php(807): Illuminate\\Pipeline\\Pipeline->then(Object(Closure))
#34 C:\\Users\\USER\\Desktop\\Ostad Classes\\PHP_BATCH6\\M22_C3\\blog-project\\vendor\\laravel\\framework\\src\\Illuminate\\Routing\\Router.php(786): Illuminate\\Routing\\Router->runRouteWithinStack(Object(Illuminate\\Routing\\Route), Object(Illuminate\\Http\\Request))
#35 C:\\Users\\USER\\Desktop\\Ostad Classes\\PHP_BATCH6\\M22_C3\\blog-project\\vendor\\laravel\\framework\\src\\Illuminate\\Routing\\Router.php(750): Illuminate\\Routing\\Router->runRoute(Object(Illuminate\\Http\\Request), Object(Illuminate\\Routing\\Route))
#36 C:\\Users\\USER\\Desktop\\Ostad Classes\\PHP_BATCH6\\M22_C3\\blog-project\\vendor\\laravel\\framework\\src\\Illuminate\\Routing\\Router.php(739): Illuminate\\Routing\\Router->dispatchToRoute(Object(Illuminate\\Http\\Request))
#37 C:\\Users\\USER\\Desktop\\Ostad Classes\\PHP_BATCH6\\M22_C3\\blog-project\\vendor\\laravel\\framework\\src\\Illuminate\\Foundation\\Http\\Kernel.php(200): Illuminate\\Routing\\Router->dispatch(Object(Illuminate\\Http\\Request))
#38 C:\\Users\\USER\\Desktop\\Ostad Classes\\PHP_BATCH6\\M22_C3\\blog-project\\vendor\\laravel\\framework\\src\\Illuminate\\Pipeline\\Pipeline.php(169): Illuminate\\Foundation\\Http\\Kernel->Illuminate\\Foundation\\Http\\{closure}(Object(Illuminate\\Http\\Request))
#39 C:\\Users\\USER\\Desktop\\Ostad Classes\\PHP_BATCH6\\M22_C3\\blog-project\\vendor\\laravel\\framework\\src\\Illuminate\\Foundation\\Http\\Middleware\\TransformsRequest.php(21): Illuminate\\Pipeline\\Pipeline->Illuminate\\Pipeline\\{closure}(Object(Illuminate\\Http\\Request))
#40 C:\\Users\\USER\\Desktop\\Ostad Classes\\PHP_BATCH6\\M22_C3\\blog-project\\vendor\\laravel\\framework\\src\\Illuminate\\Foundation\\Http\\Middleware\\ConvertEmptyStringsToNull.php(31): Illuminate\\Foundation\\Http\\Middleware\\TransformsRequest->handle(Object(Illuminate\\Http\\Request), Object(Closure))
#41 C:\\Users\\USER\\Desktop\\Ostad Classes\\PHP_BATCH6\\M22_C3\\blog-project\\vendor\\laravel\\framework\\src\\Illuminate\\Pipeline\\Pipeline.php(208): Illuminate\\Foundation\\Http\\Middleware\\ConvertEmptyStringsToNull->handle(Object(Illuminate\\Http\\Request), Object(Closure))
#42 C:\\Users\\USER\\Desktop\\Ostad Classes\\PHP_BATCH6\\M22_C3\\blog-project\\vendor\\laravel\\framework\\src\\Illuminate\\Foundation\\Http\\Middleware\\TransformsRequest.php(21): Illuminate\\Pipeline\\Pipeline->Illuminate\\Pipeline\\{closure}(Object(Illuminate\\Http\\Request))
#43 C:\\Users\\USER\\Desktop\\Ostad Classes\\PHP_BATCH6\\M22_C3\\blog-project\\vendor\\laravel\\framework\\src\\Illuminate\\Foundation\\Http\\Middleware\\TrimStrings.php(51): Illuminate\\Foundation\\Http\\Middleware\\TransformsRequest->handle(Object(Illuminate\\Http\\Request), Object(Closure))
#44 C:\\Users\\USER\\Desktop\\Ostad Classes\\PHP_BATCH6\\M22_C3\\blog-project\\vendor\\laravel\\framework\\src\\Illuminate\\Pipeline\\Pipeline.php(208): Illuminate\\Foundation\\Http\\Middleware\\TrimStrings->handle(Object(Illuminate\\Http\\Request), Object(Closure))
#45 C:\\Users\\USER\\Desktop\\Ostad Classes\\PHP_BATCH6\\M22_C3\\blog-project\\vendor\\laravel\\framework\\src\\Illuminate\\Http\\Middleware\\ValidatePostSize.php(27): Illuminate\\Pipeline\\Pipeline->Illuminate\\Pipeline\\{closure}(Object(Illuminate\\Http\\Request))
#46 C:\\Users\\USER\\Desktop\\Ostad Classes\\PHP_BATCH6\\M22_C3\\blog-project\\vendor\\laravel\\framework\\src\\Illuminate\\Pipeline\\Pipeline.php(208): Illuminate\\Http\\Middleware\\ValidatePostSize->handle(Object(Illuminate\\Http\\Request), Object(Closure))
#47 C:\\Users\\USER\\Desktop\\Ostad Classes\\PHP_BATCH6\\M22_C3\\blog-project\\vendor\\laravel\\framework\\src\\Illuminate\\Foundation\\Http\\Middleware\\PreventRequestsDuringMaintenance.php(109): Illuminate\\Pipeline\\Pipeline->Illuminate\\Pipeline\\{closure}(Object(Illuminate\\Http\\Request))
#48 C:\\Users\\USER\\Desktop\\Ostad Classes\\PHP_BATCH6\\M22_C3\\blog-project\\vendor\\laravel\\framework\\src\\Illuminate\\Pipeline\\Pipeline.php(208): Illuminate\\Foundation\\Http\\Middleware\\PreventRequestsDuringMaintenance->handle(Object(Illuminate\\Http\\Request), Object(Closure))
#49 C:\\Users\\USER\\Desktop\\Ostad Classes\\PHP_BATCH6\\M22_C3\\blog-project\\vendor\\laravel\\framework\\src\\Illuminate\\Http\\Middleware\\HandleCors.php(48): Illuminate\\Pipeline\\Pipeline->Illuminate\\Pipeline\\{closure}(Object(Illuminate\\Http\\Request))
#50 C:\\Users\\USER\\Desktop\\Ostad Classes\\PHP_BATCH6\\M22_C3\\blog-project\\vendor\\laravel\\framework\\src\\Illuminate\\Pipeline\\Pipeline.php(208): Illuminate\\Http\\Middleware\\HandleCors->handle(Object(Illuminate\\Http\\Request), Object(Closure))
#51 C:\\Users\\USER\\Desktop\\Ostad Classes\\PHP_BATCH6\\M22_C3\\blog-project\\vendor\\laravel\\framework\\src\\Illuminate\\Http\\Middleware\\TrustProxies.php(58): Illuminate\\Pipeline\\Pipeline->Illuminate\\Pipeline\\{closure}(Object(Illuminate\\Http\\Request))
#52 C:\\Users\\USER\\Desktop\\Ostad Classes\\PHP_BATCH6\\M22_C3\\blog-project\\vendor\\laravel\\framework\\src\\Illuminate\\Pipeline\\Pipeline.php(208): Illuminate\\Http\\Middleware\\TrustProxies->handle(Object(Illuminate\\Http\\Request), Object(Closure))
#53 C:\\Users\\USER\\Desktop\\Ostad Classes\\PHP_BATCH6\\M22_C3\\blog-project\\vendor\\laravel\\framework\\src\\Illuminate\\Foundation\\Http\\Middleware\\InvokeDeferredCallbacks.php(22): Illuminate\\Pipeline\\Pipeline->Illuminate\\Pipeline\\{closure}(Object(Illuminate\\Http\\Request))
#54 C:\\Users\\USER\\Desktop\\Ostad Classes\\PHP_BATCH6\\M22_C3\\blog-project\\vendor\\laravel\\framework\\src\\Illuminate\\Pipeline\\Pipeline.php(208): Illuminate\\Foundation\\Http\\Middleware\\InvokeDeferredCallbacks->handle(Object(Illuminate\\Http\\Request), Object(Closure))
#55 C:\\Users\\USER\\Desktop\\Ostad Classes\\PHP_BATCH6\\M22_C3\\blog-project\\vendor\\laravel\\framework\\src\\Illuminate\\Http\\Middleware\\ValidatePathEncoding.php(26): Illuminate\\Pipeline\\Pipeline->Illuminate\\Pipeline\\{closure}(Object(Illuminate\\Http\\Request))
#56 C:\\Users\\USER\\Desktop\\Ostad Classes\\PHP_BATCH6\\M22_C3\\blog-project\\vendor\\laravel\\framework\\src\\Illuminate\\Pipeline\\Pipeline.php(208): Illuminate\\Http\\Middleware\\ValidatePathEncoding->handle(Object(Illuminate\\Http\\Request), Object(Closure))
#57 C:\\Users\\USER\\Desktop\\Ostad Classes\\PHP_BATCH6\\M22_C3\\blog-project\\vendor\\laravel\\framework\\src\\Illuminate\\Pipeline\\Pipeline.php(126): Illuminate\\Pipeline\\Pipeline->Illuminate\\Pipeline\\{closure}(Object(Illuminate\\Http\\Request))
#58 C:\\Users\\USER\\Desktop\\Ostad Classes\\PHP_BATCH6\\M22_C3\\blog-project\\vendor\\laravel\\framework\\src\\Illuminate\\Foundation\\Http\\Kernel.php(175): Illuminate\\Pipeline\\Pipeline->then(Object(Closure))
#59 C:\\Users\\USER\\Desktop\\Ostad Classes\\PHP_BATCH6\\M22_C3\\blog-project\\vendor\\laravel\\framework\\src\\Illuminate\\Foundation\\Http\\Kernel.php(144): Illuminate\\Foundation\\Http\\Kernel->sendRequestThroughRouter(Object(Illuminate\\Http\\Request))
#60 C:\\Users\\USER\\Desktop\\Ostad Classes\\PHP_BATCH6\\M22_C3\\blog-project\\vendor\\laravel\\framework\\src\\Illuminate\\Foundation\\Application.php(1219): Illuminate\\Foundation\\Http\\Kernel->handle(Object(Illuminate\\Http\\Request))
#61 C:\\Users\\USER\\Desktop\\Ostad Classes\\PHP_BATCH6\\M22_C3\\blog-project\\public\\index.php(20): Illuminate\\Foundation\\Application->handleRequest(Object(Illuminate\\Http\\Request))
#62 C:\\Users\\USER\\Desktop\\Ostad Classes\\PHP_BATCH6\\M22_C3\\blog-project\\vendor\\laravel\\framework\\src\\Illuminate\\Foundation\\resources\\server.php(23): require_once('C:\\\\Users\\\\USER\\\\D...')
#63 {main}

[previous exception] [object] (ErrorException(code: 0): Attempt to read property \"name\" on null at C:\\Users\\USER\\Desktop\\Ostad Classes\\PHP_BATCH6\\M22_C3\\blog-project\\storage\\framework\\views\\f828056aa17d1a723dcba5cf62408edb.php:60)
[stacktrace]
#0 C:\\Users\\USER\\Desktop\\Ostad Classes\\PHP_BATCH6\\M22_C3\\blog-project\\vendor\\laravel\\framework\\src\\Illuminate\\Foundation\\Bootstrap\\HandleExceptions.php(256): Illuminate\\Foundation\\Bootstrap\\HandleExceptions->handleError(2, 'Attempt to read...', 'C:\\\\Users\\\\USER\\\\D...', 60)
#1 C:\\Users\\USER\\Desktop\\Ostad Classes\\PHP_BATCH6\\M22_C3\\blog-project\\storage\\framework\\views\\f828056aa17d1a723dcba5cf62408edb.php(60): Illuminate\\Foundation\\Bootstrap\\HandleExceptions->Illuminate\\Foundation\\Bootstrap\\{closure}(2, 'Attempt to read...', 'C:\\\\Users\\\\USER\\\\D...', 60)
#2 C:\\Users\\USER\\Desktop\\Ostad Classes\\PHP_BATCH6\\M22_C3\\blog-project\\vendor\\laravel\\framework\\src\\Illuminate\\Filesystem\\Filesystem.php(123): require('C:\\\\Users\\\\USER\\\\D...')
#3 C:\\Users\\USER\\Desktop\\Ostad Classes\\PHP_BATCH6\\M22_C3\\blog-project\\vendor\\laravel\\framework\\src\\Illuminate\\Filesystem\\Filesystem.php(124): Illuminate\\Filesystem\\Filesystem::Illuminate\\Filesystem\\{closure}()
#4 C:\\Users\\USER\\Desktop\\Ostad Classes\\PHP_BATCH6\\M22_C3\\blog-project\\vendor\\laravel\\framework\\src\\Illuminate\\View\\Engines\\PhpEngine.php(57): Illuminate\\Filesystem\\Filesystem->getRequire('C:\\\\Users\\\\USER\\\\D...', Array)
#5 C:\\Users\\USER\\Desktop\\Ostad Classes\\PHP_BATCH6\\M22_C3\\blog-project\\vendor\\laravel\\framework\\src\\Illuminate\\View\\Engines\\CompilerEngine.php(74): Illuminate\\View\\Engines\\PhpEngine->evaluatePath('C:\\\\Users\\\\USER\\\\D...', Array)
#6 C:\\Users\\USER\\Desktop\\Ostad Classes\\PHP_BATCH6\\M22_C3\\blog-project\\vendor\\laravel\\framework\\src\\Illuminate\\View\\View.php(208): Illuminate\\View\\Engines\\CompilerEngine->get('C:\\\\Users\\\\USER\\\\D...', Array)
#7 C:\\Users\\USER\\Desktop\\Ostad Classes\\PHP_BATCH6\\M22_C3\\blog-project\\vendor\\laravel\\framework\\src\\Illuminate\\View\\View.php(191): Illuminate\\View\\View->getContents()
#8 C:\\Users\\USER\\Desktop\\Ostad Classes\\PHP_BATCH6\\M22_C3\\blog-project\\vendor\\laravel\\framework\\src\\Illuminate\\View\\View.php(160): Illuminate\\View\\View->renderContents()
#9 C:\\Users\\USER\\Desktop\\Ostad Classes\\PHP_BATCH6\\M22_C3\\blog-project\\storage\\framework\\views\\9289a33442b3d65efc5aa89674bce533.php(57): Illuminate\\View\\View->render()
#10 C:\\Users\\USER\\Desktop\\Ostad Classes\\PHP_BATCH6\\M22_C3\\blog-project\\vendor\\laravel\\framework\\src\\Illuminate\\Filesystem\\Filesystem.php(123): require('C:\\\\Users\\\\USER\\\\D...')
#11 C:\\Users\\USER\\Desktop\\Ostad Classes\\PHP_BATCH6\\M22_C3\\blog-project\\vendor\\laravel\\framework\\src\\Illuminate\\Filesystem\\Filesystem.php(124): Illuminate\\Filesystem\\Filesystem::Illuminate\\Filesystem\\{closure}()
#12 C:\\Users\\USER\\Desktop\\Ostad Classes\\PHP_BATCH6\\M22_C3\\blog-project\\vendor\\laravel\\framework\\src\\Illuminate\\View\\Engines\\PhpEngine.php(57): Illuminate\\Filesystem\\Filesystem->getRequire('C:\\\\Users\\\\USER\\\\D...', Array)
#13 C:\\Users\\USER\\Desktop\\Ostad Classes\\PHP_BATCH6\\M22_C3\\blog-project\\vendor\\laravel\\framework\\src\\Illuminate\\View\\Engines\\CompilerEngine.php(74): Illuminate\\View\\Engines\\PhpEngine->evaluatePath('C:\\\\Users\\\\USER\\\\D...', Array)
#14 C:\\Users\\USER\\Desktop\\Ostad Classes\\PHP_BATCH6\\M22_C3\\blog-project\\vendor\\laravel\\framework\\src\\Illuminate\\View\\View.php(208): Illuminate\\View\\Engines\\CompilerEngine->get('C:\\\\Users\\\\USER\\\\D...', Array)
#15 C:\\Users\\USER\\Desktop\\Ostad Classes\\PHP_BATCH6\\M22_C3\\blog-project\\vendor\\laravel\\framework\\src\\Illuminate\\View\\View.php(191): Illuminate\\View\\View->getContents()
#16 C:\\Users\\USER\\Desktop\\Ostad Classes\\PHP_BATCH6\\M22_C3\\blog-project\\vendor\\laravel\\framework\\src\\Illuminate\\View\\View.php(160): Illuminate\\View\\View->renderContents()
#17 C:\\Users\\USER\\Desktop\\Ostad Classes\\PHP_BATCH6\\M22_C3\\blog-project\\vendor\\laravel\\framework\\src\\Illuminate\\Http\\Response.php(78): Illuminate\\View\\View->render()
#18 C:\\Users\\USER\\Desktop\\Ostad Classes\\PHP_BATCH6\\M22_C3\\blog-project\\vendor\\laravel\\framework\\src\\Illuminate\\Http\\Response.php(34): Illuminate\\Http\\Response->setContent(Object(Illuminate\\View\\View))
#19 C:\\Users\\USER\\Desktop\\Ostad Classes\\PHP_BATCH6\\M22_C3\\blog-project\\vendor\\laravel\\framework\\src\\Illuminate\\Routing\\Router.php(924): Illuminate\\Http\\Response->__construct(Object(Illuminate\\View\\View), 200, Array)
#20 C:\\Users\\USER\\Desktop\\Ostad Classes\\PHP_BATCH6\\M22_C3\\blog-project\\vendor\\laravel\\framework\\src\\Illuminate\\Routing\\Router.php(891): Illuminate\\Routing\\Router::toResponse(Object(Illuminate\\Http\\Request), Object(Illuminate\\View\\View))
#21 C:\\Users\\USER\\Desktop\\Ostad Classes\\PHP_BATCH6\\M22_C3\\blog-project\\vendor\\laravel\\framework\\src\\Illuminate\\Routing\\Router.php(807): Illuminate\\Routing\\Router->prepareResponse(Object(Illuminate\\Http\\Request), Object(Illuminate\\View\\View))
#22 C:\\Users\\USER\\Desktop\\Ostad Classes\\PHP_BATCH6\\M22_C3\\blog-project\\vendor\\laravel\\framework\\src\\Illuminate\\Pipeline\\Pipeline.php(169): Illuminate\\Routing\\Router->Illuminate\\Routing\\{closure}(Object(Illuminate\\Http\\Request))
#23 C:\\Users\\USER\\Desktop\\Ostad Classes\\PHP_BATCH6\\M22_C3\\blog-project\\vendor\\laravel\\framework\\src\\Illuminate\\Routing\\Middleware\\SubstituteBindings.php(50): Illuminate\\Pipeline\\Pipeline->Illuminate\\Pipeline\\{closure}(Object(Illuminate\\Http\\Request))
#24 C:\\Users\\USER\\Desktop\\Ostad Classes\\PHP_BATCH6\\M22_C3\\blog-project\\vendor\\laravel\\framework\\src\\Illuminate\\Pipeline\\Pipeline.php(208): Illuminate\\Routing\\Middleware\\SubstituteBindings->handle(Object(Illuminate\\Http\\Request), Object(Closure))
#25 C:\\Users\\USER\\Desktop\\Ostad Classes\\PHP_BATCH6\\M22_C3\\blog-project\\vendor\\laravel\\framework\\src\\Illuminate\\Foundation\\Http\\Middleware\\VerifyCsrfToken.php(87): Illuminate\\Pipeline\\Pipeline->Illuminate\\Pipeline\\{closure}(Object(Illuminate\\Http\\Request))
#26 C:\\Users\\USER\\Desktop\\Ostad Classes\\PHP_BATCH6\\M22_C3\\blog-project\\vendor\\laravel\\framework\\src\\Illuminate\\Pipeline\\Pipeline.php(208): Illuminate\\Foundation\\Http\\Middleware\\VerifyCsrfToken->handle(Object(Illuminate\\Http\\Request), Object(Closure))
#27 C:\\Users\\USER\\Desktop\\Ostad Classes\\PHP_BATCH6\\M22_C3\\blog-project\\vendor\\laravel\\framework\\src\\Illuminate\\View\\Middleware\\ShareErrorsFromSession.php(48): Illuminate\\Pipeline\\Pipeline->Illuminate\\Pipeline\\{closure}(Object(Illuminate\\Http\\Request))
#28 C:\\Users\\USER\\Desktop\\Ostad Classes\\PHP_BATCH6\\M22_C3\\blog-project\\vendor\\laravel\\framework\\src\\Illuminate\\Pipeline\\Pipeline.php(208): Illuminate\\View\\Middleware\\ShareErrorsFromSession->handle(Object(Illuminate\\Http\\Request), Object(Closure))
#29 C:\\Users\\USER\\Desktop\\Ostad Classes\\PHP_BATCH6\\M22_C3\\blog-project\\vendor\\laravel\\framework\\src\\Illuminate\\Session\\Middleware\\StartSession.php(120): Illuminate\\Pipeline\\Pipeline->Illuminate\\Pipeline\\{closure}(Object(Illuminate\\Http\\Request))
#30 C:\\Users\\USER\\Desktop\\Ostad Classes\\PHP_BATCH6\\M22_C3\\blog-project\\vendor\\laravel\\framework\\src\\Illuminate\\Session\\Middleware\\StartSession.php(63): Illuminate\\Session\\Middleware\\StartSession->handleStatefulRequest(Object(Illuminate\\Http\\Request), Object(Illuminate\\Session\\Store), Object(Closure))
#31 C:\\Users\\USER\\Desktop\\Ostad Classes\\PHP_BATCH6\\M22_C3\\blog-project\\vendor\\laravel\\framework\\src\\Illuminate\\Pipeline\\Pipeline.php(208): Illuminate\\Session\\Middleware\\StartSession->handle(Object(Illuminate\\Http\\Request), Object(Closure))
#32 C:\\Users\\USER\\Desktop\\Ostad Classes\\PHP_BATCH6\\M22_C3\\blog-project\\vendor\\laravel\\framework\\src\\Illuminate\\Cookie\\Middleware\\AddQueuedCookiesToResponse.php(36): Illuminate\\Pipeline\\Pipeline->Illuminate\\Pipeline\\{closure}(Object(Illuminate\\Http\\Request))
#33 C:\\Users\\USER\\Desktop\\Ostad Classes\\PHP_BATCH6\\M22_C3\\blog-project\\vendor\\laravel\\framework\\src\\Illuminate\\Pipeline\\Pipeline.php(208): Illuminate\\Cookie\\Middleware\\AddQueuedCookiesToResponse->handle(Object(Illuminate\\Http\\Request), Object(Closure))
#34 C:\\Users\\USER\\Desktop\\Ostad Classes\\PHP_BATCH6\\M22_C3\\blog-project\\vendor\\laravel\\framework\\src\\Illuminate\\Cookie\\Middleware\\EncryptCookies.php(74): Illuminate\\Pipeline\\Pipeline->Illuminate\\Pipeline\\{closure}(Object(Illuminate\\Http\\Request))
#35 C:\\Users\\USER\\Desktop\\Ostad Classes\\PHP_BATCH6\\M22_C3\\blog-project\\vendor\\laravel\\framework\\src\\Illuminate\\Pipeline\\Pipeline.php(208): Illuminate\\Cookie\\Middleware\\EncryptCookies->handle(Object(Illuminate\\Http\\Request), Object(Closure))
#36 C:\\Users\\USER\\Desktop\\Ostad Classes\\PHP_BATCH6\\M22_C3\\blog-project\\vendor\\laravel\\framework\\src\\Illuminate\\Pipeline\\Pipeline.php(126): Illuminate\\Pipeline\\Pipeline->Illuminate\\Pipeline\\{closure}(Object(Illuminate\\Http\\Request))
#37 C:\\Users\\USER\\Desktop\\Ostad Classes\\PHP_BATCH6\\M22_C3\\blog-project\\vendor\\laravel\\framework\\src\\Illuminate\\Routing\\Router.php(807): Illuminate\\Pipeline\\Pipeline->then(Object(Closure))
#38 C:\\Users\\USER\\Desktop\\Ostad Classes\\PHP_BATCH6\\M22_C3\\blog-project\\vendor\\laravel\\framework\\src\\Illuminate\\Routing\\Router.php(786): Illuminate\\Routing\\Router->runRouteWithinStack(Object(Illuminate\\Routing\\Route), Object(Illuminate\\Http\\Request))
#39 C:\\Users\\USER\\Desktop\\Ostad Classes\\PHP_BATCH6\\M22_C3\\blog-project\\vendor\\laravel\\framework\\src\\Illuminate\\Routing\\Router.php(750): Illuminate\\Routing\\Router->runRoute(Object(Illuminate\\Http\\Request), Object(Illuminate\\Routing\\Route))
#40 C:\\Users\\USER\\Desktop\\Ostad Classes\\PHP_BATCH6\\M22_C3\\blog-project\\vendor\\laravel\\framework\\src\\Illuminate\\Routing\\Router.php(739): Illuminate\\Routing\\Router->dispatchToRoute(Object(Illuminate\\Http\\Request))
#41 C:\\Users\\USER\\Desktop\\Ostad Classes\\PHP_BATCH6\\M22_C3\\blog-project\\vendor\\laravel\\framework\\src\\Illuminate\\Foundation\\Http\\Kernel.php(200): Illuminate\\Routing\\Router->dispatch(Object(Illuminate\\Http\\Request))
#42 C:\\Users\\USER\\Desktop\\Ostad Classes\\PHP_BATCH6\\M22_C3\\blog-project\\vendor\\laravel\\framework\\src\\Illuminate\\Pipeline\\Pipeline.php(169): Illuminate\\Foundation\\Http\\Kernel->Illuminate\\Foundation\\Http\\{closure}(Object(Illuminate\\Http\\Request))
#43 C:\\Users\\USER\\Desktop\\Ostad Classes\\PHP_BATCH6\\M22_C3\\blog-project\\vendor\\laravel\\framework\\src\\Illuminate\\Foundation\\Http\\Middleware\\TransformsRequest.php(21): Illuminate\\Pipeline\\Pipeline->Illuminate\\Pipeline\\{closure}(Object(Illuminate\\Http\\Request))
#44 C:\\Users\\USER\\Desktop\\Ostad Classes\\PHP_BATCH6\\M22_C3\\blog-project\\vendor\\laravel\\framework\\src\\Illuminate\\Foundation\\Http\\Middleware\\ConvertEmptyStringsToNull.php(31): Illuminate\\Foundation\\Http\\Middleware\\TransformsRequest->handle(Object(Illuminate\\Http\\Request), Object(Closure))
#45 C:\\Users\\USER\\Desktop\\Ostad Classes\\PHP_BATCH6\\M22_C3\\blog-project\\vendor\\laravel\\framework\\src\\Illuminate\\Pipeline\\Pipeline.php(208): Illuminate\\Foundation\\Http\\Middleware\\ConvertEmptyStringsToNull->handle(Object(Illuminate\\Http\\Request), Object(Closure))
#46 C:\\Users\\USER\\Desktop\\Ostad Classes\\PHP_BATCH6\\M22_C3\\blog-project\\vendor\\laravel\\framework\\src\\Illuminate\\Foundation\\Http\\Middleware\\TransformsRequest.php(21): Illuminate\\Pipeline\\Pipeline->Illuminate\\Pipeline\\{closure}(Object(Illuminate\\Http\\Request))
#47 C:\\Users\\USER\\Desktop\\Ostad Classes\\PHP_BATCH6\\M22_C3\\blog-project\\vendor\\laravel\\framework\\src\\Illuminate\\Foundation\\Http\\Middleware\\TrimStrings.php(51): Illuminate\\Foundation\\Http\\Middleware\\TransformsRequest->handle(Object(Illuminate\\Http\\Request), Object(Closure))
#48 C:\\Users\\USER\\Desktop\\Ostad Classes\\PHP_BATCH6\\M22_C3\\blog-project\\vendor\\laravel\\framework\\src\\Illuminate\\Pipeline\\Pipeline.php(208): Illuminate\\Foundation\\Http\\Middleware\\TrimStrings->handle(Object(Illuminate\\Http\\Request), Object(Closure))
#49 C:\\Users\\USER\\Desktop\\Ostad Classes\\PHP_BATCH6\\M22_C3\\blog-project\\vendor\\laravel\\framework\\src\\Illuminate\\Http\\Middleware\\ValidatePostSize.php(27): Illuminate\\Pipeline\\Pipeline->Illuminate\\Pipeline\\{closure}(Object(Illuminate\\Http\\Request))
#50 C:\\Users\\USER\\Desktop\\Ostad Classes\\PHP_BATCH6\\M22_C3\\blog-project\\vendor\\laravel\\framework\\src\\Illuminate\\Pipeline\\Pipeline.php(208): Illuminate\\Http\\Middleware\\ValidatePostSize->handle(Object(Illuminate\\Http\\Request), Object(Closure))
#51 C:\\Users\\USER\\Desktop\\Ostad Classes\\PHP_BATCH6\\M22_C3\\blog-project\\vendor\\laravel\\framework\\src\\Illuminate\\Foundation\\Http\\Middleware\\PreventRequestsDuringMaintenance.php(109): Illuminate\\Pipeline\\Pipeline->Illuminate\\Pipeline\\{closure}(Object(Illuminate\\Http\\Request))
#52 C:\\Users\\USER\\Desktop\\Ostad Classes\\PHP_BATCH6\\M22_C3\\blog-project\\vendor\\laravel\\framework\\src\\Illuminate\\Pipeline\\Pipeline.php(208): Illuminate\\Foundation\\Http\\Middleware\\PreventRequestsDuringMaintenance->handle(Object(Illuminate\\Http\\Request), Object(Closure))
#53 C:\\Users\\USER\\Desktop\\Ostad Classes\\PHP_BATCH6\\M22_C3\\blog-project\\vendor\\laravel\\framework\\src\\Illuminate\\Http\\Middleware\\HandleCors.php(48): Illuminate\\Pipeline\\Pipeline->Illuminate\\Pipeline\\{closure}(Object(Illuminate\\Http\\Request))
#54 C:\\Users\\USER\\Desktop\\Ostad Classes\\PHP_BATCH6\\M22_C3\\blog-project\\vendor\\laravel\\framework\\src\\Illuminate\\Pipeline\\Pipeline.php(208): Illuminate\\Http\\Middleware\\HandleCors->handle(Object(Illuminate\\Http\\Request), Object(Closure))
#55 C:\\Users\\USER\\Desktop\\Ostad Classes\\PHP_BATCH6\\M22_C3\\blog-project\\vendor\\laravel\\framework\\src\\Illuminate\\Http\\Middleware\\TrustProxies.php(58): Illuminate\\Pipeline\\Pipeline->Illuminate\\Pipeline\\{closure}(Object(Illuminate\\Http\\Request))
#56 C:\\Users\\USER\\Desktop\\Ostad Classes\\PHP_BATCH6\\M22_C3\\blog-project\\vendor\\laravel\\framework\\src\\Illuminate\\Pipeline\\Pipeline.php(208): Illuminate\\Http\\Middleware\\TrustProxies->handle(Object(Illuminate\\Http\\Request), Object(Closure))
#57 C:\\Users\\USER\\Desktop\\Ostad Classes\\PHP_BATCH6\\M22_C3\\blog-project\\vendor\\laravel\\framework\\src\\Illuminate\\Foundation\\Http\\Middleware\\InvokeDeferredCallbacks.php(22): Illuminate\\Pipeline\\Pipeline->Illuminate\\Pipeline\\{closure}(Object(Illuminate\\Http\\Request))
#58 C:\\Users\\USER\\Desktop\\Ostad Classes\\PHP_BATCH6\\M22_C3\\blog-project\\vendor\\laravel\\framework\\src\\Illuminate\\Pipeline\\Pipeline.php(208): Illuminate\\Foundation\\Http\\Middleware\\InvokeDeferredCallbacks->handle(Object(Illuminate\\Http\\Request), Object(Closure))
#59 C:\\Users\\USER\\Desktop\\Ostad Classes\\PHP_BATCH6\\M22_C3\\blog-project\\vendor\\laravel\\framework\\src\\Illuminate\\Http\\Middleware\\ValidatePathEncoding.php(26): Illuminate\\Pipeline\\Pipeline->Illuminate\\Pipeline\\{closure}(Object(Illuminate\\Http\\Request))
#60 C:\\Users\\USER\\Desktop\\Ostad Classes\\PHP_BATCH6\\M22_C3\\blog-project\\vendor\\laravel\\framework\\src\\Illuminate\\Pipeline\\Pipeline.php(208): Illuminate\\Http\\Middleware\\ValidatePathEncoding->handle(Object(Illuminate\\Http\\Request), Object(Closure))
#61 C:\\Users\\USER\\Desktop\\Ostad Classes\\PHP_BATCH6\\M22_C3\\blog-project\\vendor\\laravel\\framework\\src\\Illuminate\\Pipeline\\Pipeline.php(126): Illuminate\\Pipeline\\Pipeline->Illuminate\\Pipeline\\{closure}(Object(Illuminate\\Http\\Request))
#62 C:\\Users\\USER\\Desktop\\Ostad Classes\\PHP_BATCH6\\M22_C3\\blog-project\\vendor\\laravel\\framework\\src\\Illuminate\\Foundation\\Http\\Kernel.php(175): Illuminate\\Pipeline\\Pipeline->then(Object(Closure))
#63 C:\\Users\\USER\\Desktop\\Ostad Classes\\PHP_BATCH6\\M22_C3\\blog-project\\vendor\\laravel\\framework\\src\\Illuminate\\Foundation\\Http\\Kernel.php(144): Illuminate\\Foundation\\Http\\Kernel->sendRequestThroughRouter(Object(Illuminate\\Http\\Request))
#64 C:\\Users\\USER\\Desktop\\Ostad Classes\\PHP_BATCH6\\M22_C3\\blog-project\\vendor\\laravel\\framework\\src\\Illuminate\\Foundation\\Application.php(1219): Illuminate\\Foundation\\Http\\Kernel->handle(Object(Illuminate\\Http\\Request))
#65 C:\\Users\\USER\\Desktop\\Ostad Classes\\PHP_BATCH6\\M22_C3\\blog-project\\public\\index.php(20): Illuminate\\Foundation\\Application->handleRequest(Object(Illuminate\\Http\\Request))
#66 C:\\Users\\USER\\Desktop\\Ostad Classes\\PHP_BATCH6\\M22_C3\\blog-project\\vendor\\laravel\\framework\\src\\Illuminate\\Foundation\\resources\\server.php(23): require_once('C:\\\\Users\\\\USER\\\\D...')
#67 {main}
"} 
[2025-05-01 17:44:12] local.ERROR: Route [dashboard] not defined. {"userId":1,"exception":"[object] (Symfony\\Component\\Routing\\Exception\\RouteNotFoundException(code: 0): Route [dashboard] not defined. at C:\\Users\\USER\\Desktop\\Ostad Classes\\PHP_BATCH6\\M22_C3\\blog-project\\vendor\\laravel\\framework\\src\\Illuminate\\Routing\\UrlGenerator.php:526)
[stacktrace]
#0 C:\\Users\\USER\\Desktop\\Ostad Classes\\PHP_BATCH6\\M22_C3\\blog-project\\vendor\\laravel\\framework\\src\\Illuminate\\Routing\\Redirector.php(153): Illuminate\\Routing\\UrlGenerator->route('dashboard', Array)
#1 C:\\Users\\USER\\Desktop\\Ostad Classes\\PHP_BATCH6\\M22_C3\\blog-project\\app\\Http\\Controllers\\AuthController.php(59): Illuminate\\Routing\\Redirector->route('dashboard')
#2 C:\\Users\\USER\\Desktop\\Ostad Classes\\PHP_BATCH6\\M22_C3\\blog-project\\vendor\\laravel\\framework\\src\\Illuminate\\Routing\\ControllerDispatcher.php(46): App\\Http\\Controllers\\AuthController->login(Object(Illuminate\\Http\\Request))
#3 C:\\Users\\USER\\Desktop\\Ostad Classes\\PHP_BATCH6\\M22_C3\\blog-project\\vendor\\laravel\\framework\\src\\Illuminate\\Routing\\Route.php(265): Illuminate\\Routing\\ControllerDispatcher->dispatch(Object(Illuminate\\Routing\\Route), Object(App\\Http\\Controllers\\AuthController), 'login')
#4 C:\\Users\\USER\\Desktop\\Ostad Classes\\PHP_BATCH6\\M22_C3\\blog-project\\vendor\\laravel\\framework\\src\\Illuminate\\Routing\\Route.php(211): Illuminate\\Routing\\Route->runController()
#5 C:\\Users\\USER\\Desktop\\Ostad Classes\\PHP_BATCH6\\M22_C3\\blog-project\\vendor\\laravel\\framework\\src\\Illuminate\\Routing\\Router.php(808): Illuminate\\Routing\\Route->run()
#6 C:\\Users\\USER\\Desktop\\Ostad Classes\\PHP_BATCH6\\M22_C3\\blog-project\\vendor\\laravel\\framework\\src\\Illuminate\\Pipeline\\Pipeline.php(169): Illuminate\\Routing\\Router->Illuminate\\Routing\\{closure}(Object(Illuminate\\Http\\Request))
#7 C:\\Users\\USER\\Desktop\\Ostad Classes\\PHP_BATCH6\\M22_C3\\blog-project\\vendor\\laravel\\framework\\src\\Illuminate\\Routing\\Middleware\\SubstituteBindings.php(50): Illuminate\\Pipeline\\Pipeline->Illuminate\\Pipeline\\{closure}(Object(Illuminate\\Http\\Request))
#8 C:\\Users\\USER\\Desktop\\Ostad Classes\\PHP_BATCH6\\M22_C3\\blog-project\\vendor\\laravel\\framework\\src\\Illuminate\\Pipeline\\Pipeline.php(208): Illuminate\\Routing\\Middleware\\SubstituteBindings->handle(Object(Illuminate\\Http\\Request), Object(Closure))
#9 C:\\Users\\USER\\Desktop\\Ostad Classes\\PHP_BATCH6\\M22_C3\\blog-project\\vendor\\laravel\\framework\\src\\Illuminate\\Foundation\\Http\\Middleware\\VerifyCsrfToken.php(87): Illuminate\\Pipeline\\Pipeline->Illuminate\\Pipeline\\{closure}(Object(Illuminate\\Http\\Request))
#10 C:\\Users\\USER\\Desktop\\Ostad Classes\\PHP_BATCH6\\M22_C3\\blog-project\\vendor\\laravel\\framework\\src\\Illuminate\\Pipeline\\Pipeline.php(208): Illuminate\\Foundation\\Http\\Middleware\\VerifyCsrfToken->handle(Object(Illuminate\\Http\\Request), Object(Closure))
#11 C:\\Users\\USER\\Desktop\\Ostad Classes\\PHP_BATCH6\\M22_C3\\blog-project\\vendor\\laravel\\framework\\src\\Illuminate\\View\\Middleware\\ShareErrorsFromSession.php(48): Illuminate\\Pipeline\\Pipeline->Illuminate\\Pipeline\\{closure}(Object(Illuminate\\Http\\Request))
#12 C:\\Users\\USER\\Desktop\\Ostad Classes\\PHP_BATCH6\\M22_C3\\blog-project\\vendor\\laravel\\framework\\src\\Illuminate\\Pipeline\\Pipeline.php(208): Illuminate\\View\\Middleware\\ShareErrorsFromSession->handle(Object(Illuminate\\Http\\Request), Object(Closure))
#13 C:\\Users\\USER\\Desktop\\Ostad Classes\\PHP_BATCH6\\M22_C3\\blog-project\\vendor\\laravel\\framework\\src\\Illuminate\\Session\\Middleware\\StartSession.php(120): Illuminate\\Pipeline\\Pipeline->Illuminate\\Pipeline\\{closure}(Object(Illuminate\\Http\\Request))
#14 C:\\Users\\USER\\Desktop\\Ostad Classes\\PHP_BATCH6\\M22_C3\\blog-project\\vendor\\laravel\\framework\\src\\Illuminate\\Session\\Middleware\\StartSession.php(63): Illuminate\\Session\\Middleware\\StartSession->handleStatefulRequest(Object(Illuminate\\Http\\Request), Object(Illuminate\\Session\\Store), Object(Closure))
#15 C:\\Users\\USER\\Desktop\\Ostad Classes\\PHP_BATCH6\\M22_C3\\blog-project\\vendor\\laravel\\framework\\src\\Illuminate\\Pipeline\\Pipeline.php(208): Illuminate\\Session\\Middleware\\StartSession->handle(Object(Illuminate\\Http\\Request), Object(Closure))
#16 C:\\Users\\USER\\Desktop\\Ostad Classes\\PHP_BATCH6\\M22_C3\\blog-project\\vendor\\laravel\\framework\\src\\Illuminate\\Cookie\\Middleware\\AddQueuedCookiesToResponse.php(36): Illuminate\\Pipeline\\Pipeline->Illuminate\\Pipeline\\{closure}(Object(Illuminate\\Http\\Request))
#17 C:\\Users\\USER\\Desktop\\Ostad Classes\\PHP_BATCH6\\M22_C3\\blog-project\\vendor\\laravel\\framework\\src\\Illuminate\\Pipeline\\Pipeline.php(208): Illuminate\\Cookie\\Middleware\\AddQueuedCookiesToResponse->handle(Object(Illuminate\\Http\\Request), Object(Closure))
#18 C:\\Users\\USER\\Desktop\\Ostad Classes\\PHP_BATCH6\\M22_C3\\blog-project\\vendor\\laravel\\framework\\src\\Illuminate\\Cookie\\Middleware\\EncryptCookies.php(74): Illuminate\\Pipeline\\Pipeline->Illuminate\\Pipeline\\{closure}(Object(Illuminate\\Http\\Request))
#19 C:\\Users\\USER\\Desktop\\Ostad Classes\\PHP_BATCH6\\M22_C3\\blog-project\\vendor\\laravel\\framework\\src\\Illuminate\\Pipeline\\Pipeline.php(208): Illuminate\\Cookie\\Middleware\\EncryptCookies->handle(Object(Illuminate\\Http\\Request), Object(Closure))
#20 C:\\Users\\USER\\Desktop\\Ostad Classes\\PHP_BATCH6\\M22_C3\\blog-project\\vendor\\laravel\\framework\\src\\Illuminate\\Pipeline\\Pipeline.php(126): Illuminate\\Pipeline\\Pipeline->Illuminate\\Pipeline\\{closure}(Object(Illuminate\\Http\\Request))
#21 C:\\Users\\USER\\Desktop\\Ostad Classes\\PHP_BATCH6\\M22_C3\\blog-project\\vendor\\laravel\\framework\\src\\Illuminate\\Routing\\Router.php(807): Illuminate\\Pipeline\\Pipeline->then(Object(Closure))
#22 C:\\Users\\USER\\Desktop\\Ostad Classes\\PHP_BATCH6\\M22_C3\\blog-project\\vendor\\laravel\\framework\\src\\Illuminate\\Routing\\Router.php(786): Illuminate\\Routing\\Router->runRouteWithinStack(Object(Illuminate\\Routing\\Route), Object(Illuminate\\Http\\Request))
#23 C:\\Users\\USER\\Desktop\\Ostad Classes\\PHP_BATCH6\\M22_C3\\blog-project\\vendor\\laravel\\framework\\src\\Illuminate\\Routing\\Router.php(750): Illuminate\\Routing\\Router->runRoute(Object(Illuminate\\Http\\Request), Object(Illuminate\\Routing\\Route))
#24 C:\\Users\\USER\\Desktop\\Ostad Classes\\PHP_BATCH6\\M22_C3\\blog-project\\vendor\\laravel\\framework\\src\\Illuminate\\Routing\\Router.php(739): Illuminate\\Routing\\Router->dispatchToRoute(Object(Illuminate\\Http\\Request))
#25 C:\\Users\\USER\\Desktop\\Ostad Classes\\PHP_BATCH6\\M22_C3\\blog-project\\vendor\\laravel\\framework\\src\\Illuminate\\Foundation\\Http\\Kernel.php(200): Illuminate\\Routing\\Router->dispatch(Object(Illuminate\\Http\\Request))
#26 C:\\Users\\USER\\Desktop\\Ostad Classes\\PHP_BATCH6\\M22_C3\\blog-project\\vendor\\laravel\\framework\\src\\Illuminate\\Pipeline\\Pipeline.php(169): Illuminate\\Foundation\\Http\\Kernel->Illuminate\\Foundation\\Http\\{closure}(Object(Illuminate\\Http\\Request))
#27 C:\\Users\\USER\\Desktop\\Ostad Classes\\PHP_BATCH6\\M22_C3\\blog-project\\vendor\\laravel\\framework\\src\\Illuminate\\Foundation\\Http\\Middleware\\TransformsRequest.php(21): Illuminate\\Pipeline\\Pipeline->Illuminate\\Pipeline\\{closure}(Object(Illuminate\\Http\\Request))
#28 C:\\Users\\USER\\Desktop\\Ostad Classes\\PHP_BATCH6\\M22_C3\\blog-project\\vendor\\laravel\\framework\\src\\Illuminate\\Foundation\\Http\\Middleware\\ConvertEmptyStringsToNull.php(31): Illuminate\\Foundation\\Http\\Middleware\\TransformsRequest->handle(Object(Illuminate\\Http\\Request), Object(Closure))
#29 C:\\Users\\USER\\Desktop\\Ostad Classes\\PHP_BATCH6\\M22_C3\\blog-project\\vendor\\laravel\\framework\\src\\Illuminate\\Pipeline\\Pipeline.php(208): Illuminate\\Foundation\\Http\\Middleware\\ConvertEmptyStringsToNull->handle(Object(Illuminate\\Http\\Request), Object(Closure))
#30 C:\\Users\\USER\\Desktop\\Ostad Classes\\PHP_BATCH6\\M22_C3\\blog-project\\vendor\\laravel\\framework\\src\\Illuminate\\Foundation\\Http\\Middleware\\TransformsRequest.php(21): Illuminate\\Pipeline\\Pipeline->Illuminate\\Pipeline\\{closure}(Object(Illuminate\\Http\\Request))
#31 C:\\Users\\USER\\Desktop\\Ostad Classes\\PHP_BATCH6\\M22_C3\\blog-project\\vendor\\laravel\\framework\\src\\Illuminate\\Foundation\\Http\\Middleware\\TrimStrings.php(51): Illuminate\\Foundation\\Http\\Middleware\\TransformsRequest->handle(Object(Illuminate\\Http\\Request), Object(Closure))
#32 C:\\Users\\USER\\Desktop\\Ostad Classes\\PHP_BATCH6\\M22_C3\\blog-project\\vendor\\laravel\\framework\\src\\Illuminate\\Pipeline\\Pipeline.php(208): Illuminate\\Foundation\\Http\\Middleware\\TrimStrings->handle(Object(Illuminate\\Http\\Request), Object(Closure))
#33 C:\\Users\\USER\\Desktop\\Ostad Classes\\PHP_BATCH6\\M22_C3\\blog-project\\vendor\\laravel\\framework\\src\\Illuminate\\Http\\Middleware\\ValidatePostSize.php(27): Illuminate\\Pipeline\\Pipeline->Illuminate\\Pipeline\\{closure}(Object(Illuminate\\Http\\Request))
#34 C:\\Users\\USER\\Desktop\\Ostad Classes\\PHP_BATCH6\\M22_C3\\blog-project\\vendor\\laravel\\framework\\src\\Illuminate\\Pipeline\\Pipeline.php(208): Illuminate\\Http\\Middleware\\ValidatePostSize->handle(Object(Illuminate\\Http\\Request), Object(Closure))
#35 C:\\Users\\USER\\Desktop\\Ostad Classes\\PHP_BATCH6\\M22_C3\\blog-project\\vendor\\laravel\\framework\\src\\Illuminate\\Foundation\\Http\\Middleware\\PreventRequestsDuringMaintenance.php(109): Illuminate\\Pipeline\\Pipeline->Illuminate\\Pipeline\\{closure}(Object(Illuminate\\Http\\Request))
#36 C:\\Users\\USER\\Desktop\\Ostad Classes\\PHP_BATCH6\\M22_C3\\blog-project\\vendor\\laravel\\framework\\src\\Illuminate\\Pipeline\\Pipeline.php(208): Illuminate\\Foundation\\Http\\Middleware\\PreventRequestsDuringMaintenance->handle(Object(Illuminate\\Http\\Request), Object(Closure))
#37 C:\\Users\\USER\\Desktop\\Ostad Classes\\PHP_BATCH6\\M22_C3\\blog-project\\vendor\\laravel\\framework\\src\\Illuminate\\Http\\Middleware\\HandleCors.php(48): Illuminate\\Pipeline\\Pipeline->Illuminate\\Pipeline\\{closure}(Object(Illuminate\\Http\\Request))
#38 C:\\Users\\USER\\Desktop\\Ostad Classes\\PHP_BATCH6\\M22_C3\\blog-project\\vendor\\laravel\\framework\\src\\Illuminate\\Pipeline\\Pipeline.php(208): Illuminate\\Http\\Middleware\\HandleCors->handle(Object(Illuminate\\Http\\Request), Object(Closure))
#39 C:\\Users\\USER\\Desktop\\Ostad Classes\\PHP_BATCH6\\M22_C3\\blog-project\\vendor\\laravel\\framework\\src\\Illuminate\\Http\\Middleware\\TrustProxies.php(58): Illuminate\\Pipeline\\Pipeline->Illuminate\\Pipeline\\{closure}(Object(Illuminate\\Http\\Request))
#40 C:\\Users\\USER\\Desktop\\Ostad Classes\\PHP_BATCH6\\M22_C3\\blog-project\\vendor\\laravel\\framework\\src\\Illuminate\\Pipeline\\Pipeline.php(208): Illuminate\\Http\\Middleware\\TrustProxies->handle(Object(Illuminate\\Http\\Request), Object(Closure))
#41 C:\\Users\\USER\\Desktop\\Ostad Classes\\PHP_BATCH6\\M22_C3\\blog-project\\vendor\\laravel\\framework\\src\\Illuminate\\Foundation\\Http\\Middleware\\InvokeDeferredCallbacks.php(22): Illuminate\\Pipeline\\Pipeline->Illuminate\\Pipeline\\{closure}(Object(Illuminate\\Http\\Request))
#42 C:\\Users\\USER\\Desktop\\Ostad Classes\\PHP_BATCH6\\M22_C3\\blog-project\\vendor\\laravel\\framework\\src\\Illuminate\\Pipeline\\Pipeline.php(208): Illuminate\\Foundation\\Http\\Middleware\\InvokeDeferredCallbacks->handle(Object(Illuminate\\Http\\Request), Object(Closure))
#43 C:\\Users\\USER\\Desktop\\Ostad Classes\\PHP_BATCH6\\M22_C3\\blog-project\\vendor\\laravel\\framework\\src\\Illuminate\\Http\\Middleware\\ValidatePathEncoding.php(26): Illuminate\\Pipeline\\Pipeline->Illuminate\\Pipeline\\{closure}(Object(Illuminate\\Http\\Request))
#44 C:\\Users\\USER\\Desktop\\Ostad Classes\\PHP_BATCH6\\M22_C3\\blog-project\\vendor\\laravel\\framework\\src\\Illuminate\\Pipeline\\Pipeline.php(208): Illuminate\\Http\\Middleware\\ValidatePathEncoding->handle(Object(Illuminate\\Http\\Request), Object(Closure))
#45 C:\\Users\\USER\\Desktop\\Ostad Classes\\PHP_BATCH6\\M22_C3\\blog-project\\vendor\\laravel\\framework\\src\\Illuminate\\Pipeline\\Pipeline.php(126): Illuminate\\Pipeline\\Pipeline->Illuminate\\Pipeline\\{closure}(Object(Illuminate\\Http\\Request))
#46 C:\\Users\\USER\\Desktop\\Ostad Classes\\PHP_BATCH6\\M22_C3\\blog-project\\vendor\\laravel\\framework\\src\\Illuminate\\Foundation\\Http\\Kernel.php(175): Illuminate\\Pipeline\\Pipeline->then(Object(Closure))
#47 C:\\Users\\USER\\Desktop\\Ostad Classes\\PHP_BATCH6\\M22_C3\\blog-project\\vendor\\laravel\\framework\\src\\Illuminate\\Foundation\\Http\\Kernel.php(144): Illuminate\\Foundation\\Http\\Kernel->sendRequestThroughRouter(Object(Illuminate\\Http\\Request))
#48 C:\\Users\\USER\\Desktop\\Ostad Classes\\PHP_BATCH6\\M22_C3\\blog-project\\vendor\\laravel\\framework\\src\\Illuminate\\Foundation\\Application.php(1219): Illuminate\\Foundation\\Http\\Kernel->handle(Object(Illuminate\\Http\\Request))
#49 C:\\Users\\USER\\Desktop\\Ostad Classes\\PHP_BATCH6\\M22_C3\\blog-project\\public\\index.php(20): Illuminate\\Foundation\\Application->handleRequest(Object(Illuminate\\Http\\Request))
#50 C:\\Users\\USER\\Desktop\\Ostad Classes\\PHP_BATCH6\\M22_C3\\blog-project\\vendor\\laravel\\framework\\src\\Illuminate\\Foundation\\resources\\server.php(23): require_once('C:\\\\Users\\\\USER\\\\D...')
#51 {main}
"} 
[2025-05-01 18:04:43] local.ERROR: Call to a member function format() on string (View: C:\Users\USER\Desktop\Ostad Classes\PHP_BATCH6\M22_C3\blog-project\resources\views\admin\posts\index.blade.php) {"userId":1,"exception":"[object] (Illuminate\\View\\ViewException(code: 0): Call to a member function format() on string (View: C:\\Users\\USER\\Desktop\\Ostad Classes\\PHP_BATCH6\\M22_C3\\blog-project\\resources\\views\\admin\\posts\\index.blade.php) at C:\\Users\\USER\\Desktop\\Ostad Classes\\PHP_BATCH6\\M22_C3\\blog-project\\storage\\framework\\views\\9289a33442b3d65efc5aa89674bce533.php:45)
[stacktrace]
#0 C:\\Users\\USER\\Desktop\\Ostad Classes\\PHP_BATCH6\\M22_C3\\blog-project\\vendor\\laravel\\framework\\src\\Illuminate\\View\\Engines\\PhpEngine.php(59): Illuminate\\View\\Engines\\CompilerEngine->handleViewException(Object(Error), 1)
#1 C:\\Users\\USER\\Desktop\\Ostad Classes\\PHP_BATCH6\\M22_C3\\blog-project\\vendor\\laravel\\framework\\src\\Illuminate\\View\\Engines\\CompilerEngine.php(74): Illuminate\\View\\Engines\\PhpEngine->evaluatePath('C:\\\\Users\\\\USER\\\\D...', Array)
#2 C:\\Users\\USER\\Desktop\\Ostad Classes\\PHP_BATCH6\\M22_C3\\blog-project\\vendor\\laravel\\framework\\src\\Illuminate\\View\\View.php(208): Illuminate\\View\\Engines\\CompilerEngine->get('C:\\\\Users\\\\USER\\\\D...', Array)
#3 C:\\Users\\USER\\Desktop\\Ostad Classes\\PHP_BATCH6\\M22_C3\\blog-project\\vendor\\laravel\\framework\\src\\Illuminate\\View\\View.php(191): Illuminate\\View\\View->getContents()
#4 C:\\Users\\USER\\Desktop\\Ostad Classes\\PHP_BATCH6\\M22_C3\\blog-project\\vendor\\laravel\\framework\\src\\Illuminate\\View\\View.php(160): Illuminate\\View\\View->renderContents()
#5 C:\\Users\\USER\\Desktop\\Ostad Classes\\PHP_BATCH6\\M22_C3\\blog-project\\vendor\\laravel\\framework\\src\\Illuminate\\Http\\Response.php(78): Illuminate\\View\\View->render()
#6 C:\\Users\\USER\\Desktop\\Ostad Classes\\PHP_BATCH6\\M22_C3\\blog-project\\vendor\\laravel\\framework\\src\\Illuminate\\Http\\Response.php(34): Illuminate\\Http\\Response->setContent(Object(Illuminate\\View\\View))
#7 C:\\Users\\USER\\Desktop\\Ostad Classes\\PHP_BATCH6\\M22_C3\\blog-project\\vendor\\laravel\\framework\\src\\Illuminate\\Routing\\Router.php(924): Illuminate\\Http\\Response->__construct(Object(Illuminate\\View\\View), 200, Array)
#8 C:\\Users\\USER\\Desktop\\Ostad Classes\\PHP_BATCH6\\M22_C3\\blog-project\\vendor\\laravel\\framework\\src\\Illuminate\\Routing\\Router.php(891): Illuminate\\Routing\\Router::toResponse(Object(Illuminate\\Http\\Request), Object(Illuminate\\View\\View))
#9 C:\\Users\\USER\\Desktop\\Ostad Classes\\PHP_BATCH6\\M22_C3\\blog-project\\vendor\\laravel\\framework\\src\\Illuminate\\Routing\\Router.php(807): Illuminate\\Routing\\Router->prepareResponse(Object(Illuminate\\Http\\Request), Object(Illuminate\\View\\View))
#10 C:\\Users\\USER\\Desktop\\Ostad Classes\\PHP_BATCH6\\M22_C3\\blog-project\\vendor\\laravel\\framework\\src\\Illuminate\\Pipeline\\Pipeline.php(169): Illuminate\\Routing\\Router->Illuminate\\Routing\\{closure}(Object(Illuminate\\Http\\Request))
#11 C:\\Users\\USER\\Desktop\\Ostad Classes\\PHP_BATCH6\\M22_C3\\blog-project\\vendor\\laravel\\framework\\src\\Illuminate\\Routing\\Middleware\\SubstituteBindings.php(50): Illuminate\\Pipeline\\Pipeline->Illuminate\\Pipeline\\{closure}(Object(Illuminate\\Http\\Request))
#12 C:\\Users\\USER\\Desktop\\Ostad Classes\\PHP_BATCH6\\M22_C3\\blog-project\\vendor\\laravel\\framework\\src\\Illuminate\\Pipeline\\Pipeline.php(208): Illuminate\\Routing\\Middleware\\SubstituteBindings->handle(Object(Illuminate\\Http\\Request), Object(Closure))
#13 C:\\Users\\USER\\Desktop\\Ostad Classes\\PHP_BATCH6\\M22_C3\\blog-project\\vendor\\laravel\\framework\\src\\Illuminate\\Foundation\\Http\\Middleware\\VerifyCsrfToken.php(87): Illuminate\\Pipeline\\Pipeline->Illuminate\\Pipeline\\{closure}(Object(Illuminate\\Http\\Request))
#14 C:\\Users\\USER\\Desktop\\Ostad Classes\\PHP_BATCH6\\M22_C3\\blog-project\\vendor\\laravel\\framework\\src\\Illuminate\\Pipeline\\Pipeline.php(208): Illuminate\\Foundation\\Http\\Middleware\\VerifyCsrfToken->handle(Object(Illuminate\\Http\\Request), Object(Closure))
#15 C:\\Users\\USER\\Desktop\\Ostad Classes\\PHP_BATCH6\\M22_C3\\blog-project\\vendor\\laravel\\framework\\src\\Illuminate\\View\\Middleware\\ShareErrorsFromSession.php(48): Illuminate\\Pipeline\\Pipeline->Illuminate\\Pipeline\\{closure}(Object(Illuminate\\Http\\Request))
#16 C:\\Users\\USER\\Desktop\\Ostad Classes\\PHP_BATCH6\\M22_C3\\blog-project\\vendor\\laravel\\framework\\src\\Illuminate\\Pipeline\\Pipeline.php(208): Illuminate\\View\\Middleware\\ShareErrorsFromSession->handle(Object(Illuminate\\Http\\Request), Object(Closure))
#17 C:\\Users\\USER\\Desktop\\Ostad Classes\\PHP_BATCH6\\M22_C3\\blog-project\\vendor\\laravel\\framework\\src\\Illuminate\\Session\\Middleware\\StartSession.php(120): Illuminate\\Pipeline\\Pipeline->Illuminate\\Pipeline\\{closure}(Object(Illuminate\\Http\\Request))
#18 C:\\Users\\USER\\Desktop\\Ostad Classes\\PHP_BATCH6\\M22_C3\\blog-project\\vendor\\laravel\\framework\\src\\Illuminate\\Session\\Middleware\\StartSession.php(63): Illuminate\\Session\\Middleware\\StartSession->handleStatefulRequest(Object(Illuminate\\Http\\Request), Object(Illuminate\\Session\\Store), Object(Closure))
#19 C:\\Users\\USER\\Desktop\\Ostad Classes\\PHP_BATCH6\\M22_C3\\blog-project\\vendor\\laravel\\framework\\src\\Illuminate\\Pipeline\\Pipeline.php(208): Illuminate\\Session\\Middleware\\StartSession->handle(Object(Illuminate\\Http\\Request), Object(Closure))
#20 C:\\Users\\USER\\Desktop\\Ostad Classes\\PHP_BATCH6\\M22_C3\\blog-project\\vendor\\laravel\\framework\\src\\Illuminate\\Cookie\\Middleware\\AddQueuedCookiesToResponse.php(36): Illuminate\\Pipeline\\Pipeline->Illuminate\\Pipeline\\{closure}(Object(Illuminate\\Http\\Request))
#21 C:\\Users\\USER\\Desktop\\Ostad Classes\\PHP_BATCH6\\M22_C3\\blog-project\\vendor\\laravel\\framework\\src\\Illuminate\\Pipeline\\Pipeline.php(208): Illuminate\\Cookie\\Middleware\\AddQueuedCookiesToResponse->handle(Object(Illuminate\\Http\\Request), Object(Closure))
#22 C:\\Users\\USER\\Desktop\\Ostad Classes\\PHP_BATCH6\\M22_C3\\blog-project\\vendor\\laravel\\framework\\src\\Illuminate\\Cookie\\Middleware\\EncryptCookies.php(74): Illuminate\\Pipeline\\Pipeline->Illuminate\\Pipeline\\{closure}(Object(Illuminate\\Http\\Request))
#23 C:\\Users\\USER\\Desktop\\Ostad Classes\\PHP_BATCH6\\M22_C3\\blog-project\\vendor\\laravel\\framework\\src\\Illuminate\\Pipeline\\Pipeline.php(208): Illuminate\\Cookie\\Middleware\\EncryptCookies->handle(Object(Illuminate\\Http\\Request), Object(Closure))
#24 C:\\Users\\USER\\Desktop\\Ostad Classes\\PHP_BATCH6\\M22_C3\\blog-project\\vendor\\laravel\\framework\\src\\Illuminate\\Pipeline\\Pipeline.php(126): Illuminate\\Pipeline\\Pipeline->Illuminate\\Pipeline\\{closure}(Object(Illuminate\\Http\\Request))
#25 C:\\Users\\USER\\Desktop\\Ostad Classes\\PHP_BATCH6\\M22_C3\\blog-project\\vendor\\laravel\\framework\\src\\Illuminate\\Routing\\Router.php(807): Illuminate\\Pipeline\\Pipeline->then(Object(Closure))
#26 C:\\Users\\USER\\Desktop\\Ostad Classes\\PHP_BATCH6\\M22_C3\\blog-project\\vendor\\laravel\\framework\\src\\Illuminate\\Routing\\Router.php(786): Illuminate\\Routing\\Router->runRouteWithinStack(Object(Illuminate\\Routing\\Route), Object(Illuminate\\Http\\Request))
#27 C:\\Users\\USER\\Desktop\\Ostad Classes\\PHP_BATCH6\\M22_C3\\blog-project\\vendor\\laravel\\framework\\src\\Illuminate\\Routing\\Router.php(750): Illuminate\\Routing\\Router->runRoute(Object(Illuminate\\Http\\Request), Object(Illuminate\\Routing\\Route))
#28 C:\\Users\\USER\\Desktop\\Ostad Classes\\PHP_BATCH6\\M22_C3\\blog-project\\vendor\\laravel\\framework\\src\\Illuminate\\Routing\\Router.php(739): Illuminate\\Routing\\Router->dispatchToRoute(Object(Illuminate\\Http\\Request))
#29 C:\\Users\\USER\\Desktop\\Ostad Classes\\PHP_BATCH6\\M22_C3\\blog-project\\vendor\\laravel\\framework\\src\\Illuminate\\Foundation\\Http\\Kernel.php(200): Illuminate\\Routing\\Router->dispatch(Object(Illuminate\\Http\\Request))
#30 C:\\Users\\USER\\Desktop\\Ostad Classes\\PHP_BATCH6\\M22_C3\\blog-project\\vendor\\laravel\\framework\\src\\Illuminate\\Pipeline\\Pipeline.php(169): Illuminate\\Foundation\\Http\\Kernel->Illuminate\\Foundation\\Http\\{closure}(Object(Illuminate\\Http\\Request))
#31 C:\\Users\\USER\\Desktop\\Ostad Classes\\PHP_BATCH6\\M22_C3\\blog-project\\vendor\\laravel\\framework\\src\\Illuminate\\Foundation\\Http\\Middleware\\TransformsRequest.php(21): Illuminate\\Pipeline\\Pipeline->Illuminate\\Pipeline\\{closure}(Object(Illuminate\\Http\\Request))
#32 C:\\Users\\USER\\Desktop\\Ostad Classes\\PHP_BATCH6\\M22_C3\\blog-project\\vendor\\laravel\\framework\\src\\Illuminate\\Foundation\\Http\\Middleware\\ConvertEmptyStringsToNull.php(31): Illuminate\\Foundation\\Http\\Middleware\\TransformsRequest->handle(Object(Illuminate\\Http\\Request), Object(Closure))
#33 C:\\Users\\USER\\Desktop\\Ostad Classes\\PHP_BATCH6\\M22_C3\\blog-project\\vendor\\laravel\\framework\\src\\Illuminate\\Pipeline\\Pipeline.php(208): Illuminate\\Foundation\\Http\\Middleware\\ConvertEmptyStringsToNull->handle(Object(Illuminate\\Http\\Request), Object(Closure))
#34 C:\\Users\\USER\\Desktop\\Ostad Classes\\PHP_BATCH6\\M22_C3\\blog-project\\vendor\\laravel\\framework\\src\\Illuminate\\Foundation\\Http\\Middleware\\TransformsRequest.php(21): Illuminate\\Pipeline\\Pipeline->Illuminate\\Pipeline\\{closure}(Object(Illuminate\\Http\\Request))
#35 C:\\Users\\USER\\Desktop\\Ostad Classes\\PHP_BATCH6\\M22_C3\\blog-project\\vendor\\laravel\\framework\\src\\Illuminate\\Foundation\\Http\\Middleware\\TrimStrings.php(51): Illuminate\\Foundation\\Http\\Middleware\\TransformsRequest->handle(Object(Illuminate\\Http\\Request), Object(Closure))
#36 C:\\Users\\USER\\Desktop\\Ostad Classes\\PHP_BATCH6\\M22_C3\\blog-project\\vendor\\laravel\\framework\\src\\Illuminate\\Pipeline\\Pipeline.php(208): Illuminate\\Foundation\\Http\\Middleware\\TrimStrings->handle(Object(Illuminate\\Http\\Request), Object(Closure))
#37 C:\\Users\\USER\\Desktop\\Ostad Classes\\PHP_BATCH6\\M22_C3\\blog-project\\vendor\\laravel\\framework\\src\\Illuminate\\Http\\Middleware\\ValidatePostSize.php(27): Illuminate\\Pipeline\\Pipeline->Illuminate\\Pipeline\\{closure}(Object(Illuminate\\Http\\Request))
#38 C:\\Users\\USER\\Desktop\\Ostad Classes\\PHP_BATCH6\\M22_C3\\blog-project\\vendor\\laravel\\framework\\src\\Illuminate\\Pipeline\\Pipeline.php(208): Illuminate\\Http\\Middleware\\ValidatePostSize->handle(Object(Illuminate\\Http\\Request), Object(Closure))
#39 C:\\Users\\USER\\Desktop\\Ostad Classes\\PHP_BATCH6\\M22_C3\\blog-project\\vendor\\laravel\\framework\\src\\Illuminate\\Foundation\\Http\\Middleware\\PreventRequestsDuringMaintenance.php(109): Illuminate\\Pipeline\\Pipeline->Illuminate\\Pipeline\\{closure}(Object(Illuminate\\Http\\Request))
#40 C:\\Users\\USER\\Desktop\\Ostad Classes\\PHP_BATCH6\\M22_C3\\blog-project\\vendor\\laravel\\framework\\src\\Illuminate\\Pipeline\\Pipeline.php(208): Illuminate\\Foundation\\Http\\Middleware\\PreventRequestsDuringMaintenance->handle(Object(Illuminate\\Http\\Request), Object(Closure))
#41 C:\\Users\\USER\\Desktop\\Ostad Classes\\PHP_BATCH6\\M22_C3\\blog-project\\vendor\\laravel\\framework\\src\\Illuminate\\Http\\Middleware\\HandleCors.php(48): Illuminate\\Pipeline\\Pipeline->Illuminate\\Pipeline\\{closure}(Object(Illuminate\\Http\\Request))
#42 C:\\Users\\USER\\Desktop\\Ostad Classes\\PHP_BATCH6\\M22_C3\\blog-project\\vendor\\laravel\\framework\\src\\Illuminate\\Pipeline\\Pipeline.php(208): Illuminate\\Http\\Middleware\\HandleCors->handle(Object(Illuminate\\Http\\Request), Object(Closure))
#43 C:\\Users\\USER\\Desktop\\Ostad Classes\\PHP_BATCH6\\M22_C3\\blog-project\\vendor\\laravel\\framework\\src\\Illuminate\\Http\\Middleware\\TrustProxies.php(58): Illuminate\\Pipeline\\Pipeline->Illuminate\\Pipeline\\{closure}(Object(Illuminate\\Http\\Request))
#44 C:\\Users\\USER\\Desktop\\Ostad Classes\\PHP_BATCH6\\M22_C3\\blog-project\\vendor\\laravel\\framework\\src\\Illuminate\\Pipeline\\Pipeline.php(208): Illuminate\\Http\\Middleware\\TrustProxies->handle(Object(Illuminate\\Http\\Request), Object(Closure))
#45 C:\\Users\\USER\\Desktop\\Ostad Classes\\PHP_BATCH6\\M22_C3\\blog-project\\vendor\\laravel\\framework\\src\\Illuminate\\Foundation\\Http\\Middleware\\InvokeDeferredCallbacks.php(22): Illuminate\\Pipeline\\Pipeline->Illuminate\\Pipeline\\{closure}(Object(Illuminate\\Http\\Request))
#46 C:\\Users\\USER\\Desktop\\Ostad Classes\\PHP_BATCH6\\M22_C3\\blog-project\\vendor\\laravel\\framework\\src\\Illuminate\\Pipeline\\Pipeline.php(208): Illuminate\\Foundation\\Http\\Middleware\\InvokeDeferredCallbacks->handle(Object(Illuminate\\Http\\Request), Object(Closure))
#47 C:\\Users\\USER\\Desktop\\Ostad Classes\\PHP_BATCH6\\M22_C3\\blog-project\\vendor\\laravel\\framework\\src\\Illuminate\\Http\\Middleware\\ValidatePathEncoding.php(26): Illuminate\\Pipeline\\Pipeline->Illuminate\\Pipeline\\{closure}(Object(Illuminate\\Http\\Request))
#48 C:\\Users\\USER\\Desktop\\Ostad Classes\\PHP_BATCH6\\M22_C3\\blog-project\\vendor\\laravel\\framework\\src\\Illuminate\\Pipeline\\Pipeline.php(208): Illuminate\\Http\\Middleware\\ValidatePathEncoding->handle(Object(Illuminate\\Http\\Request), Object(Closure))
#49 C:\\Users\\USER\\Desktop\\Ostad Classes\\PHP_BATCH6\\M22_C3\\blog-project\\vendor\\laravel\\framework\\src\\Illuminate\\Pipeline\\Pipeline.php(126): Illuminate\\Pipeline\\Pipeline->Illuminate\\Pipeline\\{closure}(Object(Illuminate\\Http\\Request))
#50 C:\\Users\\USER\\Desktop\\Ostad Classes\\PHP_BATCH6\\M22_C3\\blog-project\\vendor\\laravel\\framework\\src\\Illuminate\\Foundation\\Http\\Kernel.php(175): Illuminate\\Pipeline\\Pipeline->then(Object(Closure))
#51 C:\\Users\\USER\\Desktop\\Ostad Classes\\PHP_BATCH6\\M22_C3\\blog-project\\vendor\\laravel\\framework\\src\\Illuminate\\Foundation\\Http\\Kernel.php(144): Illuminate\\Foundation\\Http\\Kernel->sendRequestThroughRouter(Object(Illuminate\\Http\\Request))
#52 C:\\Users\\USER\\Desktop\\Ostad Classes\\PHP_BATCH6\\M22_C3\\blog-project\\vendor\\laravel\\framework\\src\\Illuminate\\Foundation\\Application.php(1219): Illuminate\\Foundation\\Http\\Kernel->handle(Object(Illuminate\\Http\\Request))
#53 C:\\Users\\USER\\Desktop\\Ostad Classes\\PHP_BATCH6\\M22_C3\\blog-project\\public\\index.php(20): Illuminate\\Foundation\\Application->handleRequest(Object(Illuminate\\Http\\Request))
#54 C:\\Users\\USER\\Desktop\\Ostad Classes\\PHP_BATCH6\\M22_C3\\blog-project\\vendor\\laravel\\framework\\src\\Illuminate\\Foundation\\resources\\server.php(23): require_once('C:\\\\Users\\\\USER\\\\D...')
#55 {main}

[previous exception] [object] (Error(code: 0): Call to a member function format() on string at C:\\Users\\USER\\Desktop\\Ostad Classes\\PHP_BATCH6\\M22_C3\\blog-project\\storage\\framework\\views\\9289a33442b3d65efc5aa89674bce533.php:45)
[stacktrace]
#0 C:\\Users\\USER\\Desktop\\Ostad Classes\\PHP_BATCH6\\M22_C3\\blog-project\\vendor\\laravel\\framework\\src\\Illuminate\\Filesystem\\Filesystem.php(123): require()
#1 C:\\Users\\USER\\Desktop\\Ostad Classes\\PHP_BATCH6\\M22_C3\\blog-project\\vendor\\laravel\\framework\\src\\Illuminate\\Filesystem\\Filesystem.php(124): Illuminate\\Filesystem\\Filesystem::Illuminate\\Filesystem\\{closure}()
#2 C:\\Users\\USER\\Desktop\\Ostad Classes\\PHP_BATCH6\\M22_C3\\blog-project\\vendor\\laravel\\framework\\src\\Illuminate\\View\\Engines\\PhpEngine.php(57): Illuminate\\Filesystem\\Filesystem->getRequire('C:\\\\Users\\\\USER\\\\D...', Array)
#3 C:\\Users\\USER\\Desktop\\Ostad Classes\\PHP_BATCH6\\M22_C3\\blog-project\\vendor\\laravel\\framework\\src\\Illuminate\\View\\Engines\\CompilerEngine.php(74): Illuminate\\View\\Engines\\PhpEngine->evaluatePath('C:\\\\Users\\\\USER\\\\D...', Array)
#4 C:\\Users\\USER\\Desktop\\Ostad Classes\\PHP_BATCH6\\M22_C3\\blog-project\\vendor\\laravel\\framework\\src\\Illuminate\\View\\View.php(208): Illuminate\\View\\Engines\\CompilerEngine->get('C:\\\\Users\\\\USER\\\\D...', Array)
#5 C:\\Users\\USER\\Desktop\\Ostad Classes\\PHP_BATCH6\\M22_C3\\blog-project\\vendor\\laravel\\framework\\src\\Illuminate\\View\\View.php(191): Illuminate\\View\\View->getContents()
#6 C:\\Users\\USER\\Desktop\\Ostad Classes\\PHP_BATCH6\\M22_C3\\blog-project\\vendor\\laravel\\framework\\src\\Illuminate\\View\\View.php(160): Illuminate\\View\\View->renderContents()
#7 C:\\Users\\USER\\Desktop\\Ostad Classes\\PHP_BATCH6\\M22_C3\\blog-project\\vendor\\laravel\\framework\\src\\Illuminate\\Http\\Response.php(78): Illuminate\\View\\View->render()
#8 C:\\Users\\USER\\Desktop\\Ostad Classes\\PHP_BATCH6\\M22_C3\\blog-project\\vendor\\laravel\\framework\\src\\Illuminate\\Http\\Response.php(34): Illuminate\\Http\\Response->setContent(Object(Illuminate\\View\\View))
#9 C:\\Users\\USER\\Desktop\\Ostad Classes\\PHP_BATCH6\\M22_C3\\blog-project\\vendor\\laravel\\framework\\src\\Illuminate\\Routing\\Router.php(924): Illuminate\\Http\\Response->__construct(Object(Illuminate\\View\\View), 200, Array)
#10 C:\\Users\\USER\\Desktop\\Ostad Classes\\PHP_BATCH6\\M22_C3\\blog-project\\vendor\\laravel\\framework\\src\\Illuminate\\Routing\\Router.php(891): Illuminate\\Routing\\Router::toResponse(Object(Illuminate\\Http\\Request), Object(Illuminate\\View\\View))
#11 C:\\Users\\USER\\Desktop\\Ostad Classes\\PHP_BATCH6\\M22_C3\\blog-project\\vendor\\laravel\\framework\\src\\Illuminate\\Routing\\Router.php(807): Illuminate\\Routing\\Router->prepareResponse(Object(Illuminate\\Http\\Request), Object(Illuminate\\View\\View))
#12 C:\\Users\\USER\\Desktop\\Ostad Classes\\PHP_BATCH6\\M22_C3\\blog-project\\vendor\\laravel\\framework\\src\\Illuminate\\Pipeline\\Pipeline.php(169): Illuminate\\Routing\\Router->Illuminate\\Routing\\{closure}(Object(Illuminate\\Http\\Request))
#13 C:\\Users\\USER\\Desktop\\Ostad Classes\\PHP_BATCH6\\M22_C3\\blog-project\\vendor\\laravel\\framework\\src\\Illuminate\\Routing\\Middleware\\SubstituteBindings.php(50): Illuminate\\Pipeline\\Pipeline->Illuminate\\Pipeline\\{closure}(Object(Illuminate\\Http\\Request))
#14 C:\\Users\\USER\\Desktop\\Ostad Classes\\PHP_BATCH6\\M22_C3\\blog-project\\vendor\\laravel\\framework\\src\\Illuminate\\Pipeline\\Pipeline.php(208): Illuminate\\Routing\\Middleware\\SubstituteBindings->handle(Object(Illuminate\\Http\\Request), Object(Closure))
#15 C:\\Users\\USER\\Desktop\\Ostad Classes\\PHP_BATCH6\\M22_C3\\blog-project\\vendor\\laravel\\framework\\src\\Illuminate\\Foundation\\Http\\Middleware\\VerifyCsrfToken.php(87): Illuminate\\Pipeline\\Pipeline->Illuminate\\Pipeline\\{closure}(Object(Illuminate\\Http\\Request))
#16 C:\\Users\\USER\\Desktop\\Ostad Classes\\PHP_BATCH6\\M22_C3\\blog-project\\vendor\\laravel\\framework\\src\\Illuminate\\Pipeline\\Pipeline.php(208): Illuminate\\Foundation\\Http\\Middleware\\VerifyCsrfToken->handle(Object(Illuminate\\Http\\Request), Object(Closure))
#17 C:\\Users\\USER\\Desktop\\Ostad Classes\\PHP_BATCH6\\M22_C3\\blog-project\\vendor\\laravel\\framework\\src\\Illuminate\\View\\Middleware\\ShareErrorsFromSession.php(48): Illuminate\\Pipeline\\Pipeline->Illuminate\\Pipeline\\{closure}(Object(Illuminate\\Http\\Request))
#18 C:\\Users\\USER\\Desktop\\Ostad Classes\\PHP_BATCH6\\M22_C3\\blog-project\\vendor\\laravel\\framework\\src\\Illuminate\\Pipeline\\Pipeline.php(208): Illuminate\\View\\Middleware\\ShareErrorsFromSession->handle(Object(Illuminate\\Http\\Request), Object(Closure))
#19 C:\\Users\\USER\\Desktop\\Ostad Classes\\PHP_BATCH6\\M22_C3\\blog-project\\vendor\\laravel\\framework\\src\\Illuminate\\Session\\Middleware\\StartSession.php(120): Illuminate\\Pipeline\\Pipeline->Illuminate\\Pipeline\\{closure}(Object(Illuminate\\Http\\Request))
#20 C:\\Users\\USER\\Desktop\\Ostad Classes\\PHP_BATCH6\\M22_C3\\blog-project\\vendor\\laravel\\framework\\src\\Illuminate\\Session\\Middleware\\StartSession.php(63): Illuminate\\Session\\Middleware\\StartSession->handleStatefulRequest(Object(Illuminate\\Http\\Request), Object(Illuminate\\Session\\Store), Object(Closure))
#21 C:\\Users\\USER\\Desktop\\Ostad Classes\\PHP_BATCH6\\M22_C3\\blog-project\\vendor\\laravel\\framework\\src\\Illuminate\\Pipeline\\Pipeline.php(208): Illuminate\\Session\\Middleware\\StartSession->handle(Object(Illuminate\\Http\\Request), Object(Closure))
#22 C:\\Users\\USER\\Desktop\\Ostad Classes\\PHP_BATCH6\\M22_C3\\blog-project\\vendor\\laravel\\framework\\src\\Illuminate\\Cookie\\Middleware\\AddQueuedCookiesToResponse.php(36): Illuminate\\Pipeline\\Pipeline->Illuminate\\Pipeline\\{closure}(Object(Illuminate\\Http\\Request))
#23 C:\\Users\\USER\\Desktop\\Ostad Classes\\PHP_BATCH6\\M22_C3\\blog-project\\vendor\\laravel\\framework\\src\\Illuminate\\Pipeline\\Pipeline.php(208): Illuminate\\Cookie\\Middleware\\AddQueuedCookiesToResponse->handle(Object(Illuminate\\Http\\Request), Object(Closure))
#24 C:\\Users\\USER\\Desktop\\Ostad Classes\\PHP_BATCH6\\M22_C3\\blog-project\\vendor\\laravel\\framework\\src\\Illuminate\\Cookie\\Middleware\\EncryptCookies.php(74): Illuminate\\Pipeline\\Pipeline->Illuminate\\Pipeline\\{closure}(Object(Illuminate\\Http\\Request))
#25 C:\\Users\\USER\\Desktop\\Ostad Classes\\PHP_BATCH6\\M22_C3\\blog-project\\vendor\\laravel\\framework\\src\\Illuminate\\Pipeline\\Pipeline.php(208): Illuminate\\Cookie\\Middleware\\EncryptCookies->handle(Object(Illuminate\\Http\\Request), Object(Closure))
#26 C:\\Users\\USER\\Desktop\\Ostad Classes\\PHP_BATCH6\\M22_C3\\blog-project\\vendor\\laravel\\framework\\src\\Illuminate\\Pipeline\\Pipeline.php(126): Illuminate\\Pipeline\\Pipeline->Illuminate\\Pipeline\\{closure}(Object(Illuminate\\Http\\Request))
#27 C:\\Users\\USER\\Desktop\\Ostad Classes\\PHP_BATCH6\\M22_C3\\blog-project\\vendor\\laravel\\framework\\src\\Illuminate\\Routing\\Router.php(807): Illuminate\\Pipeline\\Pipeline->then(Object(Closure))
#28 C:\\Users\\USER\\Desktop\\Ostad Classes\\PHP_BATCH6\\M22_C3\\blog-project\\vendor\\laravel\\framework\\src\\Illuminate\\Routing\\Router.php(786): Illuminate\\Routing\\Router->runRouteWithinStack(Object(Illuminate\\Routing\\Route), Object(Illuminate\\Http\\Request))
#29 C:\\Users\\USER\\Desktop\\Ostad Classes\\PHP_BATCH6\\M22_C3\\blog-project\\vendor\\laravel\\framework\\src\\Illuminate\\Routing\\Router.php(750): Illuminate\\Routing\\Router->runRoute(Object(Illuminate\\Http\\Request), Object(Illuminate\\Routing\\Route))
#30 C:\\Users\\USER\\Desktop\\Ostad Classes\\PHP_BATCH6\\M22_C3\\blog-project\\vendor\\laravel\\framework\\src\\Illuminate\\Routing\\Router.php(739): Illuminate\\Routing\\Router->dispatchToRoute(Object(Illuminate\\Http\\Request))
#31 C:\\Users\\USER\\Desktop\\Ostad Classes\\PHP_BATCH6\\M22_C3\\blog-project\\vendor\\laravel\\framework\\src\\Illuminate\\Foundation\\Http\\Kernel.php(200): Illuminate\\Routing\\Router->dispatch(Object(Illuminate\\Http\\Request))
#32 C:\\Users\\USER\\Desktop\\Ostad Classes\\PHP_BATCH6\\M22_C3\\blog-project\\vendor\\laravel\\framework\\src\\Illuminate\\Pipeline\\Pipeline.php(169): Illuminate\\Foundation\\Http\\Kernel->Illuminate\\Foundation\\Http\\{closure}(Object(Illuminate\\Http\\Request))
#33 C:\\Users\\USER\\Desktop\\Ostad Classes\\PHP_BATCH6\\M22_C3\\blog-project\\vendor\\laravel\\framework\\src\\Illuminate\\Foundation\\Http\\Middleware\\TransformsRequest.php(21): Illuminate\\Pipeline\\Pipeline->Illuminate\\Pipeline\\{closure}(Object(Illuminate\\Http\\Request))
#34 C:\\Users\\USER\\Desktop\\Ostad Classes\\PHP_BATCH6\\M22_C3\\blog-project\\vendor\\laravel\\framework\\src\\Illuminate\\Foundation\\Http\\Middleware\\ConvertEmptyStringsToNull.php(31): Illuminate\\Foundation\\Http\\Middleware\\TransformsRequest->handle(Object(Illuminate\\Http\\Request), Object(Closure))
#35 C:\\Users\\USER\\Desktop\\Ostad Classes\\PHP_BATCH6\\M22_C3\\blog-project\\vendor\\laravel\\framework\\src\\Illuminate\\Pipeline\\Pipeline.php(208): Illuminate\\Foundation\\Http\\Middleware\\ConvertEmptyStringsToNull->handle(Object(Illuminate\\Http\\Request), Object(Closure))
#36 C:\\Users\\USER\\Desktop\\Ostad Classes\\PHP_BATCH6\\M22_C3\\blog-project\\vendor\\laravel\\framework\\src\\Illuminate\\Foundation\\Http\\Middleware\\TransformsRequest.php(21): Illuminate\\Pipeline\\Pipeline->Illuminate\\Pipeline\\{closure}(Object(Illuminate\\Http\\Request))
#37 C:\\Users\\USER\\Desktop\\Ostad Classes\\PHP_BATCH6\\M22_C3\\blog-project\\vendor\\laravel\\framework\\src\\Illuminate\\Foundation\\Http\\Middleware\\TrimStrings.php(51): Illuminate\\Foundation\\Http\\Middleware\\TransformsRequest->handle(Object(Illuminate\\Http\\Request), Object(Closure))
#38 C:\\Users\\USER\\Desktop\\Ostad Classes\\PHP_BATCH6\\M22_C3\\blog-project\\vendor\\laravel\\framework\\src\\Illuminate\\Pipeline\\Pipeline.php(208): Illuminate\\Foundation\\Http\\Middleware\\TrimStrings->handle(Object(Illuminate\\Http\\Request), Object(Closure))
#39 C:\\Users\\USER\\Desktop\\Ostad Classes\\PHP_BATCH6\\M22_C3\\blog-project\\vendor\\laravel\\framework\\src\\Illuminate\\Http\\Middleware\\ValidatePostSize.php(27): Illuminate\\Pipeline\\Pipeline->Illuminate\\Pipeline\\{closure}(Object(Illuminate\\Http\\Request))
#40 C:\\Users\\USER\\Desktop\\Ostad Classes\\PHP_BATCH6\\M22_C3\\blog-project\\vendor\\laravel\\framework\\src\\Illuminate\\Pipeline\\Pipeline.php(208): Illuminate\\Http\\Middleware\\ValidatePostSize->handle(Object(Illuminate\\Http\\Request), Object(Closure))
#41 C:\\Users\\USER\\Desktop\\Ostad Classes\\PHP_BATCH6\\M22_C3\\blog-project\\vendor\\laravel\\framework\\src\\Illuminate\\Foundation\\Http\\Middleware\\PreventRequestsDuringMaintenance.php(109): Illuminate\\Pipeline\\Pipeline->Illuminate\\Pipeline\\{closure}(Object(Illuminate\\Http\\Request))
#42 C:\\Users\\USER\\Desktop\\Ostad Classes\\PHP_BATCH6\\M22_C3\\blog-project\\vendor\\laravel\\framework\\src\\Illuminate\\Pipeline\\Pipeline.php(208): Illuminate\\Foundation\\Http\\Middleware\\PreventRequestsDuringMaintenance->handle(Object(Illuminate\\Http\\Request), Object(Closure))
#43 C:\\Users\\USER\\Desktop\\Ostad Classes\\PHP_BATCH6\\M22_C3\\blog-project\\vendor\\laravel\\framework\\src\\Illuminate\\Http\\Middleware\\HandleCors.php(48): Illuminate\\Pipeline\\Pipeline->Illuminate\\Pipeline\\{closure}(Object(Illuminate\\Http\\Request))
#44 C:\\Users\\USER\\Desktop\\Ostad Classes\\PHP_BATCH6\\M22_C3\\blog-project\\vendor\\laravel\\framework\\src\\Illuminate\\Pipeline\\Pipeline.php(208): Illuminate\\Http\\Middleware\\HandleCors->handle(Object(Illuminate\\Http\\Request), Object(Closure))
#45 C:\\Users\\USER\\Desktop\\Ostad Classes\\PHP_BATCH6\\M22_C3\\blog-project\\vendor\\laravel\\framework\\src\\Illuminate\\Http\\Middleware\\TrustProxies.php(58): Illuminate\\Pipeline\\Pipeline->Illuminate\\Pipeline\\{closure}(Object(Illuminate\\Http\\Request))
#46 C:\\Users\\USER\\Desktop\\Ostad Classes\\PHP_BATCH6\\M22_C3\\blog-project\\vendor\\laravel\\framework\\src\\Illuminate\\Pipeline\\Pipeline.php(208): Illuminate\\Http\\Middleware\\TrustProxies->handle(Object(Illuminate\\Http\\Request), Object(Closure))
#47 C:\\Users\\USER\\Desktop\\Ostad Classes\\PHP_BATCH6\\M22_C3\\blog-project\\vendor\\laravel\\framework\\src\\Illuminate\\Foundation\\Http\\Middleware\\InvokeDeferredCallbacks.php(22): Illuminate\\Pipeline\\Pipeline->Illuminate\\Pipeline\\{closure}(Object(Illuminate\\Http\\Request))
#48 C:\\Users\\USER\\Desktop\\Ostad Classes\\PHP_BATCH6\\M22_C3\\blog-project\\vendor\\laravel\\framework\\src\\Illuminate\\Pipeline\\Pipeline.php(208): Illuminate\\Foundation\\Http\\Middleware\\InvokeDeferredCallbacks->handle(Object(Illuminate\\Http\\Request), Object(Closure))
#49 C:\\Users\\USER\\Desktop\\Ostad Classes\\PHP_BATCH6\\M22_C3\\blog-project\\vendor\\laravel\\framework\\src\\Illuminate\\Http\\Middleware\\ValidatePathEncoding.php(26): Illuminate\\Pipeline\\Pipeline->Illuminate\\Pipeline\\{closure}(Object(Illuminate\\Http\\Request))
#50 C:\\Users\\USER\\Desktop\\Ostad Classes\\PHP_BATCH6\\M22_C3\\blog-project\\vendor\\laravel\\framework\\src\\Illuminate\\Pipeline\\Pipeline.php(208): Illuminate\\Http\\Middleware\\ValidatePathEncoding->handle(Object(Illuminate\\Http\\Request), Object(Closure))
#51 C:\\Users\\USER\\Desktop\\Ostad Classes\\PHP_BATCH6\\M22_C3\\blog-project\\vendor\\laravel\\framework\\src\\Illuminate\\Pipeline\\Pipeline.php(126): Illuminate\\Pipeline\\Pipeline->Illuminate\\Pipeline\\{closure}(Object(Illuminate\\Http\\Request))
#52 C:\\Users\\USER\\Desktop\\Ostad Classes\\PHP_BATCH6\\M22_C3\\blog-project\\vendor\\laravel\\framework\\src\\Illuminate\\Foundation\\Http\\Kernel.php(175): Illuminate\\Pipeline\\Pipeline->then(Object(Closure))
#53 C:\\Users\\USER\\Desktop\\Ostad Classes\\PHP_BATCH6\\M22_C3\\blog-project\\vendor\\laravel\\framework\\src\\Illuminate\\Foundation\\Http\\Kernel.php(144): Illuminate\\Foundation\\Http\\Kernel->sendRequestThroughRouter(Object(Illuminate\\Http\\Request))
#54 C:\\Users\\USER\\Desktop\\Ostad Classes\\PHP_BATCH6\\M22_C3\\blog-project\\vendor\\laravel\\framework\\src\\Illuminate\\Foundation\\Application.php(1219): Illuminate\\Foundation\\Http\\Kernel->handle(Object(Illuminate\\Http\\Request))
#55 C:\\Users\\USER\\Desktop\\Ostad Classes\\PHP_BATCH6\\M22_C3\\blog-project\\public\\index.php(20): Illuminate\\Foundation\\Application->handleRequest(Object(Illuminate\\Http\\Request))
#56 C:\\Users\\USER\\Desktop\\Ostad Classes\\PHP_BATCH6\\M22_C3\\blog-project\\vendor\\laravel\\framework\\src\\Illuminate\\Foundation\\resources\\server.php(23): require_once('C:\\\\Users\\\\USER\\\\D...')
#57 {main}
"} 
[2025-05-02 00:21:16] local.ERROR: Attempt to read property "id" on null {"exception":"[object] (ErrorException(code: 0): Attempt to read property \"id\" on null at C:\\Users\\USER\\Desktop\\Ostad Classes\\PHP_BATCH6\\M22_C3\\blog-project\\app\\Http\\Controllers\\AuthController.php:17)
[stacktrace]
#0 C:\\Users\\USER\\Desktop\\Ostad Classes\\PHP_BATCH6\\M22_C3\\blog-project\\vendor\\laravel\\framework\\src\\Illuminate\\Foundation\\Bootstrap\\HandleExceptions.php(256): Illuminate\\Foundation\\Bootstrap\\HandleExceptions->handleError(2, 'Attempt to read...', 'C:\\\\Users\\\\USER\\\\D...', 17)
#1 C:\\Users\\USER\\Desktop\\Ostad Classes\\PHP_BATCH6\\M22_C3\\blog-project\\app\\Http\\Controllers\\AuthController.php(17): Illuminate\\Foundation\\Bootstrap\\HandleExceptions->Illuminate\\Foundation\\Bootstrap\\{closure}(2, 'Attempt to read...', 'C:\\\\Users\\\\USER\\\\D...', 17)
#2 C:\\Users\\USER\\Desktop\\Ostad Classes\\PHP_BATCH6\\M22_C3\\blog-project\\vendor\\laravel\\framework\\src\\Illuminate\\Routing\\ControllerDispatcher.php(46): App\\Http\\Controllers\\AuthController->dashboard()
#3 C:\\Users\\USER\\Desktop\\Ostad Classes\\PHP_BATCH6\\M22_C3\\blog-project\\vendor\\laravel\\framework\\src\\Illuminate\\Routing\\Route.php(265): Illuminate\\Routing\\ControllerDispatcher->dispatch(Object(Illuminate\\Routing\\Route), Object(App\\Http\\Controllers\\AuthController), 'dashboard')
#4 C:\\Users\\USER\\Desktop\\Ostad Classes\\PHP_BATCH6\\M22_C3\\blog-project\\vendor\\laravel\\framework\\src\\Illuminate\\Routing\\Route.php(211): Illuminate\\Routing\\Route->runController()
#5 C:\\Users\\USER\\Desktop\\Ostad Classes\\PHP_BATCH6\\M22_C3\\blog-project\\vendor\\laravel\\framework\\src\\Illuminate\\Routing\\Router.php(808): Illuminate\\Routing\\Route->run()
#6 C:\\Users\\USER\\Desktop\\Ostad Classes\\PHP_BATCH6\\M22_C3\\blog-project\\vendor\\laravel\\framework\\src\\Illuminate\\Pipeline\\Pipeline.php(169): Illuminate\\Routing\\Router->Illuminate\\Routing\\{closure}(Object(Illuminate\\Http\\Request))
#7 C:\\Users\\USER\\Desktop\\Ostad Classes\\PHP_BATCH6\\M22_C3\\blog-project\\vendor\\laravel\\framework\\src\\Illuminate\\Routing\\Middleware\\SubstituteBindings.php(50): Illuminate\\Pipeline\\Pipeline->Illuminate\\Pipeline\\{closure}(Object(Illuminate\\Http\\Request))
#8 C:\\Users\\USER\\Desktop\\Ostad Classes\\PHP_BATCH6\\M22_C3\\blog-project\\vendor\\laravel\\framework\\src\\Illuminate\\Pipeline\\Pipeline.php(208): Illuminate\\Routing\\Middleware\\SubstituteBindings->handle(Object(Illuminate\\Http\\Request), Object(Closure))
#9 C:\\Users\\USER\\Desktop\\Ostad Classes\\PHP_BATCH6\\M22_C3\\blog-project\\vendor\\laravel\\framework\\src\\Illuminate\\Foundation\\Http\\Middleware\\VerifyCsrfToken.php(87): Illuminate\\Pipeline\\Pipeline->Illuminate\\Pipeline\\{closure}(Object(Illuminate\\Http\\Request))
#10 C:\\Users\\USER\\Desktop\\Ostad Classes\\PHP_BATCH6\\M22_C3\\blog-project\\vendor\\laravel\\framework\\src\\Illuminate\\Pipeline\\Pipeline.php(208): Illuminate\\Foundation\\Http\\Middleware\\VerifyCsrfToken->handle(Object(Illuminate\\Http\\Request), Object(Closure))
#11 C:\\Users\\USER\\Desktop\\Ostad Classes\\PHP_BATCH6\\M22_C3\\blog-project\\vendor\\laravel\\framework\\src\\Illuminate\\View\\Middleware\\ShareErrorsFromSession.php(48): Illuminate\\Pipeline\\Pipeline->Illuminate\\Pipeline\\{closure}(Object(Illuminate\\Http\\Request))
#12 C:\\Users\\USER\\Desktop\\Ostad Classes\\PHP_BATCH6\\M22_C3\\blog-project\\vendor\\laravel\\framework\\src\\Illuminate\\Pipeline\\Pipeline.php(208): Illuminate\\View\\Middleware\\ShareErrorsFromSession->handle(Object(Illuminate\\Http\\Request), Object(Closure))
#13 C:\\Users\\USER\\Desktop\\Ostad Classes\\PHP_BATCH6\\M22_C3\\blog-project\\vendor\\laravel\\framework\\src\\Illuminate\\Session\\Middleware\\StartSession.php(120): Illuminate\\Pipeline\\Pipeline->Illuminate\\Pipeline\\{closure}(Object(Illuminate\\Http\\Request))
#14 C:\\Users\\USER\\Desktop\\Ostad Classes\\PHP_BATCH6\\M22_C3\\blog-project\\vendor\\laravel\\framework\\src\\Illuminate\\Session\\Middleware\\StartSession.php(63): Illuminate\\Session\\Middleware\\StartSession->handleStatefulRequest(Object(Illuminate\\Http\\Request), Object(Illuminate\\Session\\Store), Object(Closure))
#15 C:\\Users\\USER\\Desktop\\Ostad Classes\\PHP_BATCH6\\M22_C3\\blog-project\\vendor\\laravel\\framework\\src\\Illuminate\\Pipeline\\Pipeline.php(208): Illuminate\\Session\\Middleware\\StartSession->handle(Object(Illuminate\\Http\\Request), Object(Closure))
#16 C:\\Users\\USER\\Desktop\\Ostad Classes\\PHP_BATCH6\\M22_C3\\blog-project\\vendor\\laravel\\framework\\src\\Illuminate\\Cookie\\Middleware\\AddQueuedCookiesToResponse.php(36): Illuminate\\Pipeline\\Pipeline->Illuminate\\Pipeline\\{closure}(Object(Illuminate\\Http\\Request))
#17 C:\\Users\\USER\\Desktop\\Ostad Classes\\PHP_BATCH6\\M22_C3\\blog-project\\vendor\\laravel\\framework\\src\\Illuminate\\Pipeline\\Pipeline.php(208): Illuminate\\Cookie\\Middleware\\AddQueuedCookiesToResponse->handle(Object(Illuminate\\Http\\Request), Object(Closure))
#18 C:\\Users\\USER\\Desktop\\Ostad Classes\\PHP_BATCH6\\M22_C3\\blog-project\\vendor\\laravel\\framework\\src\\Illuminate\\Cookie\\Middleware\\EncryptCookies.php(74): Illuminate\\Pipeline\\Pipeline->Illuminate\\Pipeline\\{closure}(Object(Illuminate\\Http\\Request))
#19 C:\\Users\\USER\\Desktop\\Ostad Classes\\PHP_BATCH6\\M22_C3\\blog-project\\vendor\\laravel\\framework\\src\\Illuminate\\Pipeline\\Pipeline.php(208): Illuminate\\Cookie\\Middleware\\EncryptCookies->handle(Object(Illuminate\\Http\\Request), Object(Closure))
#20 C:\\Users\\USER\\Desktop\\Ostad Classes\\PHP_BATCH6\\M22_C3\\blog-project\\vendor\\laravel\\framework\\src\\Illuminate\\Pipeline\\Pipeline.php(126): Illuminate\\Pipeline\\Pipeline->Illuminate\\Pipeline\\{closure}(Object(Illuminate\\Http\\Request))
#21 C:\\Users\\USER\\Desktop\\Ostad Classes\\PHP_BATCH6\\M22_C3\\blog-project\\vendor\\laravel\\framework\\src\\Illuminate\\Routing\\Router.php(807): Illuminate\\Pipeline\\Pipeline->then(Object(Closure))
#22 C:\\Users\\USER\\Desktop\\Ostad Classes\\PHP_BATCH6\\M22_C3\\blog-project\\vendor\\laravel\\framework\\src\\Illuminate\\Routing\\Router.php(786): Illuminate\\Routing\\Router->runRouteWithinStack(Object(Illuminate\\Routing\\Route), Object(Illuminate\\Http\\Request))
#23 C:\\Users\\USER\\Desktop\\Ostad Classes\\PHP_BATCH6\\M22_C3\\blog-project\\vendor\\laravel\\framework\\src\\Illuminate\\Routing\\Router.php(750): Illuminate\\Routing\\Router->runRoute(Object(Illuminate\\Http\\Request), Object(Illuminate\\Routing\\Route))
#24 C:\\Users\\USER\\Desktop\\Ostad Classes\\PHP_BATCH6\\M22_C3\\blog-project\\vendor\\laravel\\framework\\src\\Illuminate\\Routing\\Router.php(739): Illuminate\\Routing\\Router->dispatchToRoute(Object(Illuminate\\Http\\Request))
#25 C:\\Users\\USER\\Desktop\\Ostad Classes\\PHP_BATCH6\\M22_C3\\blog-project\\vendor\\laravel\\framework\\src\\Illuminate\\Foundation\\Http\\Kernel.php(200): Illuminate\\Routing\\Router->dispatch(Object(Illuminate\\Http\\Request))
#26 C:\\Users\\USER\\Desktop\\Ostad Classes\\PHP_BATCH6\\M22_C3\\blog-project\\vendor\\laravel\\framework\\src\\Illuminate\\Pipeline\\Pipeline.php(169): Illuminate\\Foundation\\Http\\Kernel->Illuminate\\Foundation\\Http\\{closure}(Object(Illuminate\\Http\\Request))
#27 C:\\Users\\USER\\Desktop\\Ostad Classes\\PHP_BATCH6\\M22_C3\\blog-project\\vendor\\laravel\\framework\\src\\Illuminate\\Foundation\\Http\\Middleware\\TransformsRequest.php(21): Illuminate\\Pipeline\\Pipeline->Illuminate\\Pipeline\\{closure}(Object(Illuminate\\Http\\Request))
#28 C:\\Users\\USER\\Desktop\\Ostad Classes\\PHP_BATCH6\\M22_C3\\blog-project\\vendor\\laravel\\framework\\src\\Illuminate\\Foundation\\Http\\Middleware\\ConvertEmptyStringsToNull.php(31): Illuminate\\Foundation\\Http\\Middleware\\TransformsRequest->handle(Object(Illuminate\\Http\\Request), Object(Closure))
#29 C:\\Users\\USER\\Desktop\\Ostad Classes\\PHP_BATCH6\\M22_C3\\blog-project\\vendor\\laravel\\framework\\src\\Illuminate\\Pipeline\\Pipeline.php(208): Illuminate\\Foundation\\Http\\Middleware\\ConvertEmptyStringsToNull->handle(Object(Illuminate\\Http\\Request), Object(Closure))
#30 C:\\Users\\USER\\Desktop\\Ostad Classes\\PHP_BATCH6\\M22_C3\\blog-project\\vendor\\laravel\\framework\\src\\Illuminate\\Foundation\\Http\\Middleware\\TransformsRequest.php(21): Illuminate\\Pipeline\\Pipeline->Illuminate\\Pipeline\\{closure}(Object(Illuminate\\Http\\Request))
#31 C:\\Users\\USER\\Desktop\\Ostad Classes\\PHP_BATCH6\\M22_C3\\blog-project\\vendor\\laravel\\framework\\src\\Illuminate\\Foundation\\Http\\Middleware\\TrimStrings.php(51): Illuminate\\Foundation\\Http\\Middleware\\TransformsRequest->handle(Object(Illuminate\\Http\\Request), Object(Closure))
#32 C:\\Users\\USER\\Desktop\\Ostad Classes\\PHP_BATCH6\\M22_C3\\blog-project\\vendor\\laravel\\framework\\src\\Illuminate\\Pipeline\\Pipeline.php(208): Illuminate\\Foundation\\Http\\Middleware\\TrimStrings->handle(Object(Illuminate\\Http\\Request), Object(Closure))
#33 C:\\Users\\USER\\Desktop\\Ostad Classes\\PHP_BATCH6\\M22_C3\\blog-project\\vendor\\laravel\\framework\\src\\Illuminate\\Http\\Middleware\\ValidatePostSize.php(27): Illuminate\\Pipeline\\Pipeline->Illuminate\\Pipeline\\{closure}(Object(Illuminate\\Http\\Request))
#34 C:\\Users\\USER\\Desktop\\Ostad Classes\\PHP_BATCH6\\M22_C3\\blog-project\\vendor\\laravel\\framework\\src\\Illuminate\\Pipeline\\Pipeline.php(208): Illuminate\\Http\\Middleware\\ValidatePostSize->handle(Object(Illuminate\\Http\\Request), Object(Closure))
#35 C:\\Users\\USER\\Desktop\\Ostad Classes\\PHP_BATCH6\\M22_C3\\blog-project\\vendor\\laravel\\framework\\src\\Illuminate\\Foundation\\Http\\Middleware\\PreventRequestsDuringMaintenance.php(109): Illuminate\\Pipeline\\Pipeline->Illuminate\\Pipeline\\{closure}(Object(Illuminate\\Http\\Request))
#36 C:\\Users\\USER\\Desktop\\Ostad Classes\\PHP_BATCH6\\M22_C3\\blog-project\\vendor\\laravel\\framework\\src\\Illuminate\\Pipeline\\Pipeline.php(208): Illuminate\\Foundation\\Http\\Middleware\\PreventRequestsDuringMaintenance->handle(Object(Illuminate\\Http\\Request), Object(Closure))
#37 C:\\Users\\USER\\Desktop\\Ostad Classes\\PHP_BATCH6\\M22_C3\\blog-project\\vendor\\laravel\\framework\\src\\Illuminate\\Http\\Middleware\\HandleCors.php(48): Illuminate\\Pipeline\\Pipeline->Illuminate\\Pipeline\\{closure}(Object(Illuminate\\Http\\Request))
#38 C:\\Users\\USER\\Desktop\\Ostad Classes\\PHP_BATCH6\\M22_C3\\blog-project\\vendor\\laravel\\framework\\src\\Illuminate\\Pipeline\\Pipeline.php(208): Illuminate\\Http\\Middleware\\HandleCors->handle(Object(Illuminate\\Http\\Request), Object(Closure))
#39 C:\\Users\\USER\\Desktop\\Ostad Classes\\PHP_BATCH6\\M22_C3\\blog-project\\vendor\\laravel\\framework\\src\\Illuminate\\Http\\Middleware\\TrustProxies.php(58): Illuminate\\Pipeline\\Pipeline->Illuminate\\Pipeline\\{closure}(Object(Illuminate\\Http\\Request))
#40 C:\\Users\\USER\\Desktop\\Ostad Classes\\PHP_BATCH6\\M22_C3\\blog-project\\vendor\\laravel\\framework\\src\\Illuminate\\Pipeline\\Pipeline.php(208): Illuminate\\Http\\Middleware\\TrustProxies->handle(Object(Illuminate\\Http\\Request), Object(Closure))
#41 C:\\Users\\USER\\Desktop\\Ostad Classes\\PHP_BATCH6\\M22_C3\\blog-project\\vendor\\laravel\\framework\\src\\Illuminate\\Foundation\\Http\\Middleware\\InvokeDeferredCallbacks.php(22): Illuminate\\Pipeline\\Pipeline->Illuminate\\Pipeline\\{closure}(Object(Illuminate\\Http\\Request))
#42 C:\\Users\\USER\\Desktop\\Ostad Classes\\PHP_BATCH6\\M22_C3\\blog-project\\vendor\\laravel\\framework\\src\\Illuminate\\Pipeline\\Pipeline.php(208): Illuminate\\Foundation\\Http\\Middleware\\InvokeDeferredCallbacks->handle(Object(Illuminate\\Http\\Request), Object(Closure))
#43 C:\\Users\\USER\\Desktop\\Ostad Classes\\PHP_BATCH6\\M22_C3\\blog-project\\vendor\\laravel\\framework\\src\\Illuminate\\Http\\Middleware\\ValidatePathEncoding.php(26): Illuminate\\Pipeline\\Pipeline->Illuminate\\Pipeline\\{closure}(Object(Illuminate\\Http\\Request))
#44 C:\\Users\\USER\\Desktop\\Ostad Classes\\PHP_BATCH6\\M22_C3\\blog-project\\vendor\\laravel\\framework\\src\\Illuminate\\Pipeline\\Pipeline.php(208): Illuminate\\Http\\Middleware\\ValidatePathEncoding->handle(Object(Illuminate\\Http\\Request), Object(Closure))
#45 C:\\Users\\USER\\Desktop\\Ostad Classes\\PHP_BATCH6\\M22_C3\\blog-project\\vendor\\laravel\\framework\\src\\Illuminate\\Pipeline\\Pipeline.php(126): Illuminate\\Pipeline\\Pipeline->Illuminate\\Pipeline\\{closure}(Object(Illuminate\\Http\\Request))
#46 C:\\Users\\USER\\Desktop\\Ostad Classes\\PHP_BATCH6\\M22_C3\\blog-project\\vendor\\laravel\\framework\\src\\Illuminate\\Foundation\\Http\\Kernel.php(175): Illuminate\\Pipeline\\Pipeline->then(Object(Closure))
#47 C:\\Users\\USER\\Desktop\\Ostad Classes\\PHP_BATCH6\\M22_C3\\blog-project\\vendor\\laravel\\framework\\src\\Illuminate\\Foundation\\Http\\Kernel.php(144): Illuminate\\Foundation\\Http\\Kernel->sendRequestThroughRouter(Object(Illuminate\\Http\\Request))
#48 C:\\Users\\USER\\Desktop\\Ostad Classes\\PHP_BATCH6\\M22_C3\\blog-project\\vendor\\laravel\\framework\\src\\Illuminate\\Foundation\\Application.php(1219): Illuminate\\Foundation\\Http\\Kernel->handle(Object(Illuminate\\Http\\Request))
#49 C:\\Users\\USER\\Desktop\\Ostad Classes\\PHP_BATCH6\\M22_C3\\blog-project\\public\\index.php(20): Illuminate\\Foundation\\Application->handleRequest(Object(Illuminate\\Http\\Request))
#50 C:\\Users\\USER\\Desktop\\Ostad Classes\\PHP_BATCH6\\M22_C3\\blog-project\\vendor\\laravel\\framework\\src\\Illuminate\\Foundation\\resources\\server.php(23): require_once('C:\\\\Users\\\\USER\\\\D...')
#51 {main}
"} 
[2025-05-02 00:21:18] local.ERROR: Attempt to read property "name" on null (View: C:\Users\USER\Desktop\Ostad Classes\PHP_BATCH6\M22_C3\blog-project\resources\views\admin\layouts\master.blade.php) (View: C:\Users\USER\Desktop\Ostad Classes\PHP_BATCH6\M22_C3\blog-project\resources\views\admin\layouts\master.blade.php) {"exception":"[object] (Illuminate\\View\\ViewException(code: 0): Attempt to read property \"name\" on null (View: C:\\Users\\USER\\Desktop\\Ostad Classes\\PHP_BATCH6\\M22_C3\\blog-project\\resources\\views\\admin\\layouts\\master.blade.php) (View: C:\\Users\\USER\\Desktop\\Ostad Classes\\PHP_BATCH6\\M22_C3\\blog-project\\resources\\views\\admin\\layouts\\master.blade.php) at C:\\Users\\USER\\Desktop\\Ostad Classes\\PHP_BATCH6\\M22_C3\\blog-project\\storage\\framework\\views\\f828056aa17d1a723dcba5cf62408edb.php:60)
[stacktrace]
#0 C:\\Users\\USER\\Desktop\\Ostad Classes\\PHP_BATCH6\\M22_C3\\blog-project\\vendor\\laravel\\framework\\src\\Illuminate\\View\\Engines\\PhpEngine.php(59): Illuminate\\View\\Engines\\CompilerEngine->handleViewException(Object(Illuminate\\View\\ViewException), 1)
#1 C:\\Users\\USER\\Desktop\\Ostad Classes\\PHP_BATCH6\\M22_C3\\blog-project\\vendor\\laravel\\framework\\src\\Illuminate\\View\\Engines\\CompilerEngine.php(74): Illuminate\\View\\Engines\\PhpEngine->evaluatePath('C:\\\\Users\\\\USER\\\\D...', Array)
#2 C:\\Users\\USER\\Desktop\\Ostad Classes\\PHP_BATCH6\\M22_C3\\blog-project\\vendor\\laravel\\framework\\src\\Illuminate\\View\\View.php(208): Illuminate\\View\\Engines\\CompilerEngine->get('C:\\\\Users\\\\USER\\\\D...', Array)
#3 C:\\Users\\USER\\Desktop\\Ostad Classes\\PHP_BATCH6\\M22_C3\\blog-project\\vendor\\laravel\\framework\\src\\Illuminate\\View\\View.php(191): Illuminate\\View\\View->getContents()
#4 C:\\Users\\USER\\Desktop\\Ostad Classes\\PHP_BATCH6\\M22_C3\\blog-project\\vendor\\laravel\\framework\\src\\Illuminate\\View\\View.php(160): Illuminate\\View\\View->renderContents()
#5 C:\\Users\\USER\\Desktop\\Ostad Classes\\PHP_BATCH6\\M22_C3\\blog-project\\vendor\\laravel\\framework\\src\\Illuminate\\Http\\Response.php(78): Illuminate\\View\\View->render()
#6 C:\\Users\\USER\\Desktop\\Ostad Classes\\PHP_BATCH6\\M22_C3\\blog-project\\vendor\\laravel\\framework\\src\\Illuminate\\Http\\Response.php(34): Illuminate\\Http\\Response->setContent(Object(Illuminate\\View\\View))
#7 C:\\Users\\USER\\Desktop\\Ostad Classes\\PHP_BATCH6\\M22_C3\\blog-project\\vendor\\laravel\\framework\\src\\Illuminate\\Routing\\Router.php(924): Illuminate\\Http\\Response->__construct(Object(Illuminate\\View\\View), 200, Array)
#8 C:\\Users\\USER\\Desktop\\Ostad Classes\\PHP_BATCH6\\M22_C3\\blog-project\\vendor\\laravel\\framework\\src\\Illuminate\\Routing\\Router.php(891): Illuminate\\Routing\\Router::toResponse(Object(Illuminate\\Http\\Request), Object(Illuminate\\View\\View))
#9 C:\\Users\\USER\\Desktop\\Ostad Classes\\PHP_BATCH6\\M22_C3\\blog-project\\vendor\\laravel\\framework\\src\\Illuminate\\Routing\\Router.php(807): Illuminate\\Routing\\Router->prepareResponse(Object(Illuminate\\Http\\Request), Object(Illuminate\\View\\View))
#10 C:\\Users\\USER\\Desktop\\Ostad Classes\\PHP_BATCH6\\M22_C3\\blog-project\\vendor\\laravel\\framework\\src\\Illuminate\\Pipeline\\Pipeline.php(169): Illuminate\\Routing\\Router->Illuminate\\Routing\\{closure}(Object(Illuminate\\Http\\Request))
#11 C:\\Users\\USER\\Desktop\\Ostad Classes\\PHP_BATCH6\\M22_C3\\blog-project\\vendor\\laravel\\framework\\src\\Illuminate\\Routing\\Middleware\\SubstituteBindings.php(50): Illuminate\\Pipeline\\Pipeline->Illuminate\\Pipeline\\{closure}(Object(Illuminate\\Http\\Request))
#12 C:\\Users\\USER\\Desktop\\Ostad Classes\\PHP_BATCH6\\M22_C3\\blog-project\\vendor\\laravel\\framework\\src\\Illuminate\\Pipeline\\Pipeline.php(208): Illuminate\\Routing\\Middleware\\SubstituteBindings->handle(Object(Illuminate\\Http\\Request), Object(Closure))
#13 C:\\Users\\USER\\Desktop\\Ostad Classes\\PHP_BATCH6\\M22_C3\\blog-project\\vendor\\laravel\\framework\\src\\Illuminate\\Foundation\\Http\\Middleware\\VerifyCsrfToken.php(87): Illuminate\\Pipeline\\Pipeline->Illuminate\\Pipeline\\{closure}(Object(Illuminate\\Http\\Request))
#14 C:\\Users\\USER\\Desktop\\Ostad Classes\\PHP_BATCH6\\M22_C3\\blog-project\\vendor\\laravel\\framework\\src\\Illuminate\\Pipeline\\Pipeline.php(208): Illuminate\\Foundation\\Http\\Middleware\\VerifyCsrfToken->handle(Object(Illuminate\\Http\\Request), Object(Closure))
#15 C:\\Users\\USER\\Desktop\\Ostad Classes\\PHP_BATCH6\\M22_C3\\blog-project\\vendor\\laravel\\framework\\src\\Illuminate\\View\\Middleware\\ShareErrorsFromSession.php(48): Illuminate\\Pipeline\\Pipeline->Illuminate\\Pipeline\\{closure}(Object(Illuminate\\Http\\Request))
#16 C:\\Users\\USER\\Desktop\\Ostad Classes\\PHP_BATCH6\\M22_C3\\blog-project\\vendor\\laravel\\framework\\src\\Illuminate\\Pipeline\\Pipeline.php(208): Illuminate\\View\\Middleware\\ShareErrorsFromSession->handle(Object(Illuminate\\Http\\Request), Object(Closure))
#17 C:\\Users\\USER\\Desktop\\Ostad Classes\\PHP_BATCH6\\M22_C3\\blog-project\\vendor\\laravel\\framework\\src\\Illuminate\\Session\\Middleware\\StartSession.php(120): Illuminate\\Pipeline\\Pipeline->Illuminate\\Pipeline\\{closure}(Object(Illuminate\\Http\\Request))
#18 C:\\Users\\USER\\Desktop\\Ostad Classes\\PHP_BATCH6\\M22_C3\\blog-project\\vendor\\laravel\\framework\\src\\Illuminate\\Session\\Middleware\\StartSession.php(63): Illuminate\\Session\\Middleware\\StartSession->handleStatefulRequest(Object(Illuminate\\Http\\Request), Object(Illuminate\\Session\\Store), Object(Closure))
#19 C:\\Users\\USER\\Desktop\\Ostad Classes\\PHP_BATCH6\\M22_C3\\blog-project\\vendor\\laravel\\framework\\src\\Illuminate\\Pipeline\\Pipeline.php(208): Illuminate\\Session\\Middleware\\StartSession->handle(Object(Illuminate\\Http\\Request), Object(Closure))
#20 C:\\Users\\USER\\Desktop\\Ostad Classes\\PHP_BATCH6\\M22_C3\\blog-project\\vendor\\laravel\\framework\\src\\Illuminate\\Cookie\\Middleware\\AddQueuedCookiesToResponse.php(36): Illuminate\\Pipeline\\Pipeline->Illuminate\\Pipeline\\{closure}(Object(Illuminate\\Http\\Request))
#21 C:\\Users\\USER\\Desktop\\Ostad Classes\\PHP_BATCH6\\M22_C3\\blog-project\\vendor\\laravel\\framework\\src\\Illuminate\\Pipeline\\Pipeline.php(208): Illuminate\\Cookie\\Middleware\\AddQueuedCookiesToResponse->handle(Object(Illuminate\\Http\\Request), Object(Closure))
#22 C:\\Users\\USER\\Desktop\\Ostad Classes\\PHP_BATCH6\\M22_C3\\blog-project\\vendor\\laravel\\framework\\src\\Illuminate\\Cookie\\Middleware\\EncryptCookies.php(74): Illuminate\\Pipeline\\Pipeline->Illuminate\\Pipeline\\{closure}(Object(Illuminate\\Http\\Request))
#23 C:\\Users\\USER\\Desktop\\Ostad Classes\\PHP_BATCH6\\M22_C3\\blog-project\\vendor\\laravel\\framework\\src\\Illuminate\\Pipeline\\Pipeline.php(208): Illuminate\\Cookie\\Middleware\\EncryptCookies->handle(Object(Illuminate\\Http\\Request), Object(Closure))
#24 C:\\Users\\USER\\Desktop\\Ostad Classes\\PHP_BATCH6\\M22_C3\\blog-project\\vendor\\laravel\\framework\\src\\Illuminate\\Pipeline\\Pipeline.php(126): Illuminate\\Pipeline\\Pipeline->Illuminate\\Pipeline\\{closure}(Object(Illuminate\\Http\\Request))
#25 C:\\Users\\USER\\Desktop\\Ostad Classes\\PHP_BATCH6\\M22_C3\\blog-project\\vendor\\laravel\\framework\\src\\Illuminate\\Routing\\Router.php(807): Illuminate\\Pipeline\\Pipeline->then(Object(Closure))
#26 C:\\Users\\USER\\Desktop\\Ostad Classes\\PHP_BATCH6\\M22_C3\\blog-project\\vendor\\laravel\\framework\\src\\Illuminate\\Routing\\Router.php(786): Illuminate\\Routing\\Router->runRouteWithinStack(Object(Illuminate\\Routing\\Route), Object(Illuminate\\Http\\Request))
#27 C:\\Users\\USER\\Desktop\\Ostad Classes\\PHP_BATCH6\\M22_C3\\blog-project\\vendor\\laravel\\framework\\src\\Illuminate\\Routing\\Router.php(750): Illuminate\\Routing\\Router->runRoute(Object(Illuminate\\Http\\Request), Object(Illuminate\\Routing\\Route))
#28 C:\\Users\\USER\\Desktop\\Ostad Classes\\PHP_BATCH6\\M22_C3\\blog-project\\vendor\\laravel\\framework\\src\\Illuminate\\Routing\\Router.php(739): Illuminate\\Routing\\Router->dispatchToRoute(Object(Illuminate\\Http\\Request))
#29 C:\\Users\\USER\\Desktop\\Ostad Classes\\PHP_BATCH6\\M22_C3\\blog-project\\vendor\\laravel\\framework\\src\\Illuminate\\Foundation\\Http\\Kernel.php(200): Illuminate\\Routing\\Router->dispatch(Object(Illuminate\\Http\\Request))
#30 C:\\Users\\USER\\Desktop\\Ostad Classes\\PHP_BATCH6\\M22_C3\\blog-project\\vendor\\laravel\\framework\\src\\Illuminate\\Pipeline\\Pipeline.php(169): Illuminate\\Foundation\\Http\\Kernel->Illuminate\\Foundation\\Http\\{closure}(Object(Illuminate\\Http\\Request))
#31 C:\\Users\\USER\\Desktop\\Ostad Classes\\PHP_BATCH6\\M22_C3\\blog-project\\vendor\\laravel\\framework\\src\\Illuminate\\Foundation\\Http\\Middleware\\TransformsRequest.php(21): Illuminate\\Pipeline\\Pipeline->Illuminate\\Pipeline\\{closure}(Object(Illuminate\\Http\\Request))
#32 C:\\Users\\USER\\Desktop\\Ostad Classes\\PHP_BATCH6\\M22_C3\\blog-project\\vendor\\laravel\\framework\\src\\Illuminate\\Foundation\\Http\\Middleware\\ConvertEmptyStringsToNull.php(31): Illuminate\\Foundation\\Http\\Middleware\\TransformsRequest->handle(Object(Illuminate\\Http\\Request), Object(Closure))
#33 C:\\Users\\USER\\Desktop\\Ostad Classes\\PHP_BATCH6\\M22_C3\\blog-project\\vendor\\laravel\\framework\\src\\Illuminate\\Pipeline\\Pipeline.php(208): Illuminate\\Foundation\\Http\\Middleware\\ConvertEmptyStringsToNull->handle(Object(Illuminate\\Http\\Request), Object(Closure))
#34 C:\\Users\\USER\\Desktop\\Ostad Classes\\PHP_BATCH6\\M22_C3\\blog-project\\vendor\\laravel\\framework\\src\\Illuminate\\Foundation\\Http\\Middleware\\TransformsRequest.php(21): Illuminate\\Pipeline\\Pipeline->Illuminate\\Pipeline\\{closure}(Object(Illuminate\\Http\\Request))
#35 C:\\Users\\USER\\Desktop\\Ostad Classes\\PHP_BATCH6\\M22_C3\\blog-project\\vendor\\laravel\\framework\\src\\Illuminate\\Foundation\\Http\\Middleware\\TrimStrings.php(51): Illuminate\\Foundation\\Http\\Middleware\\TransformsRequest->handle(Object(Illuminate\\Http\\Request), Object(Closure))
#36 C:\\Users\\USER\\Desktop\\Ostad Classes\\PHP_BATCH6\\M22_C3\\blog-project\\vendor\\laravel\\framework\\src\\Illuminate\\Pipeline\\Pipeline.php(208): Illuminate\\Foundation\\Http\\Middleware\\TrimStrings->handle(Object(Illuminate\\Http\\Request), Object(Closure))
#37 C:\\Users\\USER\\Desktop\\Ostad Classes\\PHP_BATCH6\\M22_C3\\blog-project\\vendor\\laravel\\framework\\src\\Illuminate\\Http\\Middleware\\ValidatePostSize.php(27): Illuminate\\Pipeline\\Pipeline->Illuminate\\Pipeline\\{closure}(Object(Illuminate\\Http\\Request))
#38 C:\\Users\\USER\\Desktop\\Ostad Classes\\PHP_BATCH6\\M22_C3\\blog-project\\vendor\\laravel\\framework\\src\\Illuminate\\Pipeline\\Pipeline.php(208): Illuminate\\Http\\Middleware\\ValidatePostSize->handle(Object(Illuminate\\Http\\Request), Object(Closure))
#39 C:\\Users\\USER\\Desktop\\Ostad Classes\\PHP_BATCH6\\M22_C3\\blog-project\\vendor\\laravel\\framework\\src\\Illuminate\\Foundation\\Http\\Middleware\\PreventRequestsDuringMaintenance.php(109): Illuminate\\Pipeline\\Pipeline->Illuminate\\Pipeline\\{closure}(Object(Illuminate\\Http\\Request))
#40 C:\\Users\\USER\\Desktop\\Ostad Classes\\PHP_BATCH6\\M22_C3\\blog-project\\vendor\\laravel\\framework\\src\\Illuminate\\Pipeline\\Pipeline.php(208): Illuminate\\Foundation\\Http\\Middleware\\PreventRequestsDuringMaintenance->handle(Object(Illuminate\\Http\\Request), Object(Closure))
#41 C:\\Users\\USER\\Desktop\\Ostad Classes\\PHP_BATCH6\\M22_C3\\blog-project\\vendor\\laravel\\framework\\src\\Illuminate\\Http\\Middleware\\HandleCors.php(48): Illuminate\\Pipeline\\Pipeline->Illuminate\\Pipeline\\{closure}(Object(Illuminate\\Http\\Request))
#42 C:\\Users\\USER\\Desktop\\Ostad Classes\\PHP_BATCH6\\M22_C3\\blog-project\\vendor\\laravel\\framework\\src\\Illuminate\\Pipeline\\Pipeline.php(208): Illuminate\\Http\\Middleware\\HandleCors->handle(Object(Illuminate\\Http\\Request), Object(Closure))
#43 C:\\Users\\USER\\Desktop\\Ostad Classes\\PHP_BATCH6\\M22_C3\\blog-project\\vendor\\laravel\\framework\\src\\Illuminate\\Http\\Middleware\\TrustProxies.php(58): Illuminate\\Pipeline\\Pipeline->Illuminate\\Pipeline\\{closure}(Object(Illuminate\\Http\\Request))
#44 C:\\Users\\USER\\Desktop\\Ostad Classes\\PHP_BATCH6\\M22_C3\\blog-project\\vendor\\laravel\\framework\\src\\Illuminate\\Pipeline\\Pipeline.php(208): Illuminate\\Http\\Middleware\\TrustProxies->handle(Object(Illuminate\\Http\\Request), Object(Closure))
#45 C:\\Users\\USER\\Desktop\\Ostad Classes\\PHP_BATCH6\\M22_C3\\blog-project\\vendor\\laravel\\framework\\src\\Illuminate\\Foundation\\Http\\Middleware\\InvokeDeferredCallbacks.php(22): Illuminate\\Pipeline\\Pipeline->Illuminate\\Pipeline\\{closure}(Object(Illuminate\\Http\\Request))
#46 C:\\Users\\USER\\Desktop\\Ostad Classes\\PHP_BATCH6\\M22_C3\\blog-project\\vendor\\laravel\\framework\\src\\Illuminate\\Pipeline\\Pipeline.php(208): Illuminate\\Foundation\\Http\\Middleware\\InvokeDeferredCallbacks->handle(Object(Illuminate\\Http\\Request), Object(Closure))
#47 C:\\Users\\USER\\Desktop\\Ostad Classes\\PHP_BATCH6\\M22_C3\\blog-project\\vendor\\laravel\\framework\\src\\Illuminate\\Http\\Middleware\\ValidatePathEncoding.php(26): Illuminate\\Pipeline\\Pipeline->Illuminate\\Pipeline\\{closure}(Object(Illuminate\\Http\\Request))
#48 C:\\Users\\USER\\Desktop\\Ostad Classes\\PHP_BATCH6\\M22_C3\\blog-project\\vendor\\laravel\\framework\\src\\Illuminate\\Pipeline\\Pipeline.php(208): Illuminate\\Http\\Middleware\\ValidatePathEncoding->handle(Object(Illuminate\\Http\\Request), Object(Closure))
#49 C:\\Users\\USER\\Desktop\\Ostad Classes\\PHP_BATCH6\\M22_C3\\blog-project\\vendor\\laravel\\framework\\src\\Illuminate\\Pipeline\\Pipeline.php(126): Illuminate\\Pipeline\\Pipeline->Illuminate\\Pipeline\\{closure}(Object(Illuminate\\Http\\Request))
#50 C:\\Users\\USER\\Desktop\\Ostad Classes\\PHP_BATCH6\\M22_C3\\blog-project\\vendor\\laravel\\framework\\src\\Illuminate\\Foundation\\Http\\Kernel.php(175): Illuminate\\Pipeline\\Pipeline->then(Object(Closure))
#51 C:\\Users\\USER\\Desktop\\Ostad Classes\\PHP_BATCH6\\M22_C3\\blog-project\\vendor\\laravel\\framework\\src\\Illuminate\\Foundation\\Http\\Kernel.php(144): Illuminate\\Foundation\\Http\\Kernel->sendRequestThroughRouter(Object(Illuminate\\Http\\Request))
#52 C:\\Users\\USER\\Desktop\\Ostad Classes\\PHP_BATCH6\\M22_C3\\blog-project\\vendor\\laravel\\framework\\src\\Illuminate\\Foundation\\Application.php(1219): Illuminate\\Foundation\\Http\\Kernel->handle(Object(Illuminate\\Http\\Request))
#53 C:\\Users\\USER\\Desktop\\Ostad Classes\\PHP_BATCH6\\M22_C3\\blog-project\\public\\index.php(20): Illuminate\\Foundation\\Application->handleRequest(Object(Illuminate\\Http\\Request))
#54 C:\\Users\\USER\\Desktop\\Ostad Classes\\PHP_BATCH6\\M22_C3\\blog-project\\vendor\\laravel\\framework\\src\\Illuminate\\Foundation\\resources\\server.php(23): require_once('C:\\\\Users\\\\USER\\\\D...')
#55 {main}

[previous exception] [object] (Illuminate\\View\\ViewException(code: 0): Attempt to read property \"name\" on null (View: C:\\Users\\USER\\Desktop\\Ostad Classes\\PHP_BATCH6\\M22_C3\\blog-project\\resources\\views\\admin\\layouts\\master.blade.php) at C:\\Users\\USER\\Desktop\\Ostad Classes\\PHP_BATCH6\\M22_C3\\blog-project\\storage\\framework\\views\\f828056aa17d1a723dcba5cf62408edb.php:60)
[stacktrace]
#0 C:\\Users\\USER\\Desktop\\Ostad Classes\\PHP_BATCH6\\M22_C3\\blog-project\\vendor\\laravel\\framework\\src\\Illuminate\\View\\Engines\\PhpEngine.php(59): Illuminate\\View\\Engines\\CompilerEngine->handleViewException(Object(ErrorException), 2)
#1 C:\\Users\\USER\\Desktop\\Ostad Classes\\PHP_BATCH6\\M22_C3\\blog-project\\vendor\\laravel\\framework\\src\\Illuminate\\View\\Engines\\CompilerEngine.php(74): Illuminate\\View\\Engines\\PhpEngine->evaluatePath('C:\\\\Users\\\\USER\\\\D...', Array)
#2 C:\\Users\\USER\\Desktop\\Ostad Classes\\PHP_BATCH6\\M22_C3\\blog-project\\vendor\\laravel\\framework\\src\\Illuminate\\View\\View.php(208): Illuminate\\View\\Engines\\CompilerEngine->get('C:\\\\Users\\\\USER\\\\D...', Array)
#3 C:\\Users\\USER\\Desktop\\Ostad Classes\\PHP_BATCH6\\M22_C3\\blog-project\\vendor\\laravel\\framework\\src\\Illuminate\\View\\View.php(191): Illuminate\\View\\View->getContents()
#4 C:\\Users\\USER\\Desktop\\Ostad Classes\\PHP_BATCH6\\M22_C3\\blog-project\\vendor\\laravel\\framework\\src\\Illuminate\\View\\View.php(160): Illuminate\\View\\View->renderContents()
#5 C:\\Users\\USER\\Desktop\\Ostad Classes\\PHP_BATCH6\\M22_C3\\blog-project\\storage\\framework\\views\\884a90fd78139ae33db5fa58a2c5bd27.php(59): Illuminate\\View\\View->render()
#6 C:\\Users\\USER\\Desktop\\Ostad Classes\\PHP_BATCH6\\M22_C3\\blog-project\\vendor\\laravel\\framework\\src\\Illuminate\\Filesystem\\Filesystem.php(123): require('C:\\\\Users\\\\USER\\\\D...')
#7 C:\\Users\\USER\\Desktop\\Ostad Classes\\PHP_BATCH6\\M22_C3\\blog-project\\vendor\\laravel\\framework\\src\\Illuminate\\Filesystem\\Filesystem.php(124): Illuminate\\Filesystem\\Filesystem::Illuminate\\Filesystem\\{closure}()
#8 C:\\Users\\USER\\Desktop\\Ostad Classes\\PHP_BATCH6\\M22_C3\\blog-project\\vendor\\laravel\\framework\\src\\Illuminate\\View\\Engines\\PhpEngine.php(57): Illuminate\\Filesystem\\Filesystem->getRequire('C:\\\\Users\\\\USER\\\\D...', Array)
#9 C:\\Users\\USER\\Desktop\\Ostad Classes\\PHP_BATCH6\\M22_C3\\blog-project\\vendor\\laravel\\framework\\src\\Illuminate\\View\\Engines\\CompilerEngine.php(74): Illuminate\\View\\Engines\\PhpEngine->evaluatePath('C:\\\\Users\\\\USER\\\\D...', Array)
#10 C:\\Users\\USER\\Desktop\\Ostad Classes\\PHP_BATCH6\\M22_C3\\blog-project\\vendor\\laravel\\framework\\src\\Illuminate\\View\\View.php(208): Illuminate\\View\\Engines\\CompilerEngine->get('C:\\\\Users\\\\USER\\\\D...', Array)
#11 C:\\Users\\USER\\Desktop\\Ostad Classes\\PHP_BATCH6\\M22_C3\\blog-project\\vendor\\laravel\\framework\\src\\Illuminate\\View\\View.php(191): Illuminate\\View\\View->getContents()
#12 C:\\Users\\USER\\Desktop\\Ostad Classes\\PHP_BATCH6\\M22_C3\\blog-project\\vendor\\laravel\\framework\\src\\Illuminate\\View\\View.php(160): Illuminate\\View\\View->renderContents()
#13 C:\\Users\\USER\\Desktop\\Ostad Classes\\PHP_BATCH6\\M22_C3\\blog-project\\vendor\\laravel\\framework\\src\\Illuminate\\Http\\Response.php(78): Illuminate\\View\\View->render()
#14 C:\\Users\\USER\\Desktop\\Ostad Classes\\PHP_BATCH6\\M22_C3\\blog-project\\vendor\\laravel\\framework\\src\\Illuminate\\Http\\Response.php(34): Illuminate\\Http\\Response->setContent(Object(Illuminate\\View\\View))
#15 C:\\Users\\USER\\Desktop\\Ostad Classes\\PHP_BATCH6\\M22_C3\\blog-project\\vendor\\laravel\\framework\\src\\Illuminate\\Routing\\Router.php(924): Illuminate\\Http\\Response->__construct(Object(Illuminate\\View\\View), 200, Array)
#16 C:\\Users\\USER\\Desktop\\Ostad Classes\\PHP_BATCH6\\M22_C3\\blog-project\\vendor\\laravel\\framework\\src\\Illuminate\\Routing\\Router.php(891): Illuminate\\Routing\\Router::toResponse(Object(Illuminate\\Http\\Request), Object(Illuminate\\View\\View))
#17 C:\\Users\\USER\\Desktop\\Ostad Classes\\PHP_BATCH6\\M22_C3\\blog-project\\vendor\\laravel\\framework\\src\\Illuminate\\Routing\\Router.php(807): Illuminate\\Routing\\Router->prepareResponse(Object(Illuminate\\Http\\Request), Object(Illuminate\\View\\View))
#18 C:\\Users\\USER\\Desktop\\Ostad Classes\\PHP_BATCH6\\M22_C3\\blog-project\\vendor\\laravel\\framework\\src\\Illuminate\\Pipeline\\Pipeline.php(169): Illuminate\\Routing\\Router->Illuminate\\Routing\\{closure}(Object(Illuminate\\Http\\Request))
#19 C:\\Users\\USER\\Desktop\\Ostad Classes\\PHP_BATCH6\\M22_C3\\blog-project\\vendor\\laravel\\framework\\src\\Illuminate\\Routing\\Middleware\\SubstituteBindings.php(50): Illuminate\\Pipeline\\Pipeline->Illuminate\\Pipeline\\{closure}(Object(Illuminate\\Http\\Request))
#20 C:\\Users\\USER\\Desktop\\Ostad Classes\\PHP_BATCH6\\M22_C3\\blog-project\\vendor\\laravel\\framework\\src\\Illuminate\\Pipeline\\Pipeline.php(208): Illuminate\\Routing\\Middleware\\SubstituteBindings->handle(Object(Illuminate\\Http\\Request), Object(Closure))
#21 C:\\Users\\USER\\Desktop\\Ostad Classes\\PHP_BATCH6\\M22_C3\\blog-project\\vendor\\laravel\\framework\\src\\Illuminate\\Foundation\\Http\\Middleware\\VerifyCsrfToken.php(87): Illuminate\\Pipeline\\Pipeline->Illuminate\\Pipeline\\{closure}(Object(Illuminate\\Http\\Request))
#22 C:\\Users\\USER\\Desktop\\Ostad Classes\\PHP_BATCH6\\M22_C3\\blog-project\\vendor\\laravel\\framework\\src\\Illuminate\\Pipeline\\Pipeline.php(208): Illuminate\\Foundation\\Http\\Middleware\\VerifyCsrfToken->handle(Object(Illuminate\\Http\\Request), Object(Closure))
#23 C:\\Users\\USER\\Desktop\\Ostad Classes\\PHP_BATCH6\\M22_C3\\blog-project\\vendor\\laravel\\framework\\src\\Illuminate\\View\\Middleware\\ShareErrorsFromSession.php(48): Illuminate\\Pipeline\\Pipeline->Illuminate\\Pipeline\\{closure}(Object(Illuminate\\Http\\Request))
#24 C:\\Users\\USER\\Desktop\\Ostad Classes\\PHP_BATCH6\\M22_C3\\blog-project\\vendor\\laravel\\framework\\src\\Illuminate\\Pipeline\\Pipeline.php(208): Illuminate\\View\\Middleware\\ShareErrorsFromSession->handle(Object(Illuminate\\Http\\Request), Object(Closure))
#25 C:\\Users\\USER\\Desktop\\Ostad Classes\\PHP_BATCH6\\M22_C3\\blog-project\\vendor\\laravel\\framework\\src\\Illuminate\\Session\\Middleware\\StartSession.php(120): Illuminate\\Pipeline\\Pipeline->Illuminate\\Pipeline\\{closure}(Object(Illuminate\\Http\\Request))
#26 C:\\Users\\USER\\Desktop\\Ostad Classes\\PHP_BATCH6\\M22_C3\\blog-project\\vendor\\laravel\\framework\\src\\Illuminate\\Session\\Middleware\\StartSession.php(63): Illuminate\\Session\\Middleware\\StartSession->handleStatefulRequest(Object(Illuminate\\Http\\Request), Object(Illuminate\\Session\\Store), Object(Closure))
#27 C:\\Users\\USER\\Desktop\\Ostad Classes\\PHP_BATCH6\\M22_C3\\blog-project\\vendor\\laravel\\framework\\src\\Illuminate\\Pipeline\\Pipeline.php(208): Illuminate\\Session\\Middleware\\StartSession->handle(Object(Illuminate\\Http\\Request), Object(Closure))
#28 C:\\Users\\USER\\Desktop\\Ostad Classes\\PHP_BATCH6\\M22_C3\\blog-project\\vendor\\laravel\\framework\\src\\Illuminate\\Cookie\\Middleware\\AddQueuedCookiesToResponse.php(36): Illuminate\\Pipeline\\Pipeline->Illuminate\\Pipeline\\{closure}(Object(Illuminate\\Http\\Request))
#29 C:\\Users\\USER\\Desktop\\Ostad Classes\\PHP_BATCH6\\M22_C3\\blog-project\\vendor\\laravel\\framework\\src\\Illuminate\\Pipeline\\Pipeline.php(208): Illuminate\\Cookie\\Middleware\\AddQueuedCookiesToResponse->handle(Object(Illuminate\\Http\\Request), Object(Closure))
#30 C:\\Users\\USER\\Desktop\\Ostad Classes\\PHP_BATCH6\\M22_C3\\blog-project\\vendor\\laravel\\framework\\src\\Illuminate\\Cookie\\Middleware\\EncryptCookies.php(74): Illuminate\\Pipeline\\Pipeline->Illuminate\\Pipeline\\{closure}(Object(Illuminate\\Http\\Request))
#31 C:\\Users\\USER\\Desktop\\Ostad Classes\\PHP_BATCH6\\M22_C3\\blog-project\\vendor\\laravel\\framework\\src\\Illuminate\\Pipeline\\Pipeline.php(208): Illuminate\\Cookie\\Middleware\\EncryptCookies->handle(Object(Illuminate\\Http\\Request), Object(Closure))
#32 C:\\Users\\USER\\Desktop\\Ostad Classes\\PHP_BATCH6\\M22_C3\\blog-project\\vendor\\laravel\\framework\\src\\Illuminate\\Pipeline\\Pipeline.php(126): Illuminate\\Pipeline\\Pipeline->Illuminate\\Pipeline\\{closure}(Object(Illuminate\\Http\\Request))
#33 C:\\Users\\USER\\Desktop\\Ostad Classes\\PHP_BATCH6\\M22_C3\\blog-project\\vendor\\laravel\\framework\\src\\Illuminate\\Routing\\Router.php(807): Illuminate\\Pipeline\\Pipeline->then(Object(Closure))
#34 C:\\Users\\USER\\Desktop\\Ostad Classes\\PHP_BATCH6\\M22_C3\\blog-project\\vendor\\laravel\\framework\\src\\Illuminate\\Routing\\Router.php(786): Illuminate\\Routing\\Router->runRouteWithinStack(Object(Illuminate\\Routing\\Route), Object(Illuminate\\Http\\Request))
#35 C:\\Users\\USER\\Desktop\\Ostad Classes\\PHP_BATCH6\\M22_C3\\blog-project\\vendor\\laravel\\framework\\src\\Illuminate\\Routing\\Router.php(750): Illuminate\\Routing\\Router->runRoute(Object(Illuminate\\Http\\Request), Object(Illuminate\\Routing\\Route))
#36 C:\\Users\\USER\\Desktop\\Ostad Classes\\PHP_BATCH6\\M22_C3\\blog-project\\vendor\\laravel\\framework\\src\\Illuminate\\Routing\\Router.php(739): Illuminate\\Routing\\Router->dispatchToRoute(Object(Illuminate\\Http\\Request))
#37 C:\\Users\\USER\\Desktop\\Ostad Classes\\PHP_BATCH6\\M22_C3\\blog-project\\vendor\\laravel\\framework\\src\\Illuminate\\Foundation\\Http\\Kernel.php(200): Illuminate\\Routing\\Router->dispatch(Object(Illuminate\\Http\\Request))
#38 C:\\Users\\USER\\Desktop\\Ostad Classes\\PHP_BATCH6\\M22_C3\\blog-project\\vendor\\laravel\\framework\\src\\Illuminate\\Pipeline\\Pipeline.php(169): Illuminate\\Foundation\\Http\\Kernel->Illuminate\\Foundation\\Http\\{closure}(Object(Illuminate\\Http\\Request))
#39 C:\\Users\\USER\\Desktop\\Ostad Classes\\PHP_BATCH6\\M22_C3\\blog-project\\vendor\\laravel\\framework\\src\\Illuminate\\Foundation\\Http\\Middleware\\TransformsRequest.php(21): Illuminate\\Pipeline\\Pipeline->Illuminate\\Pipeline\\{closure}(Object(Illuminate\\Http\\Request))
#40 C:\\Users\\USER\\Desktop\\Ostad Classes\\PHP_BATCH6\\M22_C3\\blog-project\\vendor\\laravel\\framework\\src\\Illuminate\\Foundation\\Http\\Middleware\\ConvertEmptyStringsToNull.php(31): Illuminate\\Foundation\\Http\\Middleware\\TransformsRequest->handle(Object(Illuminate\\Http\\Request), Object(Closure))
#41 C:\\Users\\USER\\Desktop\\Ostad Classes\\PHP_BATCH6\\M22_C3\\blog-project\\vendor\\laravel\\framework\\src\\Illuminate\\Pipeline\\Pipeline.php(208): Illuminate\\Foundation\\Http\\Middleware\\ConvertEmptyStringsToNull->handle(Object(Illuminate\\Http\\Request), Object(Closure))
#42 C:\\Users\\USER\\Desktop\\Ostad Classes\\PHP_BATCH6\\M22_C3\\blog-project\\vendor\\laravel\\framework\\src\\Illuminate\\Foundation\\Http\\Middleware\\TransformsRequest.php(21): Illuminate\\Pipeline\\Pipeline->Illuminate\\Pipeline\\{closure}(Object(Illuminate\\Http\\Request))
#43 C:\\Users\\USER\\Desktop\\Ostad Classes\\PHP_BATCH6\\M22_C3\\blog-project\\vendor\\laravel\\framework\\src\\Illuminate\\Foundation\\Http\\Middleware\\TrimStrings.php(51): Illuminate\\Foundation\\Http\\Middleware\\TransformsRequest->handle(Object(Illuminate\\Http\\Request), Object(Closure))
#44 C:\\Users\\USER\\Desktop\\Ostad Classes\\PHP_BATCH6\\M22_C3\\blog-project\\vendor\\laravel\\framework\\src\\Illuminate\\Pipeline\\Pipeline.php(208): Illuminate\\Foundation\\Http\\Middleware\\TrimStrings->handle(Object(Illuminate\\Http\\Request), Object(Closure))
#45 C:\\Users\\USER\\Desktop\\Ostad Classes\\PHP_BATCH6\\M22_C3\\blog-project\\vendor\\laravel\\framework\\src\\Illuminate\\Http\\Middleware\\ValidatePostSize.php(27): Illuminate\\Pipeline\\Pipeline->Illuminate\\Pipeline\\{closure}(Object(Illuminate\\Http\\Request))
#46 C:\\Users\\USER\\Desktop\\Ostad Classes\\PHP_BATCH6\\M22_C3\\blog-project\\vendor\\laravel\\framework\\src\\Illuminate\\Pipeline\\Pipeline.php(208): Illuminate\\Http\\Middleware\\ValidatePostSize->handle(Object(Illuminate\\Http\\Request), Object(Closure))
#47 C:\\Users\\USER\\Desktop\\Ostad Classes\\PHP_BATCH6\\M22_C3\\blog-project\\vendor\\laravel\\framework\\src\\Illuminate\\Foundation\\Http\\Middleware\\PreventRequestsDuringMaintenance.php(109): Illuminate\\Pipeline\\Pipeline->Illuminate\\Pipeline\\{closure}(Object(Illuminate\\Http\\Request))
#48 C:\\Users\\USER\\Desktop\\Ostad Classes\\PHP_BATCH6\\M22_C3\\blog-project\\vendor\\laravel\\framework\\src\\Illuminate\\Pipeline\\Pipeline.php(208): Illuminate\\Foundation\\Http\\Middleware\\PreventRequestsDuringMaintenance->handle(Object(Illuminate\\Http\\Request), Object(Closure))
#49 C:\\Users\\USER\\Desktop\\Ostad Classes\\PHP_BATCH6\\M22_C3\\blog-project\\vendor\\laravel\\framework\\src\\Illuminate\\Http\\Middleware\\HandleCors.php(48): Illuminate\\Pipeline\\Pipeline->Illuminate\\Pipeline\\{closure}(Object(Illuminate\\Http\\Request))
#50 C:\\Users\\USER\\Desktop\\Ostad Classes\\PHP_BATCH6\\M22_C3\\blog-project\\vendor\\laravel\\framework\\src\\Illuminate\\Pipeline\\Pipeline.php(208): Illuminate\\Http\\Middleware\\HandleCors->handle(Object(Illuminate\\Http\\Request), Object(Closure))
#51 C:\\Users\\USER\\Desktop\\Ostad Classes\\PHP_BATCH6\\M22_C3\\blog-project\\vendor\\laravel\\framework\\src\\Illuminate\\Http\\Middleware\\TrustProxies.php(58): Illuminate\\Pipeline\\Pipeline->Illuminate\\Pipeline\\{closure}(Object(Illuminate\\Http\\Request))
#52 C:\\Users\\USER\\Desktop\\Ostad Classes\\PHP_BATCH6\\M22_C3\\blog-project\\vendor\\laravel\\framework\\src\\Illuminate\\Pipeline\\Pipeline.php(208): Illuminate\\Http\\Middleware\\TrustProxies->handle(Object(Illuminate\\Http\\Request), Object(Closure))
#53 C:\\Users\\USER\\Desktop\\Ostad Classes\\PHP_BATCH6\\M22_C3\\blog-project\\vendor\\laravel\\framework\\src\\Illuminate\\Foundation\\Http\\Middleware\\InvokeDeferredCallbacks.php(22): Illuminate\\Pipeline\\Pipeline->Illuminate\\Pipeline\\{closure}(Object(Illuminate\\Http\\Request))
#54 C:\\Users\\USER\\Desktop\\Ostad Classes\\PHP_BATCH6\\M22_C3\\blog-project\\vendor\\laravel\\framework\\src\\Illuminate\\Pipeline\\Pipeline.php(208): Illuminate\\Foundation\\Http\\Middleware\\InvokeDeferredCallbacks->handle(Object(Illuminate\\Http\\Request), Object(Closure))
#55 C:\\Users\\USER\\Desktop\\Ostad Classes\\PHP_BATCH6\\M22_C3\\blog-project\\vendor\\laravel\\framework\\src\\Illuminate\\Http\\Middleware\\ValidatePathEncoding.php(26): Illuminate\\Pipeline\\Pipeline->Illuminate\\Pipeline\\{closure}(Object(Illuminate\\Http\\Request))
#56 C:\\Users\\USER\\Desktop\\Ostad Classes\\PHP_BATCH6\\M22_C3\\blog-project\\vendor\\laravel\\framework\\src\\Illuminate\\Pipeline\\Pipeline.php(208): Illuminate\\Http\\Middleware\\ValidatePathEncoding->handle(Object(Illuminate\\Http\\Request), Object(Closure))
#57 C:\\Users\\USER\\Desktop\\Ostad Classes\\PHP_BATCH6\\M22_C3\\blog-project\\vendor\\laravel\\framework\\src\\Illuminate\\Pipeline\\Pipeline.php(126): Illuminate\\Pipeline\\Pipeline->Illuminate\\Pipeline\\{closure}(Object(Illuminate\\Http\\Request))
#58 C:\\Users\\USER\\Desktop\\Ostad Classes\\PHP_BATCH6\\M22_C3\\blog-project\\vendor\\laravel\\framework\\src\\Illuminate\\Foundation\\Http\\Kernel.php(175): Illuminate\\Pipeline\\Pipeline->then(Object(Closure))
#59 C:\\Users\\USER\\Desktop\\Ostad Classes\\PHP_BATCH6\\M22_C3\\blog-project\\vendor\\laravel\\framework\\src\\Illuminate\\Foundation\\Http\\Kernel.php(144): Illuminate\\Foundation\\Http\\Kernel->sendRequestThroughRouter(Object(Illuminate\\Http\\Request))
#60 C:\\Users\\USER\\Desktop\\Ostad Classes\\PHP_BATCH6\\M22_C3\\blog-project\\vendor\\laravel\\framework\\src\\Illuminate\\Foundation\\Application.php(1219): Illuminate\\Foundation\\Http\\Kernel->handle(Object(Illuminate\\Http\\Request))
#61 C:\\Users\\USER\\Desktop\\Ostad Classes\\PHP_BATCH6\\M22_C3\\blog-project\\public\\index.php(20): Illuminate\\Foundation\\Application->handleRequest(Object(Illuminate\\Http\\Request))
#62 C:\\Users\\USER\\Desktop\\Ostad Classes\\PHP_BATCH6\\M22_C3\\blog-project\\vendor\\laravel\\framework\\src\\Illuminate\\Foundation\\resources\\server.php(23): require_once('C:\\\\Users\\\\USER\\\\D...')
#63 {main}

[previous exception] [object] (ErrorException(code: 0): Attempt to read property \"name\" on null at C:\\Users\\USER\\Desktop\\Ostad Classes\\PHP_BATCH6\\M22_C3\\blog-project\\storage\\framework\\views\\f828056aa17d1a723dcba5cf62408edb.php:60)
[stacktrace]
#0 C:\\Users\\USER\\Desktop\\Ostad Classes\\PHP_BATCH6\\M22_C3\\blog-project\\vendor\\laravel\\framework\\src\\Illuminate\\Foundation\\Bootstrap\\HandleExceptions.php(256): Illuminate\\Foundation\\Bootstrap\\HandleExceptions->handleError(2, 'Attempt to read...', 'C:\\\\Users\\\\USER\\\\D...', 60)
#1 C:\\Users\\USER\\Desktop\\Ostad Classes\\PHP_BATCH6\\M22_C3\\blog-project\\storage\\framework\\views\\f828056aa17d1a723dcba5cf62408edb.php(60): Illuminate\\Foundation\\Bootstrap\\HandleExceptions->Illuminate\\Foundation\\Bootstrap\\{closure}(2, 'Attempt to read...', 'C:\\\\Users\\\\USER\\\\D...', 60)
#2 C:\\Users\\USER\\Desktop\\Ostad Classes\\PHP_BATCH6\\M22_C3\\blog-project\\vendor\\laravel\\framework\\src\\Illuminate\\Filesystem\\Filesystem.php(123): require('C:\\\\Users\\\\USER\\\\D...')
#3 C:\\Users\\USER\\Desktop\\Ostad Classes\\PHP_BATCH6\\M22_C3\\blog-project\\vendor\\laravel\\framework\\src\\Illuminate\\Filesystem\\Filesystem.php(124): Illuminate\\Filesystem\\Filesystem::Illuminate\\Filesystem\\{closure}()
#4 C:\\Users\\USER\\Desktop\\Ostad Classes\\PHP_BATCH6\\M22_C3\\blog-project\\vendor\\laravel\\framework\\src\\Illuminate\\View\\Engines\\PhpEngine.php(57): Illuminate\\Filesystem\\Filesystem->getRequire('C:\\\\Users\\\\USER\\\\D...', Array)
#5 C:\\Users\\USER\\Desktop\\Ostad Classes\\PHP_BATCH6\\M22_C3\\blog-project\\vendor\\laravel\\framework\\src\\Illuminate\\View\\Engines\\CompilerEngine.php(74): Illuminate\\View\\Engines\\PhpEngine->evaluatePath('C:\\\\Users\\\\USER\\\\D...', Array)
#6 C:\\Users\\USER\\Desktop\\Ostad Classes\\PHP_BATCH6\\M22_C3\\blog-project\\vendor\\laravel\\framework\\src\\Illuminate\\View\\View.php(208): Illuminate\\View\\Engines\\CompilerEngine->get('C:\\\\Users\\\\USER\\\\D...', Array)
#7 C:\\Users\\USER\\Desktop\\Ostad Classes\\PHP_BATCH6\\M22_C3\\blog-project\\vendor\\laravel\\framework\\src\\Illuminate\\View\\View.php(191): Illuminate\\View\\View->getContents()
#8 C:\\Users\\USER\\Desktop\\Ostad Classes\\PHP_BATCH6\\M22_C3\\blog-project\\vendor\\laravel\\framework\\src\\Illuminate\\View\\View.php(160): Illuminate\\View\\View->renderContents()
#9 C:\\Users\\USER\\Desktop\\Ostad Classes\\PHP_BATCH6\\M22_C3\\blog-project\\storage\\framework\\views\\884a90fd78139ae33db5fa58a2c5bd27.php(59): Illuminate\\View\\View->render()
#10 C:\\Users\\USER\\Desktop\\Ostad Classes\\PHP_BATCH6\\M22_C3\\blog-project\\vendor\\laravel\\framework\\src\\Illuminate\\Filesystem\\Filesystem.php(123): require('C:\\\\Users\\\\USER\\\\D...')
#11 C:\\Users\\USER\\Desktop\\Ostad Classes\\PHP_BATCH6\\M22_C3\\blog-project\\vendor\\laravel\\framework\\src\\Illuminate\\Filesystem\\Filesystem.php(124): Illuminate\\Filesystem\\Filesystem::Illuminate\\Filesystem\\{closure}()
#12 C:\\Users\\USER\\Desktop\\Ostad Classes\\PHP_BATCH6\\M22_C3\\blog-project\\vendor\\laravel\\framework\\src\\Illuminate\\View\\Engines\\PhpEngine.php(57): Illuminate\\Filesystem\\Filesystem->getRequire('C:\\\\Users\\\\USER\\\\D...', Array)
#13 C:\\Users\\USER\\Desktop\\Ostad Classes\\PHP_BATCH6\\M22_C3\\blog-project\\vendor\\laravel\\framework\\src\\Illuminate\\View\\Engines\\CompilerEngine.php(74): Illuminate\\View\\Engines\\PhpEngine->evaluatePath('C:\\\\Users\\\\USER\\\\D...', Array)
#14 C:\\Users\\USER\\Desktop\\Ostad Classes\\PHP_BATCH6\\M22_C3\\blog-project\\vendor\\laravel\\framework\\src\\Illuminate\\View\\View.php(208): Illuminate\\View\\Engines\\CompilerEngine->get('C:\\\\Users\\\\USER\\\\D...', Array)
#15 C:\\Users\\USER\\Desktop\\Ostad Classes\\PHP_BATCH6\\M22_C3\\blog-project\\vendor\\laravel\\framework\\src\\Illuminate\\View\\View.php(191): Illuminate\\View\\View->getContents()
#16 C:\\Users\\USER\\Desktop\\Ostad Classes\\PHP_BATCH6\\M22_C3\\blog-project\\vendor\\laravel\\framework\\src\\Illuminate\\View\\View.php(160): Illuminate\\View\\View->renderContents()
#17 C:\\Users\\USER\\Desktop\\Ostad Classes\\PHP_BATCH6\\M22_C3\\blog-project\\vendor\\laravel\\framework\\src\\Illuminate\\Http\\Response.php(78): Illuminate\\View\\View->render()
#18 C:\\Users\\USER\\Desktop\\Ostad Classes\\PHP_BATCH6\\M22_C3\\blog-project\\vendor\\laravel\\framework\\src\\Illuminate\\Http\\Response.php(34): Illuminate\\Http\\Response->setContent(Object(Illuminate\\View\\View))
#19 C:\\Users\\USER\\Desktop\\Ostad Classes\\PHP_BATCH6\\M22_C3\\blog-project\\vendor\\laravel\\framework\\src\\Illuminate\\Routing\\Router.php(924): Illuminate\\Http\\Response->__construct(Object(Illuminate\\View\\View), 200, Array)
#20 C:\\Users\\USER\\Desktop\\Ostad Classes\\PHP_BATCH6\\M22_C3\\blog-project\\vendor\\laravel\\framework\\src\\Illuminate\\Routing\\Router.php(891): Illuminate\\Routing\\Router::toResponse(Object(Illuminate\\Http\\Request), Object(Illuminate\\View\\View))
#21 C:\\Users\\USER\\Desktop\\Ostad Classes\\PHP_BATCH6\\M22_C3\\blog-project\\vendor\\laravel\\framework\\src\\Illuminate\\Routing\\Router.php(807): Illuminate\\Routing\\Router->prepareResponse(Object(Illuminate\\Http\\Request), Object(Illuminate\\View\\View))
#22 C:\\Users\\USER\\Desktop\\Ostad Classes\\PHP_BATCH6\\M22_C3\\blog-project\\vendor\\laravel\\framework\\src\\Illuminate\\Pipeline\\Pipeline.php(169): Illuminate\\Routing\\Router->Illuminate\\Routing\\{closure}(Object(Illuminate\\Http\\Request))
#23 C:\\Users\\USER\\Desktop\\Ostad Classes\\PHP_BATCH6\\M22_C3\\blog-project\\vendor\\laravel\\framework\\src\\Illuminate\\Routing\\Middleware\\SubstituteBindings.php(50): Illuminate\\Pipeline\\Pipeline->Illuminate\\Pipeline\\{closure}(Object(Illuminate\\Http\\Request))
#24 C:\\Users\\USER\\Desktop\\Ostad Classes\\PHP_BATCH6\\M22_C3\\blog-project\\vendor\\laravel\\framework\\src\\Illuminate\\Pipeline\\Pipeline.php(208): Illuminate\\Routing\\Middleware\\SubstituteBindings->handle(Object(Illuminate\\Http\\Request), Object(Closure))
#25 C:\\Users\\USER\\Desktop\\Ostad Classes\\PHP_BATCH6\\M22_C3\\blog-project\\vendor\\laravel\\framework\\src\\Illuminate\\Foundation\\Http\\Middleware\\VerifyCsrfToken.php(87): Illuminate\\Pipeline\\Pipeline->Illuminate\\Pipeline\\{closure}(Object(Illuminate\\Http\\Request))
#26 C:\\Users\\USER\\Desktop\\Ostad Classes\\PHP_BATCH6\\M22_C3\\blog-project\\vendor\\laravel\\framework\\src\\Illuminate\\Pipeline\\Pipeline.php(208): Illuminate\\Foundation\\Http\\Middleware\\VerifyCsrfToken->handle(Object(Illuminate\\Http\\Request), Object(Closure))
#27 C:\\Users\\USER\\Desktop\\Ostad Classes\\PHP_BATCH6\\M22_C3\\blog-project\\vendor\\laravel\\framework\\src\\Illuminate\\View\\Middleware\\ShareErrorsFromSession.php(48): Illuminate\\Pipeline\\Pipeline->Illuminate\\Pipeline\\{closure}(Object(Illuminate\\Http\\Request))
#28 C:\\Users\\USER\\Desktop\\Ostad Classes\\PHP_BATCH6\\M22_C3\\blog-project\\vendor\\laravel\\framework\\src\\Illuminate\\Pipeline\\Pipeline.php(208): Illuminate\\View\\Middleware\\ShareErrorsFromSession->handle(Object(Illuminate\\Http\\Request), Object(Closure))
#29 C:\\Users\\USER\\Desktop\\Ostad Classes\\PHP_BATCH6\\M22_C3\\blog-project\\vendor\\laravel\\framework\\src\\Illuminate\\Session\\Middleware\\StartSession.php(120): Illuminate\\Pipeline\\Pipeline->Illuminate\\Pipeline\\{closure}(Object(Illuminate\\Http\\Request))
#30 C:\\Users\\USER\\Desktop\\Ostad Classes\\PHP_BATCH6\\M22_C3\\blog-project\\vendor\\laravel\\framework\\src\\Illuminate\\Session\\Middleware\\StartSession.php(63): Illuminate\\Session\\Middleware\\StartSession->handleStatefulRequest(Object(Illuminate\\Http\\Request), Object(Illuminate\\Session\\Store), Object(Closure))
#31 C:\\Users\\USER\\Desktop\\Ostad Classes\\PHP_BATCH6\\M22_C3\\blog-project\\vendor\\laravel\\framework\\src\\Illuminate\\Pipeline\\Pipeline.php(208): Illuminate\\Session\\Middleware\\StartSession->handle(Object(Illuminate\\Http\\Request), Object(Closure))
#32 C:\\Users\\USER\\Desktop\\Ostad Classes\\PHP_BATCH6\\M22_C3\\blog-project\\vendor\\laravel\\framework\\src\\Illuminate\\Cookie\\Middleware\\AddQueuedCookiesToResponse.php(36): Illuminate\\Pipeline\\Pipeline->Illuminate\\Pipeline\\{closure}(Object(Illuminate\\Http\\Request))
#33 C:\\Users\\USER\\Desktop\\Ostad Classes\\PHP_BATCH6\\M22_C3\\blog-project\\vendor\\laravel\\framework\\src\\Illuminate\\Pipeline\\Pipeline.php(208): Illuminate\\Cookie\\Middleware\\AddQueuedCookiesToResponse->handle(Object(Illuminate\\Http\\Request), Object(Closure))
#34 C:\\Users\\USER\\Desktop\\Ostad Classes\\PHP_BATCH6\\M22_C3\\blog-project\\vendor\\laravel\\framework\\src\\Illuminate\\Cookie\\Middleware\\EncryptCookies.php(74): Illuminate\\Pipeline\\Pipeline->Illuminate\\Pipeline\\{closure}(Object(Illuminate\\Http\\Request))
#35 C:\\Users\\USER\\Desktop\\Ostad Classes\\PHP_BATCH6\\M22_C3\\blog-project\\vendor\\laravel\\framework\\src\\Illuminate\\Pipeline\\Pipeline.php(208): Illuminate\\Cookie\\Middleware\\EncryptCookies->handle(Object(Illuminate\\Http\\Request), Object(Closure))
#36 C:\\Users\\USER\\Desktop\\Ostad Classes\\PHP_BATCH6\\M22_C3\\blog-project\\vendor\\laravel\\framework\\src\\Illuminate\\Pipeline\\Pipeline.php(126): Illuminate\\Pipeline\\Pipeline->Illuminate\\Pipeline\\{closure}(Object(Illuminate\\Http\\Request))
#37 C:\\Users\\USER\\Desktop\\Ostad Classes\\PHP_BATCH6\\M22_C3\\blog-project\\vendor\\laravel\\framework\\src\\Illuminate\\Routing\\Router.php(807): Illuminate\\Pipeline\\Pipeline->then(Object(Closure))
#38 C:\\Users\\USER\\Desktop\\Ostad Classes\\PHP_BATCH6\\M22_C3\\blog-project\\vendor\\laravel\\framework\\src\\Illuminate\\Routing\\Router.php(786): Illuminate\\Routing\\Router->runRouteWithinStack(Object(Illuminate\\Routing\\Route), Object(Illuminate\\Http\\Request))
#39 C:\\Users\\USER\\Desktop\\Ostad Classes\\PHP_BATCH6\\M22_C3\\blog-project\\vendor\\laravel\\framework\\src\\Illuminate\\Routing\\Router.php(750): Illuminate\\Routing\\Router->runRoute(Object(Illuminate\\Http\\Request), Object(Illuminate\\Routing\\Route))
#40 C:\\Users\\USER\\Desktop\\Ostad Classes\\PHP_BATCH6\\M22_C3\\blog-project\\vendor\\laravel\\framework\\src\\Illuminate\\Routing\\Router.php(739): Illuminate\\Routing\\Router->dispatchToRoute(Object(Illuminate\\Http\\Request))
#41 C:\\Users\\USER\\Desktop\\Ostad Classes\\PHP_BATCH6\\M22_C3\\blog-project\\vendor\\laravel\\framework\\src\\Illuminate\\Foundation\\Http\\Kernel.php(200): Illuminate\\Routing\\Router->dispatch(Object(Illuminate\\Http\\Request))
#42 C:\\Users\\USER\\Desktop\\Ostad Classes\\PHP_BATCH6\\M22_C3\\blog-project\\vendor\\laravel\\framework\\src\\Illuminate\\Pipeline\\Pipeline.php(169): Illuminate\\Foundation\\Http\\Kernel->Illuminate\\Foundation\\Http\\{closure}(Object(Illuminate\\Http\\Request))
#43 C:\\Users\\USER\\Desktop\\Ostad Classes\\PHP_BATCH6\\M22_C3\\blog-project\\vendor\\laravel\\framework\\src\\Illuminate\\Foundation\\Http\\Middleware\\TransformsRequest.php(21): Illuminate\\Pipeline\\Pipeline->Illuminate\\Pipeline\\{closure}(Object(Illuminate\\Http\\Request))
#44 C:\\Users\\USER\\Desktop\\Ostad Classes\\PHP_BATCH6\\M22_C3\\blog-project\\vendor\\laravel\\framework\\src\\Illuminate\\Foundation\\Http\\Middleware\\ConvertEmptyStringsToNull.php(31): Illuminate\\Foundation\\Http\\Middleware\\TransformsRequest->handle(Object(Illuminate\\Http\\Request), Object(Closure))
#45 C:\\Users\\USER\\Desktop\\Ostad Classes\\PHP_BATCH6\\M22_C3\\blog-project\\vendor\\laravel\\framework\\src\\Illuminate\\Pipeline\\Pipeline.php(208): Illuminate\\Foundation\\Http\\Middleware\\ConvertEmptyStringsToNull->handle(Object(Illuminate\\Http\\Request), Object(Closure))
#46 C:\\Users\\USER\\Desktop\\Ostad Classes\\PHP_BATCH6\\M22_C3\\blog-project\\vendor\\laravel\\framework\\src\\Illuminate\\Foundation\\Http\\Middleware\\TransformsRequest.php(21): Illuminate\\Pipeline\\Pipeline->Illuminate\\Pipeline\\{closure}(Object(Illuminate\\Http\\Request))
#47 C:\\Users\\USER\\Desktop\\Ostad Classes\\PHP_BATCH6\\M22_C3\\blog-project\\vendor\\laravel\\framework\\src\\Illuminate\\Foundation\\Http\\Middleware\\TrimStrings.php(51): Illuminate\\Foundation\\Http\\Middleware\\TransformsRequest->handle(Object(Illuminate\\Http\\Request), Object(Closure))
#48 C:\\Users\\USER\\Desktop\\Ostad Classes\\PHP_BATCH6\\M22_C3\\blog-project\\vendor\\laravel\\framework\\src\\Illuminate\\Pipeline\\Pipeline.php(208): Illuminate\\Foundation\\Http\\Middleware\\TrimStrings->handle(Object(Illuminate\\Http\\Request), Object(Closure))
#49 C:\\Users\\USER\\Desktop\\Ostad Classes\\PHP_BATCH6\\M22_C3\\blog-project\\vendor\\laravel\\framework\\src\\Illuminate\\Http\\Middleware\\ValidatePostSize.php(27): Illuminate\\Pipeline\\Pipeline->Illuminate\\Pipeline\\{closure}(Object(Illuminate\\Http\\Request))
#50 C:\\Users\\USER\\Desktop\\Ostad Classes\\PHP_BATCH6\\M22_C3\\blog-project\\vendor\\laravel\\framework\\src\\Illuminate\\Pipeline\\Pipeline.php(208): Illuminate\\Http\\Middleware\\ValidatePostSize->handle(Object(Illuminate\\Http\\Request), Object(Closure))
#51 C:\\Users\\USER\\Desktop\\Ostad Classes\\PHP_BATCH6\\M22_C3\\blog-project\\vendor\\laravel\\framework\\src\\Illuminate\\Foundation\\Http\\Middleware\\PreventRequestsDuringMaintenance.php(109): Illuminate\\Pipeline\\Pipeline->Illuminate\\Pipeline\\{closure}(Object(Illuminate\\Http\\Request))
#52 C:\\Users\\USER\\Desktop\\Ostad Classes\\PHP_BATCH6\\M22_C3\\blog-project\\vendor\\laravel\\framework\\src\\Illuminate\\Pipeline\\Pipeline.php(208): Illuminate\\Foundation\\Http\\Middleware\\PreventRequestsDuringMaintenance->handle(Object(Illuminate\\Http\\Request), Object(Closure))
#53 C:\\Users\\USER\\Desktop\\Ostad Classes\\PHP_BATCH6\\M22_C3\\blog-project\\vendor\\laravel\\framework\\src\\Illuminate\\Http\\Middleware\\HandleCors.php(48): Illuminate\\Pipeline\\Pipeline->Illuminate\\Pipeline\\{closure}(Object(Illuminate\\Http\\Request))
#54 C:\\Users\\USER\\Desktop\\Ostad Classes\\PHP_BATCH6\\M22_C3\\blog-project\\vendor\\laravel\\framework\\src\\Illuminate\\Pipeline\\Pipeline.php(208): Illuminate\\Http\\Middleware\\HandleCors->handle(Object(Illuminate\\Http\\Request), Object(Closure))
#55 C:\\Users\\USER\\Desktop\\Ostad Classes\\PHP_BATCH6\\M22_C3\\blog-project\\vendor\\laravel\\framework\\src\\Illuminate\\Http\\Middleware\\TrustProxies.php(58): Illuminate\\Pipeline\\Pipeline->Illuminate\\Pipeline\\{closure}(Object(Illuminate\\Http\\Request))
#56 C:\\Users\\USER\\Desktop\\Ostad Classes\\PHP_BATCH6\\M22_C3\\blog-project\\vendor\\laravel\\framework\\src\\Illuminate\\Pipeline\\Pipeline.php(208): Illuminate\\Http\\Middleware\\TrustProxies->handle(Object(Illuminate\\Http\\Request), Object(Closure))
#57 C:\\Users\\USER\\Desktop\\Ostad Classes\\PHP_BATCH6\\M22_C3\\blog-project\\vendor\\laravel\\framework\\src\\Illuminate\\Foundation\\Http\\Middleware\\InvokeDeferredCallbacks.php(22): Illuminate\\Pipeline\\Pipeline->Illuminate\\Pipeline\\{closure}(Object(Illuminate\\Http\\Request))
#58 C:\\Users\\USER\\Desktop\\Ostad Classes\\PHP_BATCH6\\M22_C3\\blog-project\\vendor\\laravel\\framework\\src\\Illuminate\\Pipeline\\Pipeline.php(208): Illuminate\\Foundation\\Http\\Middleware\\InvokeDeferredCallbacks->handle(Object(Illuminate\\Http\\Request), Object(Closure))
#59 C:\\Users\\USER\\Desktop\\Ostad Classes\\PHP_BATCH6\\M22_C3\\blog-project\\vendor\\laravel\\framework\\src\\Illuminate\\Http\\Middleware\\ValidatePathEncoding.php(26): Illuminate\\Pipeline\\Pipeline->Illuminate\\Pipeline\\{closure}(Object(Illuminate\\Http\\Request))
#60 C:\\Users\\USER\\Desktop\\Ostad Classes\\PHP_BATCH6\\M22_C3\\blog-project\\vendor\\laravel\\framework\\src\\Illuminate\\Pipeline\\Pipeline.php(208): Illuminate\\Http\\Middleware\\ValidatePathEncoding->handle(Object(Illuminate\\Http\\Request), Object(Closure))
#61 C:\\Users\\USER\\Desktop\\Ostad Classes\\PHP_BATCH6\\M22_C3\\blog-project\\vendor\\laravel\\framework\\src\\Illuminate\\Pipeline\\Pipeline.php(126): Illuminate\\Pipeline\\Pipeline->Illuminate\\Pipeline\\{closure}(Object(Illuminate\\Http\\Request))
#62 C:\\Users\\USER\\Desktop\\Ostad Classes\\PHP_BATCH6\\M22_C3\\blog-project\\vendor\\laravel\\framework\\src\\Illuminate\\Foundation\\Http\\Kernel.php(175): Illuminate\\Pipeline\\Pipeline->then(Object(Closure))
#63 C:\\Users\\USER\\Desktop\\Ostad Classes\\PHP_BATCH6\\M22_C3\\blog-project\\vendor\\laravel\\framework\\src\\Illuminate\\Foundation\\Http\\Kernel.php(144): Illuminate\\Foundation\\Http\\Kernel->sendRequestThroughRouter(Object(Illuminate\\Http\\Request))
#64 C:\\Users\\USER\\Desktop\\Ostad Classes\\PHP_BATCH6\\M22_C3\\blog-project\\vendor\\laravel\\framework\\src\\Illuminate\\Foundation\\Application.php(1219): Illuminate\\Foundation\\Http\\Kernel->handle(Object(Illuminate\\Http\\Request))
#65 C:\\Users\\USER\\Desktop\\Ostad Classes\\PHP_BATCH6\\M22_C3\\blog-project\\public\\index.php(20): Illuminate\\Foundation\\Application->handleRequest(Object(Illuminate\\Http\\Request))
#66 C:\\Users\\USER\\Desktop\\Ostad Classes\\PHP_BATCH6\\M22_C3\\blog-project\\vendor\\laravel\\framework\\src\\Illuminate\\Foundation\\resources\\server.php(23): require_once('C:\\\\Users\\\\USER\\\\D...')
#67 {main}
"} 
[2025-05-02 00:21:55] local.ERROR: Attempt to read property "name" on null (View: C:\Users\USER\Desktop\Ostad Classes\PHP_BATCH6\M22_C3\blog-project\resources\views\admin\layouts\master.blade.php) (View: C:\Users\USER\Desktop\Ostad Classes\PHP_BATCH6\M22_C3\blog-project\resources\views\admin\layouts\master.blade.php) {"exception":"[object] (Illuminate\\View\\ViewException(code: 0): Attempt to read property \"name\" on null (View: C:\\Users\\USER\\Desktop\\Ostad Classes\\PHP_BATCH6\\M22_C3\\blog-project\\resources\\views\\admin\\layouts\\master.blade.php) (View: C:\\Users\\USER\\Desktop\\Ostad Classes\\PHP_BATCH6\\M22_C3\\blog-project\\resources\\views\\admin\\layouts\\master.blade.php) at C:\\Users\\USER\\Desktop\\Ostad Classes\\PHP_BATCH6\\M22_C3\\blog-project\\storage\\framework\\views\\f828056aa17d1a723dcba5cf62408edb.php:60)
[stacktrace]
#0 C:\\Users\\USER\\Desktop\\Ostad Classes\\PHP_BATCH6\\M22_C3\\blog-project\\vendor\\laravel\\framework\\src\\Illuminate\\View\\Engines\\PhpEngine.php(59): Illuminate\\View\\Engines\\CompilerEngine->handleViewException(Object(Illuminate\\View\\ViewException), 1)
#1 C:\\Users\\USER\\Desktop\\Ostad Classes\\PHP_BATCH6\\M22_C3\\blog-project\\vendor\\laravel\\framework\\src\\Illuminate\\View\\Engines\\CompilerEngine.php(74): Illuminate\\View\\Engines\\PhpEngine->evaluatePath('C:\\\\Users\\\\USER\\\\D...', Array)
#2 C:\\Users\\USER\\Desktop\\Ostad Classes\\PHP_BATCH6\\M22_C3\\blog-project\\vendor\\laravel\\framework\\src\\Illuminate\\View\\View.php(208): Illuminate\\View\\Engines\\CompilerEngine->get('C:\\\\Users\\\\USER\\\\D...', Array)
#3 C:\\Users\\USER\\Desktop\\Ostad Classes\\PHP_BATCH6\\M22_C3\\blog-project\\vendor\\laravel\\framework\\src\\Illuminate\\View\\View.php(191): Illuminate\\View\\View->getContents()
#4 C:\\Users\\USER\\Desktop\\Ostad Classes\\PHP_BATCH6\\M22_C3\\blog-project\\vendor\\laravel\\framework\\src\\Illuminate\\View\\View.php(160): Illuminate\\View\\View->renderContents()
#5 C:\\Users\\USER\\Desktop\\Ostad Classes\\PHP_BATCH6\\M22_C3\\blog-project\\vendor\\laravel\\framework\\src\\Illuminate\\Http\\Response.php(78): Illuminate\\View\\View->render()
#6 C:\\Users\\USER\\Desktop\\Ostad Classes\\PHP_BATCH6\\M22_C3\\blog-project\\vendor\\laravel\\framework\\src\\Illuminate\\Http\\Response.php(34): Illuminate\\Http\\Response->setContent(Object(Illuminate\\View\\View))
#7 C:\\Users\\USER\\Desktop\\Ostad Classes\\PHP_BATCH6\\M22_C3\\blog-project\\vendor\\laravel\\framework\\src\\Illuminate\\Routing\\Router.php(924): Illuminate\\Http\\Response->__construct(Object(Illuminate\\View\\View), 200, Array)
#8 C:\\Users\\USER\\Desktop\\Ostad Classes\\PHP_BATCH6\\M22_C3\\blog-project\\vendor\\laravel\\framework\\src\\Illuminate\\Routing\\Router.php(891): Illuminate\\Routing\\Router::toResponse(Object(Illuminate\\Http\\Request), Object(Illuminate\\View\\View))
#9 C:\\Users\\USER\\Desktop\\Ostad Classes\\PHP_BATCH6\\M22_C3\\blog-project\\vendor\\laravel\\framework\\src\\Illuminate\\Routing\\Router.php(807): Illuminate\\Routing\\Router->prepareResponse(Object(Illuminate\\Http\\Request), Object(Illuminate\\View\\View))
#10 C:\\Users\\USER\\Desktop\\Ostad Classes\\PHP_BATCH6\\M22_C3\\blog-project\\vendor\\laravel\\framework\\src\\Illuminate\\Pipeline\\Pipeline.php(169): Illuminate\\Routing\\Router->Illuminate\\Routing\\{closure}(Object(Illuminate\\Http\\Request))
#11 C:\\Users\\USER\\Desktop\\Ostad Classes\\PHP_BATCH6\\M22_C3\\blog-project\\vendor\\laravel\\framework\\src\\Illuminate\\Routing\\Middleware\\SubstituteBindings.php(50): Illuminate\\Pipeline\\Pipeline->Illuminate\\Pipeline\\{closure}(Object(Illuminate\\Http\\Request))
#12 C:\\Users\\USER\\Desktop\\Ostad Classes\\PHP_BATCH6\\M22_C3\\blog-project\\vendor\\laravel\\framework\\src\\Illuminate\\Pipeline\\Pipeline.php(208): Illuminate\\Routing\\Middleware\\SubstituteBindings->handle(Object(Illuminate\\Http\\Request), Object(Closure))
#13 C:\\Users\\USER\\Desktop\\Ostad Classes\\PHP_BATCH6\\M22_C3\\blog-project\\vendor\\laravel\\framework\\src\\Illuminate\\Foundation\\Http\\Middleware\\VerifyCsrfToken.php(87): Illuminate\\Pipeline\\Pipeline->Illuminate\\Pipeline\\{closure}(Object(Illuminate\\Http\\Request))
#14 C:\\Users\\USER\\Desktop\\Ostad Classes\\PHP_BATCH6\\M22_C3\\blog-project\\vendor\\laravel\\framework\\src\\Illuminate\\Pipeline\\Pipeline.php(208): Illuminate\\Foundation\\Http\\Middleware\\VerifyCsrfToken->handle(Object(Illuminate\\Http\\Request), Object(Closure))
#15 C:\\Users\\USER\\Desktop\\Ostad Classes\\PHP_BATCH6\\M22_C3\\blog-project\\vendor\\laravel\\framework\\src\\Illuminate\\View\\Middleware\\ShareErrorsFromSession.php(48): Illuminate\\Pipeline\\Pipeline->Illuminate\\Pipeline\\{closure}(Object(Illuminate\\Http\\Request))
#16 C:\\Users\\USER\\Desktop\\Ostad Classes\\PHP_BATCH6\\M22_C3\\blog-project\\vendor\\laravel\\framework\\src\\Illuminate\\Pipeline\\Pipeline.php(208): Illuminate\\View\\Middleware\\ShareErrorsFromSession->handle(Object(Illuminate\\Http\\Request), Object(Closure))
#17 C:\\Users\\USER\\Desktop\\Ostad Classes\\PHP_BATCH6\\M22_C3\\blog-project\\vendor\\laravel\\framework\\src\\Illuminate\\Session\\Middleware\\StartSession.php(120): Illuminate\\Pipeline\\Pipeline->Illuminate\\Pipeline\\{closure}(Object(Illuminate\\Http\\Request))
#18 C:\\Users\\USER\\Desktop\\Ostad Classes\\PHP_BATCH6\\M22_C3\\blog-project\\vendor\\laravel\\framework\\src\\Illuminate\\Session\\Middleware\\StartSession.php(63): Illuminate\\Session\\Middleware\\StartSession->handleStatefulRequest(Object(Illuminate\\Http\\Request), Object(Illuminate\\Session\\Store), Object(Closure))
#19 C:\\Users\\USER\\Desktop\\Ostad Classes\\PHP_BATCH6\\M22_C3\\blog-project\\vendor\\laravel\\framework\\src\\Illuminate\\Pipeline\\Pipeline.php(208): Illuminate\\Session\\Middleware\\StartSession->handle(Object(Illuminate\\Http\\Request), Object(Closure))
#20 C:\\Users\\USER\\Desktop\\Ostad Classes\\PHP_BATCH6\\M22_C3\\blog-project\\vendor\\laravel\\framework\\src\\Illuminate\\Cookie\\Middleware\\AddQueuedCookiesToResponse.php(36): Illuminate\\Pipeline\\Pipeline->Illuminate\\Pipeline\\{closure}(Object(Illuminate\\Http\\Request))
#21 C:\\Users\\USER\\Desktop\\Ostad Classes\\PHP_BATCH6\\M22_C3\\blog-project\\vendor\\laravel\\framework\\src\\Illuminate\\Pipeline\\Pipeline.php(208): Illuminate\\Cookie\\Middleware\\AddQueuedCookiesToResponse->handle(Object(Illuminate\\Http\\Request), Object(Closure))
#22 C:\\Users\\USER\\Desktop\\Ostad Classes\\PHP_BATCH6\\M22_C3\\blog-project\\vendor\\laravel\\framework\\src\\Illuminate\\Cookie\\Middleware\\EncryptCookies.php(74): Illuminate\\Pipeline\\Pipeline->Illuminate\\Pipeline\\{closure}(Object(Illuminate\\Http\\Request))
#23 C:\\Users\\USER\\Desktop\\Ostad Classes\\PHP_BATCH6\\M22_C3\\blog-project\\vendor\\laravel\\framework\\src\\Illuminate\\Pipeline\\Pipeline.php(208): Illuminate\\Cookie\\Middleware\\EncryptCookies->handle(Object(Illuminate\\Http\\Request), Object(Closure))
#24 C:\\Users\\USER\\Desktop\\Ostad Classes\\PHP_BATCH6\\M22_C3\\blog-project\\vendor\\laravel\\framework\\src\\Illuminate\\Pipeline\\Pipeline.php(126): Illuminate\\Pipeline\\Pipeline->Illuminate\\Pipeline\\{closure}(Object(Illuminate\\Http\\Request))
#25 C:\\Users\\USER\\Desktop\\Ostad Classes\\PHP_BATCH6\\M22_C3\\blog-project\\vendor\\laravel\\framework\\src\\Illuminate\\Routing\\Router.php(807): Illuminate\\Pipeline\\Pipeline->then(Object(Closure))
#26 C:\\Users\\USER\\Desktop\\Ostad Classes\\PHP_BATCH6\\M22_C3\\blog-project\\vendor\\laravel\\framework\\src\\Illuminate\\Routing\\Router.php(786): Illuminate\\Routing\\Router->runRouteWithinStack(Object(Illuminate\\Routing\\Route), Object(Illuminate\\Http\\Request))
#27 C:\\Users\\USER\\Desktop\\Ostad Classes\\PHP_BATCH6\\M22_C3\\blog-project\\vendor\\laravel\\framework\\src\\Illuminate\\Routing\\Router.php(750): Illuminate\\Routing\\Router->runRoute(Object(Illuminate\\Http\\Request), Object(Illuminate\\Routing\\Route))
#28 C:\\Users\\USER\\Desktop\\Ostad Classes\\PHP_BATCH6\\M22_C3\\blog-project\\vendor\\laravel\\framework\\src\\Illuminate\\Routing\\Router.php(739): Illuminate\\Routing\\Router->dispatchToRoute(Object(Illuminate\\Http\\Request))
#29 C:\\Users\\USER\\Desktop\\Ostad Classes\\PHP_BATCH6\\M22_C3\\blog-project\\vendor\\laravel\\framework\\src\\Illuminate\\Foundation\\Http\\Kernel.php(200): Illuminate\\Routing\\Router->dispatch(Object(Illuminate\\Http\\Request))
#30 C:\\Users\\USER\\Desktop\\Ostad Classes\\PHP_BATCH6\\M22_C3\\blog-project\\vendor\\laravel\\framework\\src\\Illuminate\\Pipeline\\Pipeline.php(169): Illuminate\\Foundation\\Http\\Kernel->Illuminate\\Foundation\\Http\\{closure}(Object(Illuminate\\Http\\Request))
#31 C:\\Users\\USER\\Desktop\\Ostad Classes\\PHP_BATCH6\\M22_C3\\blog-project\\vendor\\laravel\\framework\\src\\Illuminate\\Foundation\\Http\\Middleware\\TransformsRequest.php(21): Illuminate\\Pipeline\\Pipeline->Illuminate\\Pipeline\\{closure}(Object(Illuminate\\Http\\Request))
#32 C:\\Users\\USER\\Desktop\\Ostad Classes\\PHP_BATCH6\\M22_C3\\blog-project\\vendor\\laravel\\framework\\src\\Illuminate\\Foundation\\Http\\Middleware\\ConvertEmptyStringsToNull.php(31): Illuminate\\Foundation\\Http\\Middleware\\TransformsRequest->handle(Object(Illuminate\\Http\\Request), Object(Closure))
#33 C:\\Users\\USER\\Desktop\\Ostad Classes\\PHP_BATCH6\\M22_C3\\blog-project\\vendor\\laravel\\framework\\src\\Illuminate\\Pipeline\\Pipeline.php(208): Illuminate\\Foundation\\Http\\Middleware\\ConvertEmptyStringsToNull->handle(Object(Illuminate\\Http\\Request), Object(Closure))
#34 C:\\Users\\USER\\Desktop\\Ostad Classes\\PHP_BATCH6\\M22_C3\\blog-project\\vendor\\laravel\\framework\\src\\Illuminate\\Foundation\\Http\\Middleware\\TransformsRequest.php(21): Illuminate\\Pipeline\\Pipeline->Illuminate\\Pipeline\\{closure}(Object(Illuminate\\Http\\Request))
#35 C:\\Users\\USER\\Desktop\\Ostad Classes\\PHP_BATCH6\\M22_C3\\blog-project\\vendor\\laravel\\framework\\src\\Illuminate\\Foundation\\Http\\Middleware\\TrimStrings.php(51): Illuminate\\Foundation\\Http\\Middleware\\TransformsRequest->handle(Object(Illuminate\\Http\\Request), Object(Closure))
#36 C:\\Users\\USER\\Desktop\\Ostad Classes\\PHP_BATCH6\\M22_C3\\blog-project\\vendor\\laravel\\framework\\src\\Illuminate\\Pipeline\\Pipeline.php(208): Illuminate\\Foundation\\Http\\Middleware\\TrimStrings->handle(Object(Illuminate\\Http\\Request), Object(Closure))
#37 C:\\Users\\USER\\Desktop\\Ostad Classes\\PHP_BATCH6\\M22_C3\\blog-project\\vendor\\laravel\\framework\\src\\Illuminate\\Http\\Middleware\\ValidatePostSize.php(27): Illuminate\\Pipeline\\Pipeline->Illuminate\\Pipeline\\{closure}(Object(Illuminate\\Http\\Request))
#38 C:\\Users\\USER\\Desktop\\Ostad Classes\\PHP_BATCH6\\M22_C3\\blog-project\\vendor\\laravel\\framework\\src\\Illuminate\\Pipeline\\Pipeline.php(208): Illuminate\\Http\\Middleware\\ValidatePostSize->handle(Object(Illuminate\\Http\\Request), Object(Closure))
#39 C:\\Users\\USER\\Desktop\\Ostad Classes\\PHP_BATCH6\\M22_C3\\blog-project\\vendor\\laravel\\framework\\src\\Illuminate\\Foundation\\Http\\Middleware\\PreventRequestsDuringMaintenance.php(109): Illuminate\\Pipeline\\Pipeline->Illuminate\\Pipeline\\{closure}(Object(Illuminate\\Http\\Request))
#40 C:\\Users\\USER\\Desktop\\Ostad Classes\\PHP_BATCH6\\M22_C3\\blog-project\\vendor\\laravel\\framework\\src\\Illuminate\\Pipeline\\Pipeline.php(208): Illuminate\\Foundation\\Http\\Middleware\\PreventRequestsDuringMaintenance->handle(Object(Illuminate\\Http\\Request), Object(Closure))
#41 C:\\Users\\USER\\Desktop\\Ostad Classes\\PHP_BATCH6\\M22_C3\\blog-project\\vendor\\laravel\\framework\\src\\Illuminate\\Http\\Middleware\\HandleCors.php(48): Illuminate\\Pipeline\\Pipeline->Illuminate\\Pipeline\\{closure}(Object(Illuminate\\Http\\Request))
#42 C:\\Users\\USER\\Desktop\\Ostad Classes\\PHP_BATCH6\\M22_C3\\blog-project\\vendor\\laravel\\framework\\src\\Illuminate\\Pipeline\\Pipeline.php(208): Illuminate\\Http\\Middleware\\HandleCors->handle(Object(Illuminate\\Http\\Request), Object(Closure))
#43 C:\\Users\\USER\\Desktop\\Ostad Classes\\PHP_BATCH6\\M22_C3\\blog-project\\vendor\\laravel\\framework\\src\\Illuminate\\Http\\Middleware\\TrustProxies.php(58): Illuminate\\Pipeline\\Pipeline->Illuminate\\Pipeline\\{closure}(Object(Illuminate\\Http\\Request))
#44 C:\\Users\\USER\\Desktop\\Ostad Classes\\PHP_BATCH6\\M22_C3\\blog-project\\vendor\\laravel\\framework\\src\\Illuminate\\Pipeline\\Pipeline.php(208): Illuminate\\Http\\Middleware\\TrustProxies->handle(Object(Illuminate\\Http\\Request), Object(Closure))
#45 C:\\Users\\USER\\Desktop\\Ostad Classes\\PHP_BATCH6\\M22_C3\\blog-project\\vendor\\laravel\\framework\\src\\Illuminate\\Foundation\\Http\\Middleware\\InvokeDeferredCallbacks.php(22): Illuminate\\Pipeline\\Pipeline->Illuminate\\Pipeline\\{closure}(Object(Illuminate\\Http\\Request))
#46 C:\\Users\\USER\\Desktop\\Ostad Classes\\PHP_BATCH6\\M22_C3\\blog-project\\vendor\\laravel\\framework\\src\\Illuminate\\Pipeline\\Pipeline.php(208): Illuminate\\Foundation\\Http\\Middleware\\InvokeDeferredCallbacks->handle(Object(Illuminate\\Http\\Request), Object(Closure))
#47 C:\\Users\\USER\\Desktop\\Ostad Classes\\PHP_BATCH6\\M22_C3\\blog-project\\vendor\\laravel\\framework\\src\\Illuminate\\Http\\Middleware\\ValidatePathEncoding.php(26): Illuminate\\Pipeline\\Pipeline->Illuminate\\Pipeline\\{closure}(Object(Illuminate\\Http\\Request))
#48 C:\\Users\\USER\\Desktop\\Ostad Classes\\PHP_BATCH6\\M22_C3\\blog-project\\vendor\\laravel\\framework\\src\\Illuminate\\Pipeline\\Pipeline.php(208): Illuminate\\Http\\Middleware\\ValidatePathEncoding->handle(Object(Illuminate\\Http\\Request), Object(Closure))
#49 C:\\Users\\USER\\Desktop\\Ostad Classes\\PHP_BATCH6\\M22_C3\\blog-project\\vendor\\laravel\\framework\\src\\Illuminate\\Pipeline\\Pipeline.php(126): Illuminate\\Pipeline\\Pipeline->Illuminate\\Pipeline\\{closure}(Object(Illuminate\\Http\\Request))
#50 C:\\Users\\USER\\Desktop\\Ostad Classes\\PHP_BATCH6\\M22_C3\\blog-project\\vendor\\laravel\\framework\\src\\Illuminate\\Foundation\\Http\\Kernel.php(175): Illuminate\\Pipeline\\Pipeline->then(Object(Closure))
#51 C:\\Users\\USER\\Desktop\\Ostad Classes\\PHP_BATCH6\\M22_C3\\blog-project\\vendor\\laravel\\framework\\src\\Illuminate\\Foundation\\Http\\Kernel.php(144): Illuminate\\Foundation\\Http\\Kernel->sendRequestThroughRouter(Object(Illuminate\\Http\\Request))
#52 C:\\Users\\USER\\Desktop\\Ostad Classes\\PHP_BATCH6\\M22_C3\\blog-project\\vendor\\laravel\\framework\\src\\Illuminate\\Foundation\\Application.php(1219): Illuminate\\Foundation\\Http\\Kernel->handle(Object(Illuminate\\Http\\Request))
#53 C:\\Users\\USER\\Desktop\\Ostad Classes\\PHP_BATCH6\\M22_C3\\blog-project\\public\\index.php(20): Illuminate\\Foundation\\Application->handleRequest(Object(Illuminate\\Http\\Request))
#54 C:\\Users\\USER\\Desktop\\Ostad Classes\\PHP_BATCH6\\M22_C3\\blog-project\\vendor\\laravel\\framework\\src\\Illuminate\\Foundation\\resources\\server.php(23): require_once('C:\\\\Users\\\\USER\\\\D...')
#55 {main}

[previous exception] [object] (Illuminate\\View\\ViewException(code: 0): Attempt to read property \"name\" on null (View: C:\\Users\\USER\\Desktop\\Ostad Classes\\PHP_BATCH6\\M22_C3\\blog-project\\resources\\views\\admin\\layouts\\master.blade.php) at C:\\Users\\USER\\Desktop\\Ostad Classes\\PHP_BATCH6\\M22_C3\\blog-project\\storage\\framework\\views\\f828056aa17d1a723dcba5cf62408edb.php:60)
[stacktrace]
#0 C:\\Users\\USER\\Desktop\\Ostad Classes\\PHP_BATCH6\\M22_C3\\blog-project\\vendor\\laravel\\framework\\src\\Illuminate\\View\\Engines\\PhpEngine.php(59): Illuminate\\View\\Engines\\CompilerEngine->handleViewException(Object(ErrorException), 2)
#1 C:\\Users\\USER\\Desktop\\Ostad Classes\\PHP_BATCH6\\M22_C3\\blog-project\\vendor\\laravel\\framework\\src\\Illuminate\\View\\Engines\\CompilerEngine.php(74): Illuminate\\View\\Engines\\PhpEngine->evaluatePath('C:\\\\Users\\\\USER\\\\D...', Array)
#2 C:\\Users\\USER\\Desktop\\Ostad Classes\\PHP_BATCH6\\M22_C3\\blog-project\\vendor\\laravel\\framework\\src\\Illuminate\\View\\View.php(208): Illuminate\\View\\Engines\\CompilerEngine->get('C:\\\\Users\\\\USER\\\\D...', Array)
#3 C:\\Users\\USER\\Desktop\\Ostad Classes\\PHP_BATCH6\\M22_C3\\blog-project\\vendor\\laravel\\framework\\src\\Illuminate\\View\\View.php(191): Illuminate\\View\\View->getContents()
#4 C:\\Users\\USER\\Desktop\\Ostad Classes\\PHP_BATCH6\\M22_C3\\blog-project\\vendor\\laravel\\framework\\src\\Illuminate\\View\\View.php(160): Illuminate\\View\\View->renderContents()
#5 C:\\Users\\USER\\Desktop\\Ostad Classes\\PHP_BATCH6\\M22_C3\\blog-project\\storage\\framework\\views\\884a90fd78139ae33db5fa58a2c5bd27.php(59): Illuminate\\View\\View->render()
#6 C:\\Users\\USER\\Desktop\\Ostad Classes\\PHP_BATCH6\\M22_C3\\blog-project\\vendor\\laravel\\framework\\src\\Illuminate\\Filesystem\\Filesystem.php(123): require('C:\\\\Users\\\\USER\\\\D...')
#7 C:\\Users\\USER\\Desktop\\Ostad Classes\\PHP_BATCH6\\M22_C3\\blog-project\\vendor\\laravel\\framework\\src\\Illuminate\\Filesystem\\Filesystem.php(124): Illuminate\\Filesystem\\Filesystem::Illuminate\\Filesystem\\{closure}()
#8 C:\\Users\\USER\\Desktop\\Ostad Classes\\PHP_BATCH6\\M22_C3\\blog-project\\vendor\\laravel\\framework\\src\\Illuminate\\View\\Engines\\PhpEngine.php(57): Illuminate\\Filesystem\\Filesystem->getRequire('C:\\\\Users\\\\USER\\\\D...', Array)
#9 C:\\Users\\USER\\Desktop\\Ostad Classes\\PHP_BATCH6\\M22_C3\\blog-project\\vendor\\laravel\\framework\\src\\Illuminate\\View\\Engines\\CompilerEngine.php(74): Illuminate\\View\\Engines\\PhpEngine->evaluatePath('C:\\\\Users\\\\USER\\\\D...', Array)
#10 C:\\Users\\USER\\Desktop\\Ostad Classes\\PHP_BATCH6\\M22_C3\\blog-project\\vendor\\laravel\\framework\\src\\Illuminate\\View\\View.php(208): Illuminate\\View\\Engines\\CompilerEngine->get('C:\\\\Users\\\\USER\\\\D...', Array)
#11 C:\\Users\\USER\\Desktop\\Ostad Classes\\PHP_BATCH6\\M22_C3\\blog-project\\vendor\\laravel\\framework\\src\\Illuminate\\View\\View.php(191): Illuminate\\View\\View->getContents()
#12 C:\\Users\\USER\\Desktop\\Ostad Classes\\PHP_BATCH6\\M22_C3\\blog-project\\vendor\\laravel\\framework\\src\\Illuminate\\View\\View.php(160): Illuminate\\View\\View->renderContents()
#13 C:\\Users\\USER\\Desktop\\Ostad Classes\\PHP_BATCH6\\M22_C3\\blog-project\\vendor\\laravel\\framework\\src\\Illuminate\\Http\\Response.php(78): Illuminate\\View\\View->render()
#14 C:\\Users\\USER\\Desktop\\Ostad Classes\\PHP_BATCH6\\M22_C3\\blog-project\\vendor\\laravel\\framework\\src\\Illuminate\\Http\\Response.php(34): Illuminate\\Http\\Response->setContent(Object(Illuminate\\View\\View))
#15 C:\\Users\\USER\\Desktop\\Ostad Classes\\PHP_BATCH6\\M22_C3\\blog-project\\vendor\\laravel\\framework\\src\\Illuminate\\Routing\\Router.php(924): Illuminate\\Http\\Response->__construct(Object(Illuminate\\View\\View), 200, Array)
#16 C:\\Users\\USER\\Desktop\\Ostad Classes\\PHP_BATCH6\\M22_C3\\blog-project\\vendor\\laravel\\framework\\src\\Illuminate\\Routing\\Router.php(891): Illuminate\\Routing\\Router::toResponse(Object(Illuminate\\Http\\Request), Object(Illuminate\\View\\View))
#17 C:\\Users\\USER\\Desktop\\Ostad Classes\\PHP_BATCH6\\M22_C3\\blog-project\\vendor\\laravel\\framework\\src\\Illuminate\\Routing\\Router.php(807): Illuminate\\Routing\\Router->prepareResponse(Object(Illuminate\\Http\\Request), Object(Illuminate\\View\\View))
#18 C:\\Users\\USER\\Desktop\\Ostad Classes\\PHP_BATCH6\\M22_C3\\blog-project\\vendor\\laravel\\framework\\src\\Illuminate\\Pipeline\\Pipeline.php(169): Illuminate\\Routing\\Router->Illuminate\\Routing\\{closure}(Object(Illuminate\\Http\\Request))
#19 C:\\Users\\USER\\Desktop\\Ostad Classes\\PHP_BATCH6\\M22_C3\\blog-project\\vendor\\laravel\\framework\\src\\Illuminate\\Routing\\Middleware\\SubstituteBindings.php(50): Illuminate\\Pipeline\\Pipeline->Illuminate\\Pipeline\\{closure}(Object(Illuminate\\Http\\Request))
#20 C:\\Users\\USER\\Desktop\\Ostad Classes\\PHP_BATCH6\\M22_C3\\blog-project\\vendor\\laravel\\framework\\src\\Illuminate\\Pipeline\\Pipeline.php(208): Illuminate\\Routing\\Middleware\\SubstituteBindings->handle(Object(Illuminate\\Http\\Request), Object(Closure))
#21 C:\\Users\\USER\\Desktop\\Ostad Classes\\PHP_BATCH6\\M22_C3\\blog-project\\vendor\\laravel\\framework\\src\\Illuminate\\Foundation\\Http\\Middleware\\VerifyCsrfToken.php(87): Illuminate\\Pipeline\\Pipeline->Illuminate\\Pipeline\\{closure}(Object(Illuminate\\Http\\Request))
#22 C:\\Users\\USER\\Desktop\\Ostad Classes\\PHP_BATCH6\\M22_C3\\blog-project\\vendor\\laravel\\framework\\src\\Illuminate\\Pipeline\\Pipeline.php(208): Illuminate\\Foundation\\Http\\Middleware\\VerifyCsrfToken->handle(Object(Illuminate\\Http\\Request), Object(Closure))
#23 C:\\Users\\USER\\Desktop\\Ostad Classes\\PHP_BATCH6\\M22_C3\\blog-project\\vendor\\laravel\\framework\\src\\Illuminate\\View\\Middleware\\ShareErrorsFromSession.php(48): Illuminate\\Pipeline\\Pipeline->Illuminate\\Pipeline\\{closure}(Object(Illuminate\\Http\\Request))
#24 C:\\Users\\USER\\Desktop\\Ostad Classes\\PHP_BATCH6\\M22_C3\\blog-project\\vendor\\laravel\\framework\\src\\Illuminate\\Pipeline\\Pipeline.php(208): Illuminate\\View\\Middleware\\ShareErrorsFromSession->handle(Object(Illuminate\\Http\\Request), Object(Closure))
#25 C:\\Users\\USER\\Desktop\\Ostad Classes\\PHP_BATCH6\\M22_C3\\blog-project\\vendor\\laravel\\framework\\src\\Illuminate\\Session\\Middleware\\StartSession.php(120): Illuminate\\Pipeline\\Pipeline->Illuminate\\Pipeline\\{closure}(Object(Illuminate\\Http\\Request))
#26 C:\\Users\\USER\\Desktop\\Ostad Classes\\PHP_BATCH6\\M22_C3\\blog-project\\vendor\\laravel\\framework\\src\\Illuminate\\Session\\Middleware\\StartSession.php(63): Illuminate\\Session\\Middleware\\StartSession->handleStatefulRequest(Object(Illuminate\\Http\\Request), Object(Illuminate\\Session\\Store), Object(Closure))
#27 C:\\Users\\USER\\Desktop\\Ostad Classes\\PHP_BATCH6\\M22_C3\\blog-project\\vendor\\laravel\\framework\\src\\Illuminate\\Pipeline\\Pipeline.php(208): Illuminate\\Session\\Middleware\\StartSession->handle(Object(Illuminate\\Http\\Request), Object(Closure))
#28 C:\\Users\\USER\\Desktop\\Ostad Classes\\PHP_BATCH6\\M22_C3\\blog-project\\vendor\\laravel\\framework\\src\\Illuminate\\Cookie\\Middleware\\AddQueuedCookiesToResponse.php(36): Illuminate\\Pipeline\\Pipeline->Illuminate\\Pipeline\\{closure}(Object(Illuminate\\Http\\Request))
#29 C:\\Users\\USER\\Desktop\\Ostad Classes\\PHP_BATCH6\\M22_C3\\blog-project\\vendor\\laravel\\framework\\src\\Illuminate\\Pipeline\\Pipeline.php(208): Illuminate\\Cookie\\Middleware\\AddQueuedCookiesToResponse->handle(Object(Illuminate\\Http\\Request), Object(Closure))
#30 C:\\Users\\USER\\Desktop\\Ostad Classes\\PHP_BATCH6\\M22_C3\\blog-project\\vendor\\laravel\\framework\\src\\Illuminate\\Cookie\\Middleware\\EncryptCookies.php(74): Illuminate\\Pipeline\\Pipeline->Illuminate\\Pipeline\\{closure}(Object(Illuminate\\Http\\Request))
#31 C:\\Users\\USER\\Desktop\\Ostad Classes\\PHP_BATCH6\\M22_C3\\blog-project\\vendor\\laravel\\framework\\src\\Illuminate\\Pipeline\\Pipeline.php(208): Illuminate\\Cookie\\Middleware\\EncryptCookies->handle(Object(Illuminate\\Http\\Request), Object(Closure))
#32 C:\\Users\\USER\\Desktop\\Ostad Classes\\PHP_BATCH6\\M22_C3\\blog-project\\vendor\\laravel\\framework\\src\\Illuminate\\Pipeline\\Pipeline.php(126): Illuminate\\Pipeline\\Pipeline->Illuminate\\Pipeline\\{closure}(Object(Illuminate\\Http\\Request))
#33 C:\\Users\\USER\\Desktop\\Ostad Classes\\PHP_BATCH6\\M22_C3\\blog-project\\vendor\\laravel\\framework\\src\\Illuminate\\Routing\\Router.php(807): Illuminate\\Pipeline\\Pipeline->then(Object(Closure))
#34 C:\\Users\\USER\\Desktop\\Ostad Classes\\PHP_BATCH6\\M22_C3\\blog-project\\vendor\\laravel\\framework\\src\\Illuminate\\Routing\\Router.php(786): Illuminate\\Routing\\Router->runRouteWithinStack(Object(Illuminate\\Routing\\Route), Object(Illuminate\\Http\\Request))
#35 C:\\Users\\USER\\Desktop\\Ostad Classes\\PHP_BATCH6\\M22_C3\\blog-project\\vendor\\laravel\\framework\\src\\Illuminate\\Routing\\Router.php(750): Illuminate\\Routing\\Router->runRoute(Object(Illuminate\\Http\\Request), Object(Illuminate\\Routing\\Route))
#36 C:\\Users\\USER\\Desktop\\Ostad Classes\\PHP_BATCH6\\M22_C3\\blog-project\\vendor\\laravel\\framework\\src\\Illuminate\\Routing\\Router.php(739): Illuminate\\Routing\\Router->dispatchToRoute(Object(Illuminate\\Http\\Request))
#37 C:\\Users\\USER\\Desktop\\Ostad Classes\\PHP_BATCH6\\M22_C3\\blog-project\\vendor\\laravel\\framework\\src\\Illuminate\\Foundation\\Http\\Kernel.php(200): Illuminate\\Routing\\Router->dispatch(Object(Illuminate\\Http\\Request))
#38 C:\\Users\\USER\\Desktop\\Ostad Classes\\PHP_BATCH6\\M22_C3\\blog-project\\vendor\\laravel\\framework\\src\\Illuminate\\Pipeline\\Pipeline.php(169): Illuminate\\Foundation\\Http\\Kernel->Illuminate\\Foundation\\Http\\{closure}(Object(Illuminate\\Http\\Request))
#39 C:\\Users\\USER\\Desktop\\Ostad Classes\\PHP_BATCH6\\M22_C3\\blog-project\\vendor\\laravel\\framework\\src\\Illuminate\\Foundation\\Http\\Middleware\\TransformsRequest.php(21): Illuminate\\Pipeline\\Pipeline->Illuminate\\Pipeline\\{closure}(Object(Illuminate\\Http\\Request))
#40 C:\\Users\\USER\\Desktop\\Ostad Classes\\PHP_BATCH6\\M22_C3\\blog-project\\vendor\\laravel\\framework\\src\\Illuminate\\Foundation\\Http\\Middleware\\ConvertEmptyStringsToNull.php(31): Illuminate\\Foundation\\Http\\Middleware\\TransformsRequest->handle(Object(Illuminate\\Http\\Request), Object(Closure))
#41 C:\\Users\\USER\\Desktop\\Ostad Classes\\PHP_BATCH6\\M22_C3\\blog-project\\vendor\\laravel\\framework\\src\\Illuminate\\Pipeline\\Pipeline.php(208): Illuminate\\Foundation\\Http\\Middleware\\ConvertEmptyStringsToNull->handle(Object(Illuminate\\Http\\Request), Object(Closure))
#42 C:\\Users\\USER\\Desktop\\Ostad Classes\\PHP_BATCH6\\M22_C3\\blog-project\\vendor\\laravel\\framework\\src\\Illuminate\\Foundation\\Http\\Middleware\\TransformsRequest.php(21): Illuminate\\Pipeline\\Pipeline->Illuminate\\Pipeline\\{closure}(Object(Illuminate\\Http\\Request))
#43 C:\\Users\\USER\\Desktop\\Ostad Classes\\PHP_BATCH6\\M22_C3\\blog-project\\vendor\\laravel\\framework\\src\\Illuminate\\Foundation\\Http\\Middleware\\TrimStrings.php(51): Illuminate\\Foundation\\Http\\Middleware\\TransformsRequest->handle(Object(Illuminate\\Http\\Request), Object(Closure))
#44 C:\\Users\\USER\\Desktop\\Ostad Classes\\PHP_BATCH6\\M22_C3\\blog-project\\vendor\\laravel\\framework\\src\\Illuminate\\Pipeline\\Pipeline.php(208): Illuminate\\Foundation\\Http\\Middleware\\TrimStrings->handle(Object(Illuminate\\Http\\Request), Object(Closure))
#45 C:\\Users\\USER\\Desktop\\Ostad Classes\\PHP_BATCH6\\M22_C3\\blog-project\\vendor\\laravel\\framework\\src\\Illuminate\\Http\\Middleware\\ValidatePostSize.php(27): Illuminate\\Pipeline\\Pipeline->Illuminate\\Pipeline\\{closure}(Object(Illuminate\\Http\\Request))
#46 C:\\Users\\USER\\Desktop\\Ostad Classes\\PHP_BATCH6\\M22_C3\\blog-project\\vendor\\laravel\\framework\\src\\Illuminate\\Pipeline\\Pipeline.php(208): Illuminate\\Http\\Middleware\\ValidatePostSize->handle(Object(Illuminate\\Http\\Request), Object(Closure))
#47 C:\\Users\\USER\\Desktop\\Ostad Classes\\PHP_BATCH6\\M22_C3\\blog-project\\vendor\\laravel\\framework\\src\\Illuminate\\Foundation\\Http\\Middleware\\PreventRequestsDuringMaintenance.php(109): Illuminate\\Pipeline\\Pipeline->Illuminate\\Pipeline\\{closure}(Object(Illuminate\\Http\\Request))
#48 C:\\Users\\USER\\Desktop\\Ostad Classes\\PHP_BATCH6\\M22_C3\\blog-project\\vendor\\laravel\\framework\\src\\Illuminate\\Pipeline\\Pipeline.php(208): Illuminate\\Foundation\\Http\\Middleware\\PreventRequestsDuringMaintenance->handle(Object(Illuminate\\Http\\Request), Object(Closure))
#49 C:\\Users\\USER\\Desktop\\Ostad Classes\\PHP_BATCH6\\M22_C3\\blog-project\\vendor\\laravel\\framework\\src\\Illuminate\\Http\\Middleware\\HandleCors.php(48): Illuminate\\Pipeline\\Pipeline->Illuminate\\Pipeline\\{closure}(Object(Illuminate\\Http\\Request))
#50 C:\\Users\\USER\\Desktop\\Ostad Classes\\PHP_BATCH6\\M22_C3\\blog-project\\vendor\\laravel\\framework\\src\\Illuminate\\Pipeline\\Pipeline.php(208): Illuminate\\Http\\Middleware\\HandleCors->handle(Object(Illuminate\\Http\\Request), Object(Closure))
#51 C:\\Users\\USER\\Desktop\\Ostad Classes\\PHP_BATCH6\\M22_C3\\blog-project\\vendor\\laravel\\framework\\src\\Illuminate\\Http\\Middleware\\TrustProxies.php(58): Illuminate\\Pipeline\\Pipeline->Illuminate\\Pipeline\\{closure}(Object(Illuminate\\Http\\Request))
#52 C:\\Users\\USER\\Desktop\\Ostad Classes\\PHP_BATCH6\\M22_C3\\blog-project\\vendor\\laravel\\framework\\src\\Illuminate\\Pipeline\\Pipeline.php(208): Illuminate\\Http\\Middleware\\TrustProxies->handle(Object(Illuminate\\Http\\Request), Object(Closure))
#53 C:\\Users\\USER\\Desktop\\Ostad Classes\\PHP_BATCH6\\M22_C3\\blog-project\\vendor\\laravel\\framework\\src\\Illuminate\\Foundation\\Http\\Middleware\\InvokeDeferredCallbacks.php(22): Illuminate\\Pipeline\\Pipeline->Illuminate\\Pipeline\\{closure}(Object(Illuminate\\Http\\Request))
#54 C:\\Users\\USER\\Desktop\\Ostad Classes\\PHP_BATCH6\\M22_C3\\blog-project\\vendor\\laravel\\framework\\src\\Illuminate\\Pipeline\\Pipeline.php(208): Illuminate\\Foundation\\Http\\Middleware\\InvokeDeferredCallbacks->handle(Object(Illuminate\\Http\\Request), Object(Closure))
#55 C:\\Users\\USER\\Desktop\\Ostad Classes\\PHP_BATCH6\\M22_C3\\blog-project\\vendor\\laravel\\framework\\src\\Illuminate\\Http\\Middleware\\ValidatePathEncoding.php(26): Illuminate\\Pipeline\\Pipeline->Illuminate\\Pipeline\\{closure}(Object(Illuminate\\Http\\Request))
#56 C:\\Users\\USER\\Desktop\\Ostad Classes\\PHP_BATCH6\\M22_C3\\blog-project\\vendor\\laravel\\framework\\src\\Illuminate\\Pipeline\\Pipeline.php(208): Illuminate\\Http\\Middleware\\ValidatePathEncoding->handle(Object(Illuminate\\Http\\Request), Object(Closure))
#57 C:\\Users\\USER\\Desktop\\Ostad Classes\\PHP_BATCH6\\M22_C3\\blog-project\\vendor\\laravel\\framework\\src\\Illuminate\\Pipeline\\Pipeline.php(126): Illuminate\\Pipeline\\Pipeline->Illuminate\\Pipeline\\{closure}(Object(Illuminate\\Http\\Request))
#58 C:\\Users\\USER\\Desktop\\Ostad Classes\\PHP_BATCH6\\M22_C3\\blog-project\\vendor\\laravel\\framework\\src\\Illuminate\\Foundation\\Http\\Kernel.php(175): Illuminate\\Pipeline\\Pipeline->then(Object(Closure))
#59 C:\\Users\\USER\\Desktop\\Ostad Classes\\PHP_BATCH6\\M22_C3\\blog-project\\vendor\\laravel\\framework\\src\\Illuminate\\Foundation\\Http\\Kernel.php(144): Illuminate\\Foundation\\Http\\Kernel->sendRequestThroughRouter(Object(Illuminate\\Http\\Request))
#60 C:\\Users\\USER\\Desktop\\Ostad Classes\\PHP_BATCH6\\M22_C3\\blog-project\\vendor\\laravel\\framework\\src\\Illuminate\\Foundation\\Application.php(1219): Illuminate\\Foundation\\Http\\Kernel->handle(Object(Illuminate\\Http\\Request))
#61 C:\\Users\\USER\\Desktop\\Ostad Classes\\PHP_BATCH6\\M22_C3\\blog-project\\public\\index.php(20): Illuminate\\Foundation\\Application->handleRequest(Object(Illuminate\\Http\\Request))
#62 C:\\Users\\USER\\Desktop\\Ostad Classes\\PHP_BATCH6\\M22_C3\\blog-project\\vendor\\laravel\\framework\\src\\Illuminate\\Foundation\\resources\\server.php(23): require_once('C:\\\\Users\\\\USER\\\\D...')
#63 {main}

[previous exception] [object] (ErrorException(code: 0): Attempt to read property \"name\" on null at C:\\Users\\USER\\Desktop\\Ostad Classes\\PHP_BATCH6\\M22_C3\\blog-project\\storage\\framework\\views\\f828056aa17d1a723dcba5cf62408edb.php:60)
[stacktrace]
#0 C:\\Users\\USER\\Desktop\\Ostad Classes\\PHP_BATCH6\\M22_C3\\blog-project\\vendor\\laravel\\framework\\src\\Illuminate\\Foundation\\Bootstrap\\HandleExceptions.php(256): Illuminate\\Foundation\\Bootstrap\\HandleExceptions->handleError(2, 'Attempt to read...', 'C:\\\\Users\\\\USER\\\\D...', 60)
#1 C:\\Users\\USER\\Desktop\\Ostad Classes\\PHP_BATCH6\\M22_C3\\blog-project\\storage\\framework\\views\\f828056aa17d1a723dcba5cf62408edb.php(60): Illuminate\\Foundation\\Bootstrap\\HandleExceptions->Illuminate\\Foundation\\Bootstrap\\{closure}(2, 'Attempt to read...', 'C:\\\\Users\\\\USER\\\\D...', 60)
#2 C:\\Users\\USER\\Desktop\\Ostad Classes\\PHP_BATCH6\\M22_C3\\blog-project\\vendor\\laravel\\framework\\src\\Illuminate\\Filesystem\\Filesystem.php(123): require('C:\\\\Users\\\\USER\\\\D...')
#3 C:\\Users\\USER\\Desktop\\Ostad Classes\\PHP_BATCH6\\M22_C3\\blog-project\\vendor\\laravel\\framework\\src\\Illuminate\\Filesystem\\Filesystem.php(124): Illuminate\\Filesystem\\Filesystem::Illuminate\\Filesystem\\{closure}()
#4 C:\\Users\\USER\\Desktop\\Ostad Classes\\PHP_BATCH6\\M22_C3\\blog-project\\vendor\\laravel\\framework\\src\\Illuminate\\View\\Engines\\PhpEngine.php(57): Illuminate\\Filesystem\\Filesystem->getRequire('C:\\\\Users\\\\USER\\\\D...', Array)
#5 C:\\Users\\USER\\Desktop\\Ostad Classes\\PHP_BATCH6\\M22_C3\\blog-project\\vendor\\laravel\\framework\\src\\Illuminate\\View\\Engines\\CompilerEngine.php(74): Illuminate\\View\\Engines\\PhpEngine->evaluatePath('C:\\\\Users\\\\USER\\\\D...', Array)
#6 C:\\Users\\USER\\Desktop\\Ostad Classes\\PHP_BATCH6\\M22_C3\\blog-project\\vendor\\laravel\\framework\\src\\Illuminate\\View\\View.php(208): Illuminate\\View\\Engines\\CompilerEngine->get('C:\\\\Users\\\\USER\\\\D...', Array)
#7 C:\\Users\\USER\\Desktop\\Ostad Classes\\PHP_BATCH6\\M22_C3\\blog-project\\vendor\\laravel\\framework\\src\\Illuminate\\View\\View.php(191): Illuminate\\View\\View->getContents()
#8 C:\\Users\\USER\\Desktop\\Ostad Classes\\PHP_BATCH6\\M22_C3\\blog-project\\vendor\\laravel\\framework\\src\\Illuminate\\View\\View.php(160): Illuminate\\View\\View->renderContents()
#9 C:\\Users\\USER\\Desktop\\Ostad Classes\\PHP_BATCH6\\M22_C3\\blog-project\\storage\\framework\\views\\884a90fd78139ae33db5fa58a2c5bd27.php(59): Illuminate\\View\\View->render()
#10 C:\\Users\\USER\\Desktop\\Ostad Classes\\PHP_BATCH6\\M22_C3\\blog-project\\vendor\\laravel\\framework\\src\\Illuminate\\Filesystem\\Filesystem.php(123): require('C:\\\\Users\\\\USER\\\\D...')
#11 C:\\Users\\USER\\Desktop\\Ostad Classes\\PHP_BATCH6\\M22_C3\\blog-project\\vendor\\laravel\\framework\\src\\Illuminate\\Filesystem\\Filesystem.php(124): Illuminate\\Filesystem\\Filesystem::Illuminate\\Filesystem\\{closure}()
#12 C:\\Users\\USER\\Desktop\\Ostad Classes\\PHP_BATCH6\\M22_C3\\blog-project\\vendor\\laravel\\framework\\src\\Illuminate\\View\\Engines\\PhpEngine.php(57): Illuminate\\Filesystem\\Filesystem->getRequire('C:\\\\Users\\\\USER\\\\D...', Array)
#13 C:\\Users\\USER\\Desktop\\Ostad Classes\\PHP_BATCH6\\M22_C3\\blog-project\\vendor\\laravel\\framework\\src\\Illuminate\\View\\Engines\\CompilerEngine.php(74): Illuminate\\View\\Engines\\PhpEngine->evaluatePath('C:\\\\Users\\\\USER\\\\D...', Array)
#14 C:\\Users\\USER\\Desktop\\Ostad Classes\\PHP_BATCH6\\M22_C3\\blog-project\\vendor\\laravel\\framework\\src\\Illuminate\\View\\View.php(208): Illuminate\\View\\Engines\\CompilerEngine->get('C:\\\\Users\\\\USER\\\\D...', Array)
#15 C:\\Users\\USER\\Desktop\\Ostad Classes\\PHP_BATCH6\\M22_C3\\blog-project\\vendor\\laravel\\framework\\src\\Illuminate\\View\\View.php(191): Illuminate\\View\\View->getContents()
#16 C:\\Users\\USER\\Desktop\\Ostad Classes\\PHP_BATCH6\\M22_C3\\blog-project\\vendor\\laravel\\framework\\src\\Illuminate\\View\\View.php(160): Illuminate\\View\\View->renderContents()
#17 C:\\Users\\USER\\Desktop\\Ostad Classes\\PHP_BATCH6\\M22_C3\\blog-project\\vendor\\laravel\\framework\\src\\Illuminate\\Http\\Response.php(78): Illuminate\\View\\View->render()
#18 C:\\Users\\USER\\Desktop\\Ostad Classes\\PHP_BATCH6\\M22_C3\\blog-project\\vendor\\laravel\\framework\\src\\Illuminate\\Http\\Response.php(34): Illuminate\\Http\\Response->setContent(Object(Illuminate\\View\\View))
#19 C:\\Users\\USER\\Desktop\\Ostad Classes\\PHP_BATCH6\\M22_C3\\blog-project\\vendor\\laravel\\framework\\src\\Illuminate\\Routing\\Router.php(924): Illuminate\\Http\\Response->__construct(Object(Illuminate\\View\\View), 200, Array)
#20 C:\\Users\\USER\\Desktop\\Ostad Classes\\PHP_BATCH6\\M22_C3\\blog-project\\vendor\\laravel\\framework\\src\\Illuminate\\Routing\\Router.php(891): Illuminate\\Routing\\Router::toResponse(Object(Illuminate\\Http\\Request), Object(Illuminate\\View\\View))
#21 C:\\Users\\USER\\Desktop\\Ostad Classes\\PHP_BATCH6\\M22_C3\\blog-project\\vendor\\laravel\\framework\\src\\Illuminate\\Routing\\Router.php(807): Illuminate\\Routing\\Router->prepareResponse(Object(Illuminate\\Http\\Request), Object(Illuminate\\View\\View))
#22 C:\\Users\\USER\\Desktop\\Ostad Classes\\PHP_BATCH6\\M22_C3\\blog-project\\vendor\\laravel\\framework\\src\\Illuminate\\Pipeline\\Pipeline.php(169): Illuminate\\Routing\\Router->Illuminate\\Routing\\{closure}(Object(Illuminate\\Http\\Request))
#23 C:\\Users\\USER\\Desktop\\Ostad Classes\\PHP_BATCH6\\M22_C3\\blog-project\\vendor\\laravel\\framework\\src\\Illuminate\\Routing\\Middleware\\SubstituteBindings.php(50): Illuminate\\Pipeline\\Pipeline->Illuminate\\Pipeline\\{closure}(Object(Illuminate\\Http\\Request))
#24 C:\\Users\\USER\\Desktop\\Ostad Classes\\PHP_BATCH6\\M22_C3\\blog-project\\vendor\\laravel\\framework\\src\\Illuminate\\Pipeline\\Pipeline.php(208): Illuminate\\Routing\\Middleware\\SubstituteBindings->handle(Object(Illuminate\\Http\\Request), Object(Closure))
#25 C:\\Users\\USER\\Desktop\\Ostad Classes\\PHP_BATCH6\\M22_C3\\blog-project\\vendor\\laravel\\framework\\src\\Illuminate\\Foundation\\Http\\Middleware\\VerifyCsrfToken.php(87): Illuminate\\Pipeline\\Pipeline->Illuminate\\Pipeline\\{closure}(Object(Illuminate\\Http\\Request))
#26 C:\\Users\\USER\\Desktop\\Ostad Classes\\PHP_BATCH6\\M22_C3\\blog-project\\vendor\\laravel\\framework\\src\\Illuminate\\Pipeline\\Pipeline.php(208): Illuminate\\Foundation\\Http\\Middleware\\VerifyCsrfToken->handle(Object(Illuminate\\Http\\Request), Object(Closure))
#27 C:\\Users\\USER\\Desktop\\Ostad Classes\\PHP_BATCH6\\M22_C3\\blog-project\\vendor\\laravel\\framework\\src\\Illuminate\\View\\Middleware\\ShareErrorsFromSession.php(48): Illuminate\\Pipeline\\Pipeline->Illuminate\\Pipeline\\{closure}(Object(Illuminate\\Http\\Request))
#28 C:\\Users\\USER\\Desktop\\Ostad Classes\\PHP_BATCH6\\M22_C3\\blog-project\\vendor\\laravel\\framework\\src\\Illuminate\\Pipeline\\Pipeline.php(208): Illuminate\\View\\Middleware\\ShareErrorsFromSession->handle(Object(Illuminate\\Http\\Request), Object(Closure))
#29 C:\\Users\\USER\\Desktop\\Ostad Classes\\PHP_BATCH6\\M22_C3\\blog-project\\vendor\\laravel\\framework\\src\\Illuminate\\Session\\Middleware\\StartSession.php(120): Illuminate\\Pipeline\\Pipeline->Illuminate\\Pipeline\\{closure}(Object(Illuminate\\Http\\Request))
#30 C:\\Users\\USER\\Desktop\\Ostad Classes\\PHP_BATCH6\\M22_C3\\blog-project\\vendor\\laravel\\framework\\src\\Illuminate\\Session\\Middleware\\StartSession.php(63): Illuminate\\Session\\Middleware\\StartSession->handleStatefulRequest(Object(Illuminate\\Http\\Request), Object(Illuminate\\Session\\Store), Object(Closure))
#31 C:\\Users\\USER\\Desktop\\Ostad Classes\\PHP_BATCH6\\M22_C3\\blog-project\\vendor\\laravel\\framework\\src\\Illuminate\\Pipeline\\Pipeline.php(208): Illuminate\\Session\\Middleware\\StartSession->handle(Object(Illuminate\\Http\\Request), Object(Closure))
#32 C:\\Users\\USER\\Desktop\\Ostad Classes\\PHP_BATCH6\\M22_C3\\blog-project\\vendor\\laravel\\framework\\src\\Illuminate\\Cookie\\Middleware\\AddQueuedCookiesToResponse.php(36): Illuminate\\Pipeline\\Pipeline->Illuminate\\Pipeline\\{closure}(Object(Illuminate\\Http\\Request))
#33 C:\\Users\\USER\\Desktop\\Ostad Classes\\PHP_BATCH6\\M22_C3\\blog-project\\vendor\\laravel\\framework\\src\\Illuminate\\Pipeline\\Pipeline.php(208): Illuminate\\Cookie\\Middleware\\AddQueuedCookiesToResponse->handle(Object(Illuminate\\Http\\Request), Object(Closure))
#34 C:\\Users\\USER\\Desktop\\Ostad Classes\\PHP_BATCH6\\M22_C3\\blog-project\\vendor\\laravel\\framework\\src\\Illuminate\\Cookie\\Middleware\\EncryptCookies.php(74): Illuminate\\Pipeline\\Pipeline->Illuminate\\Pipeline\\{closure}(Object(Illuminate\\Http\\Request))
#35 C:\\Users\\USER\\Desktop\\Ostad Classes\\PHP_BATCH6\\M22_C3\\blog-project\\vendor\\laravel\\framework\\src\\Illuminate\\Pipeline\\Pipeline.php(208): Illuminate\\Cookie\\Middleware\\EncryptCookies->handle(Object(Illuminate\\Http\\Request), Object(Closure))
#36 C:\\Users\\USER\\Desktop\\Ostad Classes\\PHP_BATCH6\\M22_C3\\blog-project\\vendor\\laravel\\framework\\src\\Illuminate\\Pipeline\\Pipeline.php(126): Illuminate\\Pipeline\\Pipeline->Illuminate\\Pipeline\\{closure}(Object(Illuminate\\Http\\Request))
#37 C:\\Users\\USER\\Desktop\\Ostad Classes\\PHP_BATCH6\\M22_C3\\blog-project\\vendor\\laravel\\framework\\src\\Illuminate\\Routing\\Router.php(807): Illuminate\\Pipeline\\Pipeline->then(Object(Closure))
#38 C:\\Users\\USER\\Desktop\\Ostad Classes\\PHP_BATCH6\\M22_C3\\blog-project\\vendor\\laravel\\framework\\src\\Illuminate\\Routing\\Router.php(786): Illuminate\\Routing\\Router->runRouteWithinStack(Object(Illuminate\\Routing\\Route), Object(Illuminate\\Http\\Request))
#39 C:\\Users\\USER\\Desktop\\Ostad Classes\\PHP_BATCH6\\M22_C3\\blog-project\\vendor\\laravel\\framework\\src\\Illuminate\\Routing\\Router.php(750): Illuminate\\Routing\\Router->runRoute(Object(Illuminate\\Http\\Request), Object(Illuminate\\Routing\\Route))
#40 C:\\Users\\USER\\Desktop\\Ostad Classes\\PHP_BATCH6\\M22_C3\\blog-project\\vendor\\laravel\\framework\\src\\Illuminate\\Routing\\Router.php(739): Illuminate\\Routing\\Router->dispatchToRoute(Object(Illuminate\\Http\\Request))
#41 C:\\Users\\USER\\Desktop\\Ostad Classes\\PHP_BATCH6\\M22_C3\\blog-project\\vendor\\laravel\\framework\\src\\Illuminate\\Foundation\\Http\\Kernel.php(200): Illuminate\\Routing\\Router->dispatch(Object(Illuminate\\Http\\Request))
#42 C:\\Users\\USER\\Desktop\\Ostad Classes\\PHP_BATCH6\\M22_C3\\blog-project\\vendor\\laravel\\framework\\src\\Illuminate\\Pipeline\\Pipeline.php(169): Illuminate\\Foundation\\Http\\Kernel->Illuminate\\Foundation\\Http\\{closure}(Object(Illuminate\\Http\\Request))
#43 C:\\Users\\USER\\Desktop\\Ostad Classes\\PHP_BATCH6\\M22_C3\\blog-project\\vendor\\laravel\\framework\\src\\Illuminate\\Foundation\\Http\\Middleware\\TransformsRequest.php(21): Illuminate\\Pipeline\\Pipeline->Illuminate\\Pipeline\\{closure}(Object(Illuminate\\Http\\Request))
#44 C:\\Users\\USER\\Desktop\\Ostad Classes\\PHP_BATCH6\\M22_C3\\blog-project\\vendor\\laravel\\framework\\src\\Illuminate\\Foundation\\Http\\Middleware\\ConvertEmptyStringsToNull.php(31): Illuminate\\Foundation\\Http\\Middleware\\TransformsRequest->handle(Object(Illuminate\\Http\\Request), Object(Closure))
#45 C:\\Users\\USER\\Desktop\\Ostad Classes\\PHP_BATCH6\\M22_C3\\blog-project\\vendor\\laravel\\framework\\src\\Illuminate\\Pipeline\\Pipeline.php(208): Illuminate\\Foundation\\Http\\Middleware\\ConvertEmptyStringsToNull->handle(Object(Illuminate\\Http\\Request), Object(Closure))
#46 C:\\Users\\USER\\Desktop\\Ostad Classes\\PHP_BATCH6\\M22_C3\\blog-project\\vendor\\laravel\\framework\\src\\Illuminate\\Foundation\\Http\\Middleware\\TransformsRequest.php(21): Illuminate\\Pipeline\\Pipeline->Illuminate\\Pipeline\\{closure}(Object(Illuminate\\Http\\Request))
#47 C:\\Users\\USER\\Desktop\\Ostad Classes\\PHP_BATCH6\\M22_C3\\blog-project\\vendor\\laravel\\framework\\src\\Illuminate\\Foundation\\Http\\Middleware\\TrimStrings.php(51): Illuminate\\Foundation\\Http\\Middleware\\TransformsRequest->handle(Object(Illuminate\\Http\\Request), Object(Closure))
#48 C:\\Users\\USER\\Desktop\\Ostad Classes\\PHP_BATCH6\\M22_C3\\blog-project\\vendor\\laravel\\framework\\src\\Illuminate\\Pipeline\\Pipeline.php(208): Illuminate\\Foundation\\Http\\Middleware\\TrimStrings->handle(Object(Illuminate\\Http\\Request), Object(Closure))
#49 C:\\Users\\USER\\Desktop\\Ostad Classes\\PHP_BATCH6\\M22_C3\\blog-project\\vendor\\laravel\\framework\\src\\Illuminate\\Http\\Middleware\\ValidatePostSize.php(27): Illuminate\\Pipeline\\Pipeline->Illuminate\\Pipeline\\{closure}(Object(Illuminate\\Http\\Request))
#50 C:\\Users\\USER\\Desktop\\Ostad Classes\\PHP_BATCH6\\M22_C3\\blog-project\\vendor\\laravel\\framework\\src\\Illuminate\\Pipeline\\Pipeline.php(208): Illuminate\\Http\\Middleware\\ValidatePostSize->handle(Object(Illuminate\\Http\\Request), Object(Closure))
#51 C:\\Users\\USER\\Desktop\\Ostad Classes\\PHP_BATCH6\\M22_C3\\blog-project\\vendor\\laravel\\framework\\src\\Illuminate\\Foundation\\Http\\Middleware\\PreventRequestsDuringMaintenance.php(109): Illuminate\\Pipeline\\Pipeline->Illuminate\\Pipeline\\{closure}(Object(Illuminate\\Http\\Request))
#52 C:\\Users\\USER\\Desktop\\Ostad Classes\\PHP_BATCH6\\M22_C3\\blog-project\\vendor\\laravel\\framework\\src\\Illuminate\\Pipeline\\Pipeline.php(208): Illuminate\\Foundation\\Http\\Middleware\\PreventRequestsDuringMaintenance->handle(Object(Illuminate\\Http\\Request), Object(Closure))
#53 C:\\Users\\USER\\Desktop\\Ostad Classes\\PHP_BATCH6\\M22_C3\\blog-project\\vendor\\laravel\\framework\\src\\Illuminate\\Http\\Middleware\\HandleCors.php(48): Illuminate\\Pipeline\\Pipeline->Illuminate\\Pipeline\\{closure}(Object(Illuminate\\Http\\Request))
#54 C:\\Users\\USER\\Desktop\\Ostad Classes\\PHP_BATCH6\\M22_C3\\blog-project\\vendor\\laravel\\framework\\src\\Illuminate\\Pipeline\\Pipeline.php(208): Illuminate\\Http\\Middleware\\HandleCors->handle(Object(Illuminate\\Http\\Request), Object(Closure))
#55 C:\\Users\\USER\\Desktop\\Ostad Classes\\PHP_BATCH6\\M22_C3\\blog-project\\vendor\\laravel\\framework\\src\\Illuminate\\Http\\Middleware\\TrustProxies.php(58): Illuminate\\Pipeline\\Pipeline->Illuminate\\Pipeline\\{closure}(Object(Illuminate\\Http\\Request))
#56 C:\\Users\\USER\\Desktop\\Ostad Classes\\PHP_BATCH6\\M22_C3\\blog-project\\vendor\\laravel\\framework\\src\\Illuminate\\Pipeline\\Pipeline.php(208): Illuminate\\Http\\Middleware\\TrustProxies->handle(Object(Illuminate\\Http\\Request), Object(Closure))
#57 C:\\Users\\USER\\Desktop\\Ostad Classes\\PHP_BATCH6\\M22_C3\\blog-project\\vendor\\laravel\\framework\\src\\Illuminate\\Foundation\\Http\\Middleware\\InvokeDeferredCallbacks.php(22): Illuminate\\Pipeline\\Pipeline->Illuminate\\Pipeline\\{closure}(Object(Illuminate\\Http\\Request))
#58 C:\\Users\\USER\\Desktop\\Ostad Classes\\PHP_BATCH6\\M22_C3\\blog-project\\vendor\\laravel\\framework\\src\\Illuminate\\Pipeline\\Pipeline.php(208): Illuminate\\Foundation\\Http\\Middleware\\InvokeDeferredCallbacks->handle(Object(Illuminate\\Http\\Request), Object(Closure))
#59 C:\\Users\\USER\\Desktop\\Ostad Classes\\PHP_BATCH6\\M22_C3\\blog-project\\vendor\\laravel\\framework\\src\\Illuminate\\Http\\Middleware\\ValidatePathEncoding.php(26): Illuminate\\Pipeline\\Pipeline->Illuminate\\Pipeline\\{closure}(Object(Illuminate\\Http\\Request))
#60 C:\\Users\\USER\\Desktop\\Ostad Classes\\PHP_BATCH6\\M22_C3\\blog-project\\vendor\\laravel\\framework\\src\\Illuminate\\Pipeline\\Pipeline.php(208): Illuminate\\Http\\Middleware\\ValidatePathEncoding->handle(Object(Illuminate\\Http\\Request), Object(Closure))
#61 C:\\Users\\USER\\Desktop\\Ostad Classes\\PHP_BATCH6\\M22_C3\\blog-project\\vendor\\laravel\\framework\\src\\Illuminate\\Pipeline\\Pipeline.php(126): Illuminate\\Pipeline\\Pipeline->Illuminate\\Pipeline\\{closure}(Object(Illuminate\\Http\\Request))
#62 C:\\Users\\USER\\Desktop\\Ostad Classes\\PHP_BATCH6\\M22_C3\\blog-project\\vendor\\laravel\\framework\\src\\Illuminate\\Foundation\\Http\\Kernel.php(175): Illuminate\\Pipeline\\Pipeline->then(Object(Closure))
#63 C:\\Users\\USER\\Desktop\\Ostad Classes\\PHP_BATCH6\\M22_C3\\blog-project\\vendor\\laravel\\framework\\src\\Illuminate\\Foundation\\Http\\Kernel.php(144): Illuminate\\Foundation\\Http\\Kernel->sendRequestThroughRouter(Object(Illuminate\\Http\\Request))
#64 C:\\Users\\USER\\Desktop\\Ostad Classes\\PHP_BATCH6\\M22_C3\\blog-project\\vendor\\laravel\\framework\\src\\Illuminate\\Foundation\\Application.php(1219): Illuminate\\Foundation\\Http\\Kernel->handle(Object(Illuminate\\Http\\Request))
#65 C:\\Users\\USER\\Desktop\\Ostad Classes\\PHP_BATCH6\\M22_C3\\blog-project\\public\\index.php(20): Illuminate\\Foundation\\Application->handleRequest(Object(Illuminate\\Http\\Request))
#66 C:\\Users\\USER\\Desktop\\Ostad Classes\\PHP_BATCH6\\M22_C3\\blog-project\\vendor\\laravel\\framework\\src\\Illuminate\\Foundation\\resources\\server.php(23): require_once('C:\\\\Users\\\\USER\\\\D...')
#67 {main}
"} 
